id,clee,nom_estab,raz_social,codigo_act,nombre_act,per_ocu,tipo_vial,nom_vial,tipo_v_e_1,nom_v_e_1,tipo_v_e_2,nom_v_e_2,tipo_v_e_3,nom_v_e_3,numero_ext,letra_ext,edificio,edificio_e,numero_int,letra_int,tipo_asent,nomb_asent,tipoCenCom,nom_CenCom,num_local,cod_postal,cve_ent,entidad,cve_mun,municipio,cve_loc,localidad,ageb,manzana,telefono,correoelec,www,tipoUniEco,latitud,longitud,fecha_alta
2440396,15054622111000073000000000U0,ADMINISTRACION DE LA TORREMEDICA METEPEC,SERVICIOS MEDICOS QUIRURGICOS DE METEPEC SA DE CV,622111,Hospitales generales del sector privado,11 a 30 personas,CALLE,JOSEFA ORTIZ DE DOMINGUEZ,AVENIDA,BENITO JUAREZ,PRIVADA,NINGUNO,CALLE,MARIANO MATAMOROS,529.0,,MULTIMEDICA METEPEC,PISO 2,,,BARRIO,COAXUSTENCO,"HOSPITAL, CENTRO MEDICO O CLINICA",MULTIMEDICA METEPEC,SN,52140.0,15,México,54,Metepec,1,Metepec                                                                                                       ,0722,8,,MULTIMEDICAMETEPEC@YAHOO.COM,,Fijo,19.258971,-99.61570715,2014-12
7075520,15013622111000083000000000U5,ALFA MEDIC CLINICA DE ESPECIALIDADES,,622111,Hospitales generales del sector privado,6 a 10 personas,CALLE,ZAFIRO,CALLE,ESMERALDA,CALLE,AVENIDA BRILLANTE,PRIVADA,ESMERALDA,2.0,,,,0.0,,COLONIA,LOMAS LINDAS,,,,52497.0,15,México,13,Atizapán de Zaragoza,1,Ciudad López Mateos                                                                                           ,0999,12,,,,Fijo,19.57225494,-99.25547746,2019-11
8747774,15106622111000341000000000U9,ALFA MEDICA,,622111,Hospitales generales del sector privado,0 a 5 personas,BOULEVARD,MIGUEL ALEMAN VALDES AEROPUERTO,CALLE,NIÑOS HEROES,CALLE,CANALEJA,CALLE,CANALEJA,20.0,,,,28.0,L29,LOCALIDAD,SAN MIGUEL TOTOLTEPEC,,,,50225.0,15,México,106,Toluca,112,San Miguel Totoltepec                                                                                         ,2483,94,7223578015.0,UVA_ALFAMEDICA@HOTMAIL.COM,,Fijo,19.34078976,-99.58179728,2019-11
9427660,15058622311000402000058480S8,APEC ARAGON,ASOCIACION PARA EVITAR LA CEGUERA EN MEXICO,622311,Hospitales del sector privado de otras especialidades médicas,6 a 10 personas,CALLE,AVENIDA CENTRAL CARLOS HANK GONZÁLEZ,CALLE,BOULEVARD BOSQUES DE LOS CONTINENTES,CALLE,AVENIDA BOSQUES DE ASIA,CALLE,BOSQUE DE ARABIA,323.0,,,,,,COLONIA,FRACCIONAMIENTO BOSQUES DE ARAGON,CENTRO Y PLAZA COMERCIAL,MULTIPLAZA SAN JUAN,SN,57170.0,15,México,58,Nezahualcóyotl,1,Ciudad Nezahualcóyotl                                                                                         ,0219,20,,COMUNICACION@APEC.COM.MX,WWW.APEC.ORG.MX,Fijo,19.46881335,-99.05595518,2023-11
9466413,15121622311000212000058480S7,APEC CUAUTITLAN IZCALLI,ASOCIACION PARA EVITAR LA CEGUERA EN MEXICO,622311,Hospitales del sector privado de otras especialidades médicas,6 a 10 personas,AVENIDA,JORGE JIMÉNEZ CANTÚ,CALLE,TEOTIHUACÁN,AVENIDA,DE LOS REYES,AVENIDA,1O DE MAYO,24.0,MZ 24,,,,SA2,COLONIA,CENTRO URBANO,CENTRO Y PLAZA COMERCIAL,CENTRO COMERCIAL SORIANA MEGA IZCALLI,SA2,54730.0,15,México,121,Cuautitlán Izcalli,1,Cuautitlán Izcalli                                                                                            ,1443,38,,COMUNICACION@APEC.COM.MX,WWW.APEC.ORG.MX,Fijo,19.64714645,-99.20471728,2023-11
9401731,15033622311000352000058480S8,APEC LAS AMERICAS,ASOCIACION PARA EVITAR LA CEGUERA EN MEXICO,622311,Hospitales del sector privado de otras especialidades médicas,6 a 10 personas,AVENIDA,CENTRAL,AVENIDA,INSURGENTES,CALLE,NINGUNO,AVENIDA,PASEO DE LAS AMERICAS,,MANZANA 4,PLAZA LAS AMERICAS,PLANTA BAJA,,,COLONIA,FRACCIONAMIENTO LAS AMERICAS,CENTRO Y PLAZA COMERCIAL,PLAZA LAS AMERICAS,SN,55076.0,15,México,33,Ecatepec de Morelos,1,Ecatepec de Morelos                                                                                           ,4941,4,,COMUNICACION@APEC.COM.MX,WWW.APEC.ORG.MX,Fijo,19.57988215,-99.02352671,2023-11
9451214,15020622311000122000058480S2,APEC LAS FLORES,ASOCIACION PARA EVITAR LA CEGUERA EN MEXICO,622311,Hospitales del sector privado de otras especialidades médicas,6 a 10 personas,CALLE,VÍA JOSÉ LÓPEZ PORTILLO,BOULEVARD,COACALCO,CALLE,NINGUNO,PRIVADA,SANTA ALICIA,105.0,,,,,,COLONIA,ZACAUTITLA,CENTRO Y PLAZA COMERCIAL,PLAZA LAS FLORES,SN,55700.0,15,México,20,Coacalco de Berriozábal,1,San Francisco Coacalco                                                                                        ,0160,1,,COMUNICACION@APEC.COM.MX,WWW.APEC.ORG.MX,Fijo,19.63395884,-99.09660651,2023-11
9406147,15104622311000222000058480S2,APEC VALLE DORADO,ASOCIACION PARA EVITAR LA CEGUERA EN MEXICO,622311,Hospitales del sector privado de otras especialidades médicas,6 a 10 personas,BOULEVARD,MANUEL ÁVILA CAMACHO (AUTOPISTA MÉXICO-QUERÉTARO),CALLE,POPOCATÉPETL,BOULEVARD,DE LOS CONTINENTES,CALLE,ATENAS,3227.0,,,,,,COLONIA,FRACCIONAMIENTO VALLE DORADO,CENTRO Y PLAZA COMERCIAL,MULTIPLAZA VALLE DORADO,SN,54020.0,15,México,104,Tlalnepantla de Baz,1,Tlalnepantla                                                                                                  ,029A,19,,COMUNICACION@APEC.COM.MX,WWW.APEC.ORG.MX,Fijo,19.54989481,-99.20871635,2023-11
10141354,15033622311000381000000000U7,ATENCION MEDICA GINECOLOGICA Y PEDIATRICA,,622311,Hospitales del sector privado de otras especialidades médicas,0 a 5 personas,CALLE,ATLAUTENCO,CALLE,GARBANZO,CERRADA,NINGUNO,CALLE,LA CALABAZA,,SN,,,,,COLONIA,SAN ISIDRO ATLAUTENCO,,,,55064.0,15,México,33,Ecatepec de Morelos,1,Ecatepec de Morelos                                                                                           ,3905,4,5559587357.0,,,Fijo,19.61038891,-98.99310354,2024-11
2403936,15060621113000092001000000U4,BEGUSA ESPECIALIDADES MEDICAS,BEGUSA ESPECIALIDADES MEDICAS AC,622311,Hospitales del sector privado de otras especialidades médicas,31 a 50 personas,AVENIDA,CARRETERA ATIZAPAN NICOLAS ROMERO,PRIVADA,NINGUNO,CALLE,MOCTEZUMA,CALLE,24 DE FEBRERO,81.0,,,,,,COLONIA,FRANCISCO SARABIA SEGUNDA SECCION,,,,54473.0,15,México,60,Nicolás Romero,1,Ciudad Nicolás Romero                                                                                         ,1060,35,,CLINICA_BG@HOTMAIL.COM,,Fijo,19.59647675,-99.2838701,2010-07
9774655,15082622311000061000000000U2,BERAKA CLINICA DE DISPLACIAS,,622311,Hospitales del sector privado de otras especialidades médicas,0 a 5 personas,CALLE,NINGUNO,CALLE,REVOLUCION,CALLE,REVOLUCION,CALLE,REVOLUCION,0.0,SN,,,,,COLONIA,DEL SOL,,,,51412.0,15,México,82,Tejupilco,1,Tejupilco de Hidalgo                                                                                          ,0430,62,,,,Fijo,18.89776224,-100.14453438,2024-11
10021008,15035622112000091000000000U9,CAFETERIA HOSPITAL SEDENA,,622112,Hospitales generales del sector público,0 a 5 personas,CALLE,NINGUNO,PRIVADA,NINGUNO,CALLE,NINGUNO,CALLE,NINGUNO,0.0,SN,,,,,ZONA MILITAR,SAN MIGUEL DE LOS JAGUEYES,,,,54697.0,15,México,35,Huehuetoca,28,Unidad San Miguel Jagüeyes                                                                                    ,0271,2,,,,Semifijo,19.8204836,-99.2838442,2024-11
2101100,15058622112000033000000000U3,CAPASITS NEZAHUALCOYOTL,EL GOBIERNO ,622112,Hospitales generales del sector público,11 a 30 personas,CALLE,NORTE 3,CALLE,PONIENTE 21,CALLE,PONIENTE 25,CALLE,ESCONDIDA,0.0,SN,,,,SN,COLONIA,LA PERLA,,,,57820.0,15,México,58,Nezahualcóyotl,1,Ciudad Nezahualcóyotl                                                                                         ,1062,20,5551131920.0,,,Fijo,19.38640284,-98.99057735,2010-07
10909061,15051622311000051000000000U8,CARDIOLOGIA,CARDIOLOGIA  AC,622311,Hospitales del sector privado de otras especialidades médicas,0 a 5 personas,CALLE,NINGUNO,CALLE,PASEO TOLLOCAN,BOULEVARD,MIGUEL ALEMAN (AEROPUERTO),AVENIDA,INDUSTRIA AUTOMOTRIZ,57.0,,N,PISO 1,,,COLONIA,EMILIANO ZAPATA,PARQUE INDUSTRIAL,PARQUE INDUSTRIAL LERMA TOLUCA,SN,52004.0,15,México,51,Lerma,1,Lerma de Villada                                                                                              ,0472,2,,,,Fijo,19.29262132,-99.55594018,2024-11
7067075,15031622112000163000000000U5,CDC DE SANTA CRUZ,,622112,Hospitales generales del sector público,6 a 10 personas,CALLE,EJIDO COLECTIVO,CALLE,APANTLI,CALLE,PLUTARCO GONZALEZ PLIEGO,CALLE,PLUTARCO GONZALEZ PLIEGO,0.0,SN,,,,,COLONIA,SANTA CRUZ,,,,56366.0,15,México,31,Chimalhuacán,1,Chimalhuacán                                                                                                  ,0959,24,,,,Fijo,19.43059667,-98.98338491,2019-11
2224721,15013622112000062000000000U7,CDC O UNIDAD PERIFERICO DEL JARALDIF ATIZAPAN DE ZARAGOZA,GOBIERNO DEL ESTADO DE MEXICO ,622112,Hospitales generales del sector público,0 a 5 personas,CALLE,PRIMAVERA,CALLE,AVENIDA TECOLOAPAN,CALLE,PRIMAVERA,CALLE,AZALEA,0.0,SN,,,0.0,,COLONIA,SAN JOSE DEL JARAL 1,,,,52924.0,15,México,13,Atizapán de Zaragoza,1,Ciudad López Mateos                                                                                           ,1427,19,,,,Fijo,19.59473737,-99.21825512,2014-12
7120419,15028622312000015000000000U9,CEAPS,CEAPS ,622312,Hospitales del sector público de otras especialidades médicas,31 a 50 personas,CALLE,ESCOLAR 2 DE MARZO,CARRETERA,CARRETERA DEL TRABAJO,CIRCUITO,ESCOLAR 2 DE MARZO,CALLE,IGNACIO ZARAGOZA,,SN,,,,,LOCALIDAD,CHIAUTLA,,,,56030.0,15,México,28,Chiautla,1,Chiautla                                                                                                      ,0116,15,,CEAPS_CHIAUTLA@OUTLOOK.COM,,Fijo,19.54563895,-98.88073423,2019-11
2270070,15081622112000063001000000U2,CEAPS CENTRO ESPECIALIZADO DE ATENCION PRIMARIA A LA SALUD,CENTRO ESPECIALIZADO DE ATENCION PRIMARIA A LA SALUD ,622112,Hospitales generales del sector público,51 a 100 personas,CALLE,BOSQUES DE ALAMOS,CALLE,BOSQUE DE CEDROS,CALLE,BOSQUE DE LOS CEDROS,CALLE,BOSQUE DE LOS CIPRESES,0.0,SN,,,,,COLONIA,HEROES TECAMAC II,,,,55764.0,15,México,81,Tecámac,19,Ojo de Agua                                                                                                   ,1126,19,,,WWW.CEAPSHEROETECAMAC.ORG,Fijo,19.62660266,-99.04262361,2014-12
2084731,15016622112000024000000000U0,CEAPS CENTRO ESPECIALIZADO EN ATENCION PRIMARIA A LA SALUD,SECRETARIA DE SALUD ,622112,Hospitales generales del sector público,6 a 10 personas,CALLE,GREGORIO AGUILAR,CALLE,NINGUNO,CALLE,BENITO JUAREZ,CALLE,GREGORIO AGUILAR,,SN,,,,,PUEBLO,AXAPUSCO,,,,55940.0,15,México,16,Axapusco,1,Axapusco                                                                                                      ,0219,31,,,,Fijo,19.73017152,-98.75741625,2010-07
1965877,15022622112000015001000000U6,CEAPS COCOTITLAN,GOBIERNO ,622112,Hospitales generales del sector público,31 a 50 personas,CALLE,BUENAVISTA,CALLE,AGUILA,CALLE,BRAVO,CALLE,20 DE NOVIEMBRE,,SN,,,,SN,BARRIO,TECHICHILCO,,,,56680.0,15,México,22,Cocotitlán,1,Cocotitlán                                                                                                    ,0057,19,,,,Fijo,19.23426462,-98.86553253,2010-07
2175086,15044622112000023000000000U4,CEAPS JALTENCO ALBORADA,GOBIERNO DEL ESTADO DE MEXICO ISSSEM ,622112,Hospitales generales del sector público,11 a 30 personas,CALLE,SOR JUANA INES DE LA CRUZ,CALLE,MARIANO AZUELA,PRIVADA,NINGUNO,CALLE,NO APLICA,0.0,SN,,,,,COLONIA,PROVIVIENDA JALTENCO,,,,55780.0,15,México,44,Jaltenco,20,Alborada Jaltenco                                                                                             ,0158,4,5558978088.0,ALBORADACEAP@GMAIL.COM,,Fijo,19.6587989,-99.06662105,2010-07
2268684,15081622112000054000000000U1,CEAPS LOMAS TECAMAC CENTRO ESPEZIALIZADO DE ATENCION PRIMARIA A LA SALUD,INSTITUTO DE SALUD DEL ESTADO DE MEXICO ,622112,Hospitales generales del sector público,51 a 100 personas,CALLE,VICENTE SUAREZ,CALLE,LUIS DONALDO COLOSIO RIOJAS,CALLE,AZUCENAS,CALLE,VICENTE SUAREZ,0.0,SN,,,,,COLONIA,LOMAS DE TECAMAC,,,,55765.0,15,México,81,Tecámac,98,Fraccionamiento Social Progresivo Santo Tomás Chiconautla                                                     ,0895,14,,,,Fijo,19.65701063,-98.99314606,2014-12
2061942,15011622112000034000000000U0,CEAPS SAN SALVADOR ATENCO,CEAPS ATENCO ,622112,Hospitales generales del sector público,51 a 100 personas,AVENIDA,PARQUE NACIONAL,CALLE,NACIONAL,CALLE,DEPORTIVA,CALLE,PARQUE EL CONTADOR,,SN,,,0.0,,PUEBLO,SAN SALVADOR ATENCO,,,,56300.0,15,México,11,Atenco,1,San Salvador Atenco                                                                                           ,0068,41,5959534679.0,,,Fijo,19.54657829,-98.91417364,2010-07
2496296,15101622112000065000000000U3,CEAPS SANTIAGO TIANGUISTENCO,SECRETARIA DE SALUD GOBIERNO DEL ESTADO DE MEXICO ,622112,Hospitales generales del sector público,6 a 10 personas,CALLE,AVENIDA DEL MAESTRO,CALLE,VICTORIANO GONZALEZ,CALLE,ADOLFO LOPEZ MATEOS,CALLE,DON CATARINO GONZALEZ BENITEZ,0.0,SN,,,0.0,,LOCALIDAD,SANTIAGO TIANGUISTENCO DE GALEANA,,,,52600.0,15,México,101,Tianguistenco,1,Santiago Tianguistenco de Galeana                                                                             ,0156,30,,CEAPSANTIAGOTTCO@LIVE.COM.MX,,Fijo,19.17562577,-99.46587653,2010-07
2378946,15103622112000015001000000U4,CEAPS TLALMANALCO ISEM,GOBIERNO ESTATAL ,622112,Hospitales generales del sector público,51 a 100 personas,AVENIDA,EL MIRADOR,CALLE,CRUZ DE MAYO,CALLE,EMPEDRADILLO,CALLE,CEDRO,40.0,,,,0.0,SN,COLONIA,CENTRO,,,,56700.0,15,México,103,Tlalmanalco,1,Tlalmanalco de Velázquez                                                                                      ,0061,2,5979999999.0,,,Fijo,19.20671204,-98.79789519,2014-12
7797207,15005622111000022000000000U9,CEMED SAN JOSE,,622111,Hospitales generales del sector privado,6 a 10 personas,PRIVADA,NINGUNO,PRIVADA,NINGUNO,PRIVADA,NINGUNO,PRIVADA,NINGUNO,0.0,SN,,,,,LOCALIDAD,LA CABECERA,,,,50904.0,15,México,5,Almoloya de Juárez,4,La Cabecera                                                                                                   ,0215,7,7251365756.0,,,Fijo,19.35736086,-99.75214451,2019-11
2303267,15033622112000224001000000U1,CENTRAL DE AMBULANCIAS BASE GOBERNADORA,PROTECCION CIVIL ,622112,Hospitales generales del sector público,11 a 30 personas,OTRO(ESPECIFIQUE),MANZANA O EDIFICACION CONTIGUA,AVENIDA,MEXICO,CALLE,AVENIDA FUENTES,CIRCUITO,FUENTES,0.0,SN,,,0.0,,CONJUNTO HABITACIONAL,UNIDAD HABITACIONAL LAS FUENTES ECATEPEC,,,,55404.0,15,México,33,Ecatepec de Morelos,1,Ecatepec de Morelos                                                                                           ,4871,46,5551164415.0,,,Fijo,19.56543156,-99.04027258,2014-12
8761427,15054622111000084000000000U7,CENTRAL MEDICO QUIRURGICA LAS PALMAS,CENTRAL MEDICO QUIRURGICA LAS PALMAS SA DE CV,622111,Hospitales generales del sector privado,51 a 100 personas,AVENIDA,LAS PALMAS,CALLE,TOLUCA TENANGO,CALLE,NINGUNO,CERRADA,DE UNIROYAL,540.0,,,,19.0,,LOCALIDAD,SAN JORGE PUEBLO NUEVO,,,,52166.0,15,México,54,Metepec,38,San Jorge Pueblo Nuevo                                                                                        ,1097,6,,CMQLASPALMAS@HOTMAIL.COM,,Fijo,19.24855125,-99.61635684,2019-11
2394371,15106622111000133001000000U0,CENTRAL QUIRURGICA DE TOLUCA,ALBERTO CARLOS VILCHIS CANALES SC,622111,Hospitales generales del sector privado,11 a 30 personas,AVENIDA,SEBASTIAN LERDO DE TEJADA,CALLE,COYOTZIN,CALLE,GENERAL AGUSTIN MILLAN,CALLE,COYOTZIN,684.0,,,,,,COLONIA,ELECTRICISTAS,,,,50040.0,15,México,106,Toluca,1,Toluca de Lerdo                                                                                               ,042A,9,7222151818.0,CENTRALQUIRURGICADETOLUCA@HOTMAIL.COM,,Fijo,19.29031148,-99.67107202,2010-07
7475828,15040621113000231000000000U0,CENTRAL QUIRURGICA IXTAPAN,,622311,Hospitales del sector privado de otras especialidades médicas,0 a 5 personas,CALLE,INDEPENDENCIA,CALLE,FLORES MAGON,CALLE,VICENTE GUERRERO,CALLE,20 DE NOVIEMBRE,7.0,,,,,,COLONIA,CENTRO,,,,51900.0,15,México,40,Ixtapan de la Sal,1,Ixtapan de la Sal                                                                                             ,0110,9,7224748344.0,,,Fijo,18.84443294,-99.67533638,2019-11
2499175,15106622111000234000000000U6,CENTRAL QUIRURGICA SAN RICARDO,CENTRAL QUIRURGICA SAN RICARDO SA DE CV,622111,Hospitales generales del sector privado,11 a 30 personas,BOULEVARD,ISIDRO FABELA,CALLE,NEZAHUALCOYOTL,CALLE,VALENTIN GOMEZ FARIAS,CALLE,FERNANDO MORENO,609.0,,,,0.0,,BARRIO,SAN SEBASTIAN Y VERTICE,,,,50150.0,15,México,106,Toluca,1,Toluca de Lerdo                                                                                               ,0468,36,,HOSPITALSANRICARDO6@GMAIL.COM,,Fijo,19.28491318,-99.64152779,2010-07
2408038,15088622111000033001000000U2,CENTRAL QUIRURGICA TENANCINGO,CENTRAL QUIRURGICA TENANCINGO SA DE CV,622111,Hospitales generales del sector privado,31 a 50 personas,CALLE,MATAMOROS NORTE,CALLE,NEZAHUALCOYOTL ORIENTE,CALLE,MOCTEZUMA ORIENTE,CALLE,PASEO DE LOS INSURGENTES,306.0,,CENTRAL QUIRURGICA TENANCINGO,PISO 1,0.0,,COLONIA,COLONIA CENTRO,"HOSPITAL, CENTRO MEDICO O CLINICA",CENTRAL QUIRURGICA TENANCINGO,306,52400.0,15,México,88,Tenancingo,1,Tenancingo de Degollado                                                                                       ,0063,20,,CQT.ADMON@GMAIL.COM,,Fijo,18.96512365,-99.58805832,2010-07
9907008,15033622311000371000000000U8,CENTRO COLPOSCOPICO,,622311,Hospitales del sector privado de otras especialidades médicas,0 a 5 personas,AVENIDA,MEXICO,CALLE,CERRADA SAN JOSE,CALLE,CAMINO A LA VIGA,ANDADOR,D,,SN,,,,,COLONIA,RENOVACION JAJALPA,,,,55040.0,15,México,33,Ecatepec de Morelos,1,Ecatepec de Morelos                                                                                           ,0173,29,,,,Fijo,19.59157938,-99.03807514,2024-11
8747709,15106622112000483000000000U7,CENTRO DE ATENCION INTEGRAL PARA LA FAMILIA,GOBIERNO MUNICIPAL DE TOLUCA DE LERDO ,622112,Hospitales generales del sector público,11 a 30 personas,AVENIDA,LOS EBANOS,CALLE,ABETOS,PRIVADA,CASTAÑOS,AVENIDA,ENCINOS,0.0,SN,,,,,CONJUNTO HABITACIONAL,SAUCES I,,,,50210.0,15,México,106,Toluca,235,Sauces                                                                                                        ,4507,7,,,,Fijo,19.35626488,-99.59783373,2019-11
9092017,15042622111000041000000000U2,CENTRO DE ATENCION MEDICA ESPECIALIZADA,,622111,Hospitales generales del sector privado,0 a 5 personas,CALLE,NINGUNO,CALLE,NINGUNO,CALLE,NINGUNO,CALLE,NINGUNO,0.0,SN,,,,,LOCALIDAD,SAN PEDRO LA CABECERA,,,,50783.0,15,México,42,Ixtlahuaca,29,San Pedro la Cabecera                                                                                         ,0399,8,,,,Fijo,19.56864847,-99.75432875,2019-11
2033045,15031622112000011000000000U6,CENTRO DE ATENCION PARA LAS ENFERMEDADES DE LA MUJER Y SU PAREJA,DIF MUNICIPAL DE CHIMALHUACAN ,622112,Hospitales generales del sector público,6 a 10 personas,AVENIDA,GREGORIO MELERO,AVENIDA,DE LAS TORRES,AVENIDA,AGRARISMO,CALLE,LAS PERAS,0.0,SN,,,,,BARRIO,SARAPEROS,,,,56353.0,15,México,31,Chimalhuacán,1,Chimalhuacán                                                                                                  ,0554,31,,POLICLINICA.DIF.CHIMALHUACAN@GMAIL.COM,,Fijo,19.41723451,-98.983821,2010-07
11129241,15033622112000337000000000U1,CENTRO DE COPIADO SIN NOMBRE,IMSS CLINICA 76 ,622112,Hospitales generales del sector público,251 y más personas,CARRETERA,MEXICO PACHUCA,RETORNO,NINGUNO,CALLE,IGNACIO LOPEZ RAYON,CALLE,BENITO JUAREZ,0.0,SN,,,,SN,COLONIA,SAN PEDRO XALOSTOC,,,,55310.0,15,México,33,Ecatepec de Morelos,1,Ecatepec de Morelos                                                                                           ,103A,36,,,,Fijo,19.52661062,-99.08265224,2024-11
8203644,15031622112000153000000000U6,CENTRO DE DESARROLLO COMUNITARIO MORELOS,,622112,Hospitales generales del sector público,11 a 30 personas,AVENIDA,JOSE MARIA MORELOS,CALLE,PROLONGACION 5 DE MAYO,PRIVADA,NINGUNO,AVENIDA,JOSE MARIA MORELOS,0.0,SN,,,0.0,,BARRIO,SAN PABLO,,,,56334.0,15,México,31,Chimalhuacán,1,Chimalhuacán                                                                                                  ,0179,75,,,,Fijo,19.42216018,-98.95709369,2019-11
2345645,15031622112000072001000000U8,CENTRO DE DESARROLLO COMUNITARIO SAN LORENZO PARTE ALTA,GOBIERNO MUNICIPAL ,622112,Hospitales generales del sector público,11 a 30 personas,PRIVADA,NINGUNO,CERRADA,YETICA PIRULES,PRIVADA,NINGUNO,CERRADA,CHIMALPOPOCA,16.0,,,,,SN,COLONIA,SAN LORENZO PARTE ALTA,,,,56340.0,15,México,31,Chimalhuacán,1,Chimalhuacán                                                                                                  ,0893,26,,,,Fijo,19.40230353,-98.96500833,2014-12
10555977,15020622111000113000000000U5,CENTRO DE ESPECIALIDADES MEDICAS COACALCO,CENTRO DE ESPECIALIDADES MEDICAS COACALCO SA DE CV,622111,Hospitales generales del sector privado,11 a 30 personas,BOULEVARD,COACALCO,CALLE,AYACAHUITES,AVENIDA,DALIAS,CALLE,MORERAS,137.0,,CENTRO DE ESPECIALIDADES MEDICAS COACALCO,PISO 1,,,COLONIA,VILLA DE LAS FLORES,"HOSPITAL, CENTRO MEDICO O CLINICA",CENTRO DE ESPECIALIDADES MEDICAS COACALCO,SN,55710.0,15,México,20,Coacalco de Berriozábal,1,San Francisco Coacalco                                                                                        ,0156,1,,ADM.-CEMC@HOTMAIL.COM,,Fijo,19.64181059,-99.09821384,2024-11
2534575,15087622311000013001000000U2,CENTRO DE ESPECIALIDADES MEDICAS TEMOAYA ,JORGE AUGUSTO TELLEZ DIAZ TRUJILLO SA DE CV,622311,Hospitales del sector privado de otras especialidades médicas,11 a 30 personas,CALLE,SAN JUAN,PROLONGACION,REFORMA,AVENIDA,GENERAL LAZARO CARDENAS,CALLE,MELCHOR OCAMPO,0.0,SN,,,,,LOCALIDAD,TEMOAYA,,,,50850.0,15,México,87,Temoaya,1,Temoaya                                                                                                       ,0070,8,,,,Fijo,19.46550277,-99.59483367,2010-07
2076508,15099622311000093000000000U9,CENTRO DE ESPECIALIDADES MEDICO QUIRURJICAS,,622311,Hospitales del sector privado de otras especialidades médicas,11 a 30 personas,CALLE,MAGNOLIA,CALLE,MANUEL GONZALEZ,DIAGONAL,DE MORELOS,CALLE,ROSAS,2.0,,,,0.0,,COLONIA,VALLE DE SANTA CRUZ,,,,56120.0,15,México,99,Texcoco,1,Texcoco de Mora                                                                                               ,0781,11,,,,Fijo,19.51645635,-98.8728977,2010-07
7691301,15057622112000135000000000U8,CENTRO DE ESPECIALIZACIONES DE ATENCION PRIMARIAS A LA SALUD NICOLAS BRAVO,INSTITUTO DE SALUD DEL ESTADO DE MEXICO ,622112,Hospitales generales del sector público,51 a 100 personas,AVENIDA,GIRASOL,CALLE,ALDAMA,CERRADA,GIRASOL,CERRADA,NINGUNO,0.0,SN,,,,,COLONIA,HUERTAS MERCADO PRIMERA SECCION,,,,53427.0,15,México,57,Naucalpan de Juárez,1,Naucalpan de Juárez                                                                                           ,1652,1,,,,Fijo,19.46998275,-99.27092673,2019-11
11101563,15104622112000253000000000U9,CENTRO DE SALUD CARACOLES,DEPARTAMENTO DE GOBIERNO ,622112,Hospitales generales del sector público,11 a 30 personas,CALLE,CERRO DE LAS CRUCES,CALLE,SEGUNDA CERRADA CERRO DE LAS CRUCES,CALLE,CERRO DEL JARAL,CALLE,CERRO IZTACCIHUATL,90.0,,,,,,COLONIA,DOCTOR JORGE JIMENEZ CANTU,,,,54190.0,15,México,104,Tlalnepantla de Baz,1,Tlalnepantla                                                                                                  ,1283,11,,CCSTLALNE@HOTMAIL.COM,,Fijo,19.53241228,-99.09209635,2024-11
11190434,15029622112000042000000000U5,CENTRO DE SALUD EJERCITO DEL TRABAJO,SECRETARIA DE SALUD ,622112,Hospitales generales del sector público,0 a 5 personas,CALLE,AVENIDA SALTO DEL AGUA,CALLE,AVENIDA DEL FERROCARRIL,CERRADA,PRIMERA CERRADA SALTO DEL AGUA,CALLE,AVENIDA CARLOS HANK GONZALEZ,0.0,SN,,,,,COLONIA,EJERCITO DEL TRABAJO,,,,56390.0,15,México,29,Chicoloapan,1,Chicoloapan de Juárez                                                                                         ,0081,6,,,,Fijo,19.40241496,-98.92923446,2024-11
10126893,15060622112000072000000000U7,CENTRO DE SALUD HURBANO QUITO BARRIO,ISEM ,622112,Hospitales generales del sector público,6 a 10 personas,AVENIDA,FRANCISCO VILLA,AVENIDA,FRANCISCO VILLA,CALLE,NINGUNO,CALLE,NINGUNO,0.0,SN,,,,,EJIDO,QUINTO BARRIO,,,,54430.0,15,México,60,Nicolás Romero,3,Quinto Barrio (Ejido Cahuacán)                                                                                ,0414,15,,,,Fijo,19.62367154,-99.41649078,2024-11
1982681,15039622111000043001000000U4,CENTRO DE SALUD SAN FRANCISCO ACUATLA,,622111,Hospitales generales del sector privado,31 a 50 personas,CALLE,A LA VIRGEN,CALLE,MIGUEL HIDALGO Y COSTILLA,CERRADA,NIÑOS HEROES,CALLE,A LA VIRGEN,0.0,SN,,,,,COLONIA,TEJALPA,,,,56588.0,15,México,39,Ixtapaluca,12,San Francisco Acuautla                                                                                        ,0798,21,,,,Fijo,19.34752096,-98.8544563,2010-07
10522888,15072622112000022000000000U7,CENTRO DE SALUD SAN GASPAR,CENTRO DE SALUD SAN GASPAR ,622112,Hospitales generales del sector público,6 a 10 personas,CALLE,GUSTAVO BAZ,CALLE,HERMENEGILDO GALEANA,CALLE,HORTELANOS,CALLE,3 CJON GALEANA ORIENTE,211.0,,,,,,LOCALIDAD,SANTIAGUITO COAXUXTENCO,,,,52320.0,15,México,72,Rayón,17,Ex-Hacienda Santiaguito                                                                                       ,0114,12,,,,Fijo,19.12443401,-99.58146394,2024-11
7465867,15085622112000053000000000U4,CENTRO DE SALUD URBANO TEMASCALCINGO DE JOSE MARIA VELASCO,INSTITUTO DE SALUD DEL ESTADO DE MEXICO ,622112,Hospitales generales del sector público,31 a 50 personas,CALLE,SOR JUANA INES DE LA CRUZ,PRIVADA,GUADALUPE VICTORIA,CALLE,NINGUNO,CALLE,FRANCISCO I MADERO,,SN,,,,,BARRIO,PUENTE,,,,50415.0,15,México,85,Temascalcingo,1,Temascalcingo de José María Velasco                                                                           ,0413,2,,,,Fijo,19.91230212,-100.01763105,2019-11
10801306,15011622112000053000000000U0,CENTRO DE SALUD ZAPOTLAN,GOBIERNO DEL ESTADO DE MEXICO ,622112,Hospitales generales del sector público,11 a 30 personas,PRIVADA,NINGUNO,CALLE,NINGUNO,CALLE,NINGUNO,CALLE,NINGUNO,0.0,SN,,,,,COLONIA,ZAPOTLAN ATENCO,,,,56300.0,15,México,11,Atenco,5,Zapotlán                                                                                                      ,0015,11,,,,Fijo,19.54709433,-98.90039528,2024-11
10033692,15059622112000022000000000U4,CENTRO DE SERVICIO AUTORIZADO VENTO,,622112,Hospitales generales del sector público,6 a 10 personas,CALLE,AVENIDA JUAREZ,CALLE,AVENIDA LIBERTAD,CALLE,20 DE NOVIEMBRE,CALLE,HOMBRES ILUSTRES,0.0,SN,,,,,BARRIO,BARRIO CENTRAL,,,,55790.0,15,México,59,Nextlalpan,1,Santa Ana Nextlalpan                                                                                          ,0080,19,,,,Fijo,19.74069345,-99.08407456,2024-11
2057154,15083622112000014001000000U1,CENTRO ESPECIALIZADO DE ATENCION A LA SALUD TEMAMATLA,INSTITUTO DE LA SALUD DEL ESTADO DE MEXICO ,622112,Hospitales generales del sector público,11 a 30 personas,CALLE,NUEVO LEON,CALLE,NUEVO LEON,CALLE,NUEVO LEON,CALLE,PLAZA HIDALGO,0.0,SN,,,,,BARRIO,TEMAMATLA,,,,56650.0,15,México,83,Temamatla,1,Temamatla                                                                                                     ,0071,8,5559429309.0,,,Fijo,19.20282255,-98.86925076,2010-07
2418256,15118624112000015001000000U0,CENTRO ESPECIALIZADO DE ATENCION PRIMARIA A LA SALUD,SECRETARIA DE SALUD GOBIERNO FEDERAL Y ESTATAL ,622112,Hospitales generales del sector público,51 a 100 personas,AVENIDA,MORELOS,CALLE,FEDERAL ALTAMIRANO-TOLUCA,CALLE,VIA DE FERROCARRIL,CALLE,NICOLAS BRAVO,402.0,,,,0.0,,LOCALIDAD,SAN JUAN DE LAS HUERTAS,,,,51370.0,15,México,118,Zinacantepec,58,San Juan de las Huertas                                                                                       ,005A,47,,,,Fijo,19.2494617,-99.75621145,2014-12
2506808,15003622112000045000000000U3,CENTRO ESPECIALIZADO DE ATENCION PRIMARIA A LA SALUD,INSTITUTO DE SALUD DEL ESTADO DE MEXICO ,622112,Hospitales generales del sector público,51 a 100 personas,CERRADA,CERRADA DEL PIPILA,CALLE,FRANCISCO VILLA,CALLE,JESUS ANDRADE,CALLE,EMILIANO ZAPATA,0.0,SN,,,,,PUEBLO,ACULCO DE ESPINOZA,,,,50360.0,15,México,3,Aculco,1,Aculco de Espinoza                                                                                            ,0117,35,,,,Fijo,20.09588175,-99.82662677,2010-07
10920988,15030622112000024000000000U1,CENTRO ESPECIALIZADO DE ATENCION PRIMARIA A LA SALUD CHICONCUAC,INSTITUTO DE SALUD DEL ESTADO DE MEXICO ,622112,Hospitales generales del sector público,31 a 50 personas,CALLE,NIÑOS HEROES,CALLE,CANTA BRANA,AVENIDA,CUAUHTEMOC,CALLE,MORELOS II,0.0,SN,,,,,BARRIO,SAN MIGUEL,,,,56270.0,15,México,30,Chiconcuac,1,Chiconcuac de Juárez                                                                                          ,0082,1,,,,Fijo,19.55823319,-98.89278849,2024-11
2479499,15066622112000014000000000U6,CENTRO ESPECIALIZADO DE ATENCION PRIMARIA A LA SALUD DE OTZOLOAPAN,ISEM ,622112,Hospitales generales del sector público,11 a 30 personas,CALLE,BLAS DE LA LOZA,CERRADA,NINGUNO,PRIVADA,NINGUNO,CALLE,BARRIO LA VIRGENCITA,,SN,,,,,COLONIA,CENTRO,,,,51130.0,15,México,66,Otzoloapan,1,Otzoloapan                                                                                                    ,0032,14,,CEAPS_OTZO09@HOTMAIL.COM,,Fijo,19.11901129,-100.2950488,2014-12
1965552,15092621112000036000000000U6,CENTRO ESPECIALIZADO DE ATENCION PRIMARIA A LA SALUD IGNACIO ALLENDE,INSTITUTO DE SALUD DEL ESTADO DE MEXICO ,622112,Hospitales generales del sector público,31 a 50 personas,AVENIDA,IGNACIO BETETA,CALLE,HIDALGO,CALLE,NUEVO MEXICO,CALLE,NUEVO MEXICO,0.0,SN,,,,,PUEBLO,TEOTIHUACAN,,,,55805.0,15,México,92,Teotihuacán,1,Teotihuacán de Arista                                                                                         ,0225,6,,CEAPSTEOT@GMAIL.COM,,Fijo,19.68541407,-98.87272,2010-07
2123870,15084622312000011001000000U1,CENTRO ESPECIALIZADO DE ATENCION PRIMARIA A LA SALUD LEANDRO VALLE BICENTENARIO TEMASCALAPA,INSTITUTO DE SALUD DEL ESTADO DE MEXICO ,622312,Hospitales del sector público de otras especialidades médicas,51 a 100 personas,AVENIDA,SAN FRANCISCO,CALLE,RIO PANUCO,CALLE,RIO TULA,CALLE,RIO BRAVO,0.0,SN,,,,,LOCALIDAD,TEMASCALAPA,,,,55980.0,15,México,84,Temascalapa,1,Temascalapa                                                                                                   ,0168,20,,CEAPSTEMASCALAPA@GMAIL.COM,,Fijo,19.82911872,-98.90366341,2010-07
2143150,15037622112000054001000000U3,CENTRO ESPECIALIZADO DE ATENCION PRIMARIA A LA SALUD PALO SOLO,INSTITUTO DE SALUD DEL ESTADO DE MEXICO ,622112,Hospitales generales del sector público,31 a 50 personas,CALLE,ALMAZAN,CALLE,FERNANDO QUIROZ,CALLE,VICENTE GUERRERO,CALLE,FERNANDO QUIROZ,14.0,,,,0.0,,COLONIA,PALO SOLO,,,,52778.0,15,México,37,Huixquilucan,71,Naucalpan de Juárez                                                                                           ,0308,1,5552912836.0,,,Fijo,19.41446479,-99.27195206,2010-07
2340868,15031622112000115001000000U5,CENTRO ESPECIALIZADO DE ATENCION PRIMARIA A LA SALUD SANTA MARIA CHIMALHUACAN,GOBIERNO DEL ESTADO DE MEXICO ,622112,Hospitales generales del sector público,31 a 50 personas,AVENIDA,DEL ROSAL,PRIVADA,GUADALUPE,CALLE,3 DE MAYO,AVENIDA,INDEPENDENCIA,0.0,SN,,,0.0,,COLONIA,CORTE SAN PABLO,,,,56338.0,15,México,31,Chimalhuacán,1,Chimalhuacán                                                                                                  ,1463,10,5529250650.0,CEAPS_SANTAMARIACHMALHUACAN@OUTLOOK.COM,,Fijo,19.398463,-98.90903472,2014-12
10642201,15098622112000024000000000U8,CENTRO ESPECIALIZADO DE ATENCION PRIMARIA A LA SALUD TEXCALYACAC BICENTENARIO,GOBIERNO DEL ESTADO DE MEXICO ,622112,Hospitales generales del sector público,31 a 50 personas,AVENIDA,PUEBLA,CALLE,ACAPULCO,CALLE,MANUEL MOLINA,CALLE,MELCHOR OCAMPO,0.0,SN,,,,,BARRIO,OTOMPA,,,,52570.0,15,México,98,Texcalyacac,1,San Mateo Texcalyacac                                                                                         ,0055,16,,,,Fijo,19.13143988,-99.5012475,2024-11
7085833,15108622112000034000000000U4,CENTRO ESPECIALIZADO DE ATENCION PRIMARIA A LA SALUD TULTEPEC,VELIA AMERICA FAVILA LIEVANO ,622112,Hospitales generales del sector público,31 a 50 personas,CALLE,CAMINO VIEJO A MELCHOR OCAMPO,CALLE,CUATEAMALA,CALLE,TERCERA MARIANO ESCOBEDO,CALLE,SOR JUANA INES DE LA CRUZ,,SN,,,,,BARRIO,SAN MIGUEL,,,,54960.0,15,México,108,Tultepec,1,Tultepec                                                                                                      ,0231,6,,,,Fijo,19.69022578,-99.13800476,2019-11
2091126,15031622112000084001000000U3,CENTRO ESPECIALIZADO EN ATENCION PRIMARIA A LA SALUD ACUITLAPILCO BICENTENARIO,INSTITUTO DE LA SALUD DEL ESTADO DE MEXICO ,622112,Hospitales generales del sector público,31 a 50 personas,AVENIDA,ARCA DE NOE,CALLE,FRANCISCO VILLA,CALLE,TECOMATLAN,AVENIDA,ACUITLAPILCO,,SN,,,,,COLONIA,2 SECCION ACUITLAPILCO,,,,56335.0,15,México,31,Chimalhuacán,1,Chimalhuacán                                                                                                  ,104A,34,,CEPASACUIYLAPILCO@OUTLOOK.COM,,Fijo,19.43824542,-98.93170402,2010-07
2542476,15005622112000022001000000U7,CENTRO ESPECIALIZADO EN ATENCION PRIMARIA A LA SALUD BICENTENARIO DEL MUNICIPIO DE ALMOLOYA DE JUAREZ,GOBIERNO DEL ESTADO DE MEXICO INSTITUTO DE SALUD DEL ESTADO DE MEXICO ,622112,Hospitales generales del sector público,31 a 50 personas,CALLE,LIC BENITO JUAREZ GARCIA,CALLE,GUERRERO,CALLE,NINGUNO,CALLE,AL PANTEON,0.0,SN,,,,,LOCALIDAD,VILLA DE ALMOLOYA D JUAREZ,,,,50900.0,15,México,5,Almoloya de Juárez,1,Villa de Almoloya de Juárez                                                                                   ,0164,27,,,,Fijo,19.3679173,-99.75565892,2010-07
2549931,15026622112000015000000000U7,CENTRO ESPECIALIZADO EN ATENCION PRIMARIA A LA SALUD CEAPS,ISEM INSTITUTO DE SALUD DEL ESTADO DE MEXICO ,622112,Hospitales generales del sector público,51 a 100 personas,AVENIDA,VICENTE GUERRERO,CALLE,MATAMOROS,CALLE,NINGUNO,AVENIDA,HIDALGO,0.0,SN,,,,,PUEBLO,CHAPA DE MOTA,,,,54350.0,15,México,26,Chapa de Mota,1,Chapa de Mota                                                                                                 ,0075,15,5889135062.0,CEAPSCAHAPA@HOTMAIL.COM,,Fijo,19.8143552,-99.52512509,2010-07
2533586,15076622112000024000000000U4,CENTRO ESPECIALIZADO EN ATENCION PRIMARIA A LA SALUD CEAPS AN MATEO ATENCO,CENTRO ESPECIALIZADO EN ATENCION PRIMARIA A LA SALUD CEAPS ,622112,Hospitales generales del sector público,51 a 100 personas,AVENIDA,16 DE SEPTIEMBRE,CALLE,MIGUEL HIDALGO,CALLE,VICENTE GUERRERO,AVENIDA,INDEPENDENCIA,310.0,,,,0.0,,BARRIO,SAN MIGUEL,,,,52104.0,15,México,76,San Mateo Atenco,1,San Mateo Atenco                                                                                              ,0109,10,,,,Fijo,19.26347785,-99.53100096,2010-07
1967765,15034622112000014000000000U4,CENTRO ESPECIALIZADO EN ATENCION PRIMARIA A LA SALUD ECATZINGO,INSTITUTO DE SALUD DEL ESTADO DE MEXICO ,622112,Hospitales generales del sector público,31 a 50 personas,CALLE,AMADO NERVO,CALLE,IGNACIO ALLENDE,CALLE,OCCIDENTE,CALLE,5 DE FEBRERO,0.0,SN,,,,,BARRIO,SAN JOSE,,,,56990.0,15,México,34,Ecatzingo,1,Ecatzingo de Hidalgo                                                                                          ,0081,12,,,,Fijo,18.95763269,-98.75381872,2010-07
2518987,15072622112000013000000000U6,CENTRO ESPECIALIZADO EN ATENCION PRIMARIA A LA SALUD SANTA MARIA RAYON BICENTENARIO,INSTITUTO DE SALUD DEL ESTADO DE MEXICO ,622112,Hospitales generales del sector público,31 a 50 personas,CALLE,MIGUEL HIDALGO,CALLE,IGNACIO LOPEZ RAYON NORTE,CALLE,INDEPENDENCIA,CALLE,BENITO JUAREZ,3.0,,,,,,LOCALIDAD,SANTA MARIA RAYON,,,,52360.0,15,México,72,Rayón,1,Santa María Rayón                                                                                             ,0059,1,,,,Fijo,19.14831227,-99.58102366,2010-07
8579370,15103622112000023000000000U8,CENTRO ESPECIALIZADO EN ATENCION PRIMARIA A LA SALUD TLALMANALCO. ISEM,SECTOR SALUD GOBIERNO DEL ESTADO DE MEXICO ,622112,Hospitales generales del sector público,51 a 100 personas,AVENIDA,EL MIRADOR,CALLE,CRUZ DE MAYO,CALLE,EMPEDRADILLO,CALLE,CEDRO,0.0,SN,,,,,COLONIA,CENTRO,,,,56700.0,15,México,103,Tlalmanalco,1,Tlalmanalco de Velázquez                                                                                      ,0061,2,,,,Fijo,19.20671838,-98.79777105,2019-11
2539845,15041622112000014001000000U9,"CENTRO ESPECIALIZADO EN ATENCION PRIMARIA A LA SALUD, IXTAPAN DEL ORO",,622112,Hospitales generales del sector público,0 a 5 personas,PROLONGACION,20 DE NOVIEMBRE,CALZADA,CALZADA DEL MAESTRO,CALLE,NINGUNO,CALLE,NINGUNO,0.0,SN,,,0.0,,COLONIA,CENTRO,,,,51070.0,15,México,41,Ixtapan del Oro,1,Ixtapan del Oro                                                                                               ,0029,7,,CEAPSIXTAPANDELORO@YAHOO.COM.MX,,Fijo,19.26116037,-100.26271245,2010-07
8969192,15037622112000093000000000U1,CENTRO INFANTIL MAGDALENA,DIF MUNICIAPLA DE HUIXQUILUCAN ,622112,Hospitales generales del sector público,11 a 30 personas,CALLE,GARDENIA,CALLE,NINGUNO,CALLE,NINGUNO,CALLE,GARDENIA,0.0,SN,,,,,BARRIO,MAGDALENA CHICHICASPA,,,,52773.0,15,México,37,Huixquilucan,13,Magdalena Chichicaspa                                                                                         ,0420,28,,,,Fijo,19.41288472,-99.32284022,2019-11
10489902,15054622311000103000000000U1,CENTRO INTEGRAL CANCEROLOGIA,CENTRO INTEGRAL CANCEROLOGIA SA DE CV,622311,Hospitales del sector privado de otras especialidades médicas,11 a 30 personas,AVENIDA,BAJA VELOCIDAD,CALLE,AGUSTIN MELGAR,CALLE,16 DE SEPTIEMBRE,PRIVADA,SEGUNDA 16 DE SEPTIEMBRE,0.0,SN,,,,,PUEBLO,SAN JERONIMO CHICAHUALCO,,,,52170.0,15,México,54,Metepec,37,San Jerónimo Chicahualco                                                                                      ,0991,18,7222386967.0,,,Fijo,19.28594813,-99.56500961,2024-11
2389064,15106622112000237000000000U7,CENTRO MEDICO ADOLFO LOPEZ MATEOS,INSTITUTO DE SALUD DEL ESTADO DE MEXICO ,622112,Hospitales generales del sector público,251 y más personas,CALLE,DOCTOR NICOLAS SAN JUAN,CALLE,GANADERIA,CALLE,NINGUNO,CALLE,ANTIGUO CAMINO A LA MAGDALENA,0.0,SN,,,,,LOCALIDAD,SANTA CRUZ ATZCAPOTZALTONGO,,,,50010.0,15,México,106,Toluca,87,Santa Cruz Atzcapotzaltongo                                                                                   ,4047,1,7222760860.0,ISEM.CMADOLFOLOPEZMATEOS@EDOMEX.GOB.MX,,Fijo,19.32079263,-99.63367081,2010-07
8212928,15121622311000193000000000U9,CENTRO MEDICO ATLANTA,,622311,Hospitales del sector privado de otras especialidades médicas,31 a 50 personas,ANDADOR,TLATLAYA,AVENIDA,1O DE MAYO,AVENIDA,JORGE JIMENEZ CANTU,AVENIDA,1O DE MAYO,3.0,A,,,0.0,,COLONIA,CENTRO URBANO,,,,54740.0,15,México,121,Cuautitlán Izcalli,1,Cuautitlán Izcalli                                                                                            ,0248,6,,,,Fijo,19.6612135,-99.20943993,2019-11
7164071,15031622111000062000000000U1,CENTRO MEDICO BBC,,622111,Hospitales generales del sector privado,6 a 10 personas,PRIVADA,NINGUNO,CALLE,HUATONGO,PRIVADA,SEXTA,PRIVADA,SEPTIMA CERRADA,,SN,,,,,COLONIA,CORTE HUATONGO,,,,56338.0,15,México,31,Chimalhuacán,1,Chimalhuacán                                                                                                  ,1444,17,5575842793.0,,,Fijo,19.40405467,-98.91450241,2019-11
6353782,15054622311000087000051695M6,CENTRO MEDICO DE TOLUCA,CENTRO MEDICO DE TOLUCA SA DE CV,622311,Hospitales del sector privado de otras especialidades médicas,251 y más personas,AVENIDA,BENITO JUÁREZ,CALLE,PEDRO ASCENCIO,CALLE,JOSEFA ORTIZ DE DOMÍNGUEZ,CALLE,NINGUNO,341.0,,,,,,BARRIO,SAN MATEO,,,,52140.0,15,México,54,Metepec,1,Metepec                                                                                                       ,0332,77,,A.GARCIA@CENTROMEDICODETOLUCA.COM.MX,WWW.CENTROMEDICODETOLUCA.COM.MX,Fijo,19.25663867,-99.61417134,2010-07
8761275,15054812410000691000051695S5,CENTRO MEDICO DE TOLUCA SERVICIOS ESPECIALIZADOS,CENTRO MEDICO DE TOLUCA SA DE CV,622311,Hospitales del sector privado de otras especialidades médicas,251 y más personas,CALLE,PEDRO ASCENCIO,AVENIDA,BENITO JUAREZ,BOULEVARD,JOSE MARIA PINO SUAREZ,CALLE,PASEO SAN ISIDRO,427.0,,,,,,BARRIO,SAN MATEO,,,,52140.0,15,México,54,Metepec,1,Metepec                                                                                                       ,0332,77,,A.GARCIA@CENTROMEDICODETOLUCA.COM.MX,WWW.CENTROMEDICODETOLUCA.COM.MX,Fijo,19.25630021,-99.6137991,2019-11
2540921,15114621111000072011000000U5,CENTRO MEDICO DE VILLA VICTORIA,,622111,Hospitales generales del sector privado,11 a 30 personas,CALLE,LAZARO CARDENAS,PRIVADA,JOSE JULIO(BENITO JUAREZ),CALLE,BENITO JUAREZ,PRIVADA,NINGUNO,0.0,SN,,,,,LOCALIDAD,VILLA VICTORIA,,,,50960.0,15,México,114,Villa Victoria,1,Villa Victoria                                                                                                ,0258,14,,,,Fijo,19.43335972,-99.99621715,2010-07
10431762,15064622111000023000000000U4,CENTRO MEDICO EL ORO,CENTRO MEDICO EL ORO SA DE CV,622111,Hospitales generales del sector privado,11 a 30 personas,CALLE,LA RULETA,BOULEVARD,JACINTO SALINAS,PRIVADA,LA RULETA,CALLE,LA RULETA,14.0,,,,,,COLONIA,CENTRO,,,,50600.0,15,México,64,El Oro,1,El Oro de Hidalgo                                                                                             ,0095,55,,CENTROMEDICO14@LIVE.COM,,Fijo,19.8025451,-100.12854067,2024-11
9437133,15033622111000401000000000U7,CENTRO MEDICO FAMILIAR ITZAMNA,,622111,Hospitales generales del sector privado,0 a 5 personas,CALLE,MEXICO,AVENIDA,JOHN F. KENNEDY,CALLE,PRESIDENTE ADOLFO LOPEZ MATEOS,CALLE,COLIMA,42.0,,,,0.0,,COLONIA,EL CHAMIZAL,,,,55270.0,15,México,33,Ecatepec de Morelos,1,Ecatepec de Morelos                                                                                           ,1275,17,,,,Fijo,19.50003488,-99.06091554,2023-11
2005542,15037622311000042000000000U6,CENTRO MEDICO HUIXQUILUCAN,,622311,Hospitales del sector privado de otras especialidades médicas,6 a 10 personas,CALLE,MINA,CALLE,JOSE MARIA MORELOS Y PAVON,CALLE,VENUSTIANO CARRANZA,CALLE,EMILIANO ZAPATA,3.0,,,,0.0,,BARRIO,SAN MELCHOR,,,,52760.0,15,México,37,Huixquilucan,1,Huixquilucan de Degollado                                                                                     ,0399,17,,,,Fijo,19.36160737,-99.34934411,2010-07
7668387,15057622111000301000000000U8,CENTRO MEDICO INTEGRAL,,622111,Hospitales generales del sector privado,0 a 5 personas,CALLE,PADRE E FIGEROA,CALLE,DEL ROSAL,CALLE,JARDIN,CALLE,HIDALGO,35.0,,,,0.0,,COLONIA,BOSQUE DE LOS REMEDIOS,,,,53030.0,15,México,57,Naucalpan de Juárez,1,Naucalpan de Juárez                                                                                           ,1506,23,5510092609.0,DRLOPEZCM@GMAIL.COM,,Fijo,19.46987785,-99.24676699,2019-11
2199860,15037622311000074001000000U9,CENTRO MEDICO INTERLOMAS,CENTRO MEDICO INTERLOMAS SA DE CV,622311,Hospitales del sector privado de otras especialidades médicas,31 a 50 personas,AVENIDA,PALO SOLO,CALLE,HERMENEGILDO CUENCA DIAZ,CALLE,TOMILLO,AVENIDA,PALO SOLO,100.0,,,,0.0,,COLONIA,PALO SOLO,,,,52778.0,15,México,37,Huixquilucan,71,Naucalpan de Juárez                                                                                           ,0308,1,,CMI_17@YAHOO.COM.MX,,Fijo,19.41483011,-99.2701475,2010-07
2524432,15054622112000037000000000U3,CENTRO MEDICO ISSEMYM TOLUCA LIC ARTURO MONTIEL ROJAS,GOBIERNO DEL ESTADO DE MEXICO ,622112,Hospitales generales del sector público,251 y más personas,AVENIDA,BAJA VELOCIDAD,CALLE,PUERTO DE MAZATLAN,PRIVADA,DE LA INDUSTRIA,PRIVADA,5 DE FEBRERO,,SN,,,,,PUEBLO,SAN JERONIMO CHICAHUALCO,,,,52170.0,15,México,54,Metepec,37,San Jerónimo Chicahualco                                                                                      ,0972,12,,,WWW.ISSEMYM.GOB.MX,Fijo,19.28660369,-99.58633211,2010-07
8668505,15121622111000122000000000U2,CENTRO MEDICO LOS ANGELES DE CUMBRIA,CENTRO MEDICO LOS ANGELES DE CUMBRIA AC,622111,Hospitales generales del sector privado,6 a 10 personas,CALLE,NEZAHUALCOYOTL,CALLE,TEPOTZOTLAN,CALLE,NINGUNO,CALLE,OCOYOACAC,58.0,,,,,,COLONIA,CUMBRIA,,,,54740.0,15,México,121,Cuautitlán Izcalli,1,Cuautitlán Izcalli                                                                                            ,1903,14,,CM_LOSANGELES@HOTMAIL.COM,,Fijo,19.65132192,-99.21570251,2019-11
2325350,15099622111000132000000000U9,CENTRO MEDICO MAGDALENA,,622111,Hospitales generales del sector privado,11 a 30 personas,AVENIDA,NACIONAL,CALLE,FRANCISCO I. MADERO,CALLE,16 DE SEPTIEMBRE,CALLE,16 DE SEPTIEMBRE,0.0,SN,,,0.0,,PUEBLO,LA MAGDALENA PANOAYA,,,,56203.0,15,México,99,Texcoco,8,La Magdalena Panoaya                                                                                          ,153A,13,,,,Fijo,19.53328586,-98.90988657,2014-12
11419394,15013622111000092000000000U6,CENTRO MEDICO MIZRAHI,,622111,Hospitales generales del sector privado,6 a 10 personas,CALLE,OCEANO PACIFICO,CALLE,OCEANO ANTARTICO,CALLE,PASADERO,CALLE,MAR DE BARENTS,359.0,A,,,0.0,,COLONIA,LOMAS LINDAS,,,,52947.0,15,México,13,Atizapán de Zaragoza,1,Ciudad López Mateos                                                                                           ,0999,33,5613744548.0,LAV_MIZRAHI@HOTMAIL.COM,,Fijo,19.57475283,-99.24979908,2024-11
7725333,15121622111000113000000000U1,CENTRO MEDICO PEDREGAL IZCALLI,,622111,Hospitales generales del sector privado,11 a 30 personas,AVENIDA,DEL PEDREGAL,AVENIDA,DEL VALLE,CALLE,LA VENTA,CALLE,DEL LAGO,69.0,A,,,0.0,,COLONIA,COFRADIA II,,,,54768.0,15,México,121,Cuautitlán Izcalli,1,Cuautitlán Izcalli                                                                                            ,2155,2,,CENTROMEDICOPEDREGALIZCALLI@NEGOCIOS.COM,CENTROMEDICOPEDREGALIZCALLI.NEGOCIOS.CITE,Fijo,19.68622229,-99.22786893,2019-11
2056803,15122622311000042000000000U6,CENTRO MEDICO QUIRURGICO SANTA CRUZ,,622311,Hospitales del sector privado de otras especialidades médicas,11 a 30 personas,AVENIDA,EMILIANO ZAPATA,CALLE,NORTE 9,AVENIDA,SEBASTIAN LERDO DE TEJADA,CALLE,ORIENTE 11,1.0,,,,0.0,,COLONIA,SANTA CRUZ,,,,56617.0,15,México,122,Valle de Chalco Solidaridad,1,Xico                                                                                                          ,0349,31,5559712393.0,,,Fijo,19.29004186,-98.93114477,2010-07
2501175,15106622111000224000000000U7,CENTRO MEDICO SAN PIAGO,CENTRO MEDICO SAN PIAGO SA DE CV,622111,Hospitales generales del sector privado,31 a 50 personas,AVENIDA,MIGUEL HIDALGO,CALLE,JOSE MARIA PINO SUAREZ,CALLE,ALEJANDRO VON HUMBOLDT,CALLE,PRIMERO DE MAYO,411.0,,,,,,MANZANA,SANTA CLARA,,,,50090.0,15,México,106,Toluca,1,Toluca de Lerdo                                                                                               ,0398,18,7222134299.0,SANATORIOHIDALGOT@HOTMAIL.COM,,Fijo,19.29006217,-99.64935937,2010-07
2510110,15014622311000032000077086M7,CENTRO MEDICO SANTA FE,OPERADORA DEL CENTRO STA FE SA DE CV,622111,Hospitales generales del sector privado,11 a 30 personas,AVENIDA,ISIDRO FABELA NORTE,CALLE,PRIVADA MANUEL DEL MAZO,CALLE,ANDADOR,AVENIDA,DEL TRABAJO,0.0,SN,CENTRO MEDICO SANTA FE,PLANTA BAJA,134.0,,COLONIA,CENTRO,"HOSPITAL, CENTRO MEDICO O CLINICA",CENTRO MEDICO SANTA FE,134,50450.0,15,México,14,Atlacomulco,1,Atlacomulco de Fabela                                                                                         ,0341,23,,FACTURACIONOPERADORADELCENTRO@GMAIL.COM,,Fijo,19.80391969,-99.87314371,2010-07
2405002,15088621511000031001000000U8,CENTRO MEDICO TENANCINGO,,622111,Hospitales generales del sector privado,11 a 30 personas,CALLE,ALDAMA SUR,CALLE,GUERRERO PONIENTE,AVENIDA,FRANCISCO I. MADERO,CALLE,ABASOLO SUR,301.0,,,,0.0,,MANZANA,CENTRO,,,,52400.0,15,México,88,Tenancingo,1,Tenancingo de Degollado                                                                                       ,0078,6,,,,Fijo,18.96138527,-99.59500324,2010-07
11074831,15058622311000421000000000U8,CENTRO MULTIDISCIPLINARIO ELDY,,622311,Hospitales del sector privado de otras especialidades médicas,0 a 5 personas,CALLE,AVENIDA TEPOZANES CALLE 11,CALLE,NORTE 1,CALLE,AVENIDA PANTITLAN,CALLE,12 (PONIENTE 16),323.0,,,,,,COLONIA,LA PERLA,,,,57820.0,15,México,58,Nezahualcóyotl,1,Ciudad Nezahualcóyotl                                                                                         ,1077,13,,,,Fijo,19.38175771,-98.98919972,2024-11
2335900,15031622112000123001000000U9,CENTRO MUNICIPAL DE SALUD Y BIENESTAR COMUNITARIO ACUITLAPILCO,AYUNTAMIENTO DE CHIMALHUACAN ,622112,Hospitales generales del sector público,6 a 10 personas,CALLE,CARMEN SERDAN,CALLE,OCTAVIO PAZ,CALLE,FUENTE DE JUVENTUD,CALLE,CANAL,0.0,SN,,,0.0,,COLONIA,ACUITLAPILCO,,,,56364.0,15,México,31,Chimalhuacán,1,Chimalhuacán                                                                                                  ,1035,68,,CDCACUITLAPILCO22@GMAIL.COM,,Fijo,19.43345734,-98.92843682,2010-07
2401134,15106622312000037000000000U7,CENTRO ONCOLOGICO ESTATAL ISSEMYM,ISSEMYM ,622312,Hospitales del sector público de otras especialidades médicas,251 y más personas,BOULEVARD,SOLIDARIDAD LAS TORRES BOULEVARD LAZARO CARDENAS,CALLE,BENITO JUAREZ,CALLE,IGNACIO MANUEL ALTAMIRANO,CALLE,GENERAL ALVARO OBREGON,101.0,,,,,,COLONIA,DEL PARQUE,,,,50180.0,15,México,106,Toluca,1,Toluca de Lerdo                                                                                               ,206A,34,,LUIS.BARRERA@ISSEMYM.GOB.MX,WWW.ISSEMYM.GOB.MX,Fijo,19.26844584,-99.6523101,2010-07
2328833,15099622311000113001000000U5,CENTRO PERINATOLOGICO,,622311,Hospitales del sector privado de otras especialidades médicas,6 a 10 personas,PRIVADA,NICOLAS BRAVO,CALLE,LEANDRO VALLE,CERRADA,NICOLAS BRAVO,CALLE,ARTEAGA,101.0,,,,0.0,,COLONIA,CENTRO,,,,56100.0,15,México,99,Texcoco,1,Texcoco de Mora                                                                                               ,0813,22,,PERINATOLOGICO@HOTMAIL.COM,,Fijo,19.51373304,-98.88541789,2014-12
9912758,15095622211000021000000000U0,CENTRO PSICOTERAPEUTICO DEIRDRE,,622211,Hospitales psiquiátricos y para el tratamiento por adicción del sector privado,0 a 5 personas,CALLE,LICENCIADO BENITO JUAREZ,CALLE,HERNAN GOMEZ,CALLE,FRESNO,CALLE,LICENCIADO BENITO JUAREZ,0.0,SN,,,,,BARRIO,BARRIO SAN MARTIN,,,,54600.0,15,México,95,Tepotzotlán,1,Tepotzotlán                                                                                                   ,0246,12,,,,Fijo,19.71473468,-99.22555841,2024-11
2031718,15099622112000071001000000U7,CENTRO SALUD DE SAN MIGUEL TLAIXPAN,INSTITUTO DE SALUD DEL ESTADO DE MEXICO ,622112,Hospitales generales del sector público,6 a 10 personas,AVENIDA,CENTRAL,AVENIDA,DE LOS LIRIOS,AVENIDA,NEZAHUALCOYOTL,CALLE,PIRACANTOS,0.0,SN,,,0.0,,PUEBLO,SAN MIGUEL TLAIXPAN,,,,56240.0,15,México,99,Texcoco,30,San Miguel Tlaixpan                                                                                           ,0654,22,,,,Fijo,19.50990178,-98.81355828,2010-07
2171854,15122622112000046000000000U9,CLINICA 181 CHALCO 2,INSTITUTO MEXICANO DEL SEGURO SOCIAL ,622112,Hospitales generales del sector público,101 a 250 personas,AVENIDA,TEZOZOMOC,CALLE,PONIENTE 7,CALLE,PONIENTE 5,AVENIDA,TEZOZOMOC,0.0,SN,,,,,COLONIA,ALFREDO BARANDA,,,,56610.0,15,México,122,Valle de Chalco Solidaridad,1,Xico                                                                                                          ,0014,12,5526457177.0,,,Fijo,19.27814281,-98.94755357,2010-07
1992730,15099622311000083000000000U0,CLINICA ADONAI ESPECIALIDADES MEDICAS,,622311,Hospitales del sector privado de otras especialidades médicas,11 a 30 personas,CALLE,EMILIANO ZAPATA,CALLE,LEANDRO VALLE,CALLE,JOSEFA ORTIZ DE DOMINGUEZ,CALLE,OLIVOS,312.0,,,,0.0,,COLONIA,SAN PEDRO,,,,56105.0,15,México,99,Texcoco,1,Texcoco de Mora                                                                                               ,0813,12,5959556810.0,CLINICA_ADONAI22@HOTMAIL.COM,,Fijo,19.50632518,-98.88729401,2010-07
2196428,15057622311000111000000000U7,CLINICA AHUIZOTLA,,622311,Hospitales del sector privado de otras especialidades médicas,6 a 10 personas,CALLE,JOSE LUIS GUTIERREZ,CALLE,GOBERNADOR VICENTE VILLADA,CALLE,GOBERNADOR JOSE M. VILLAFUENTES,AVENIDA,SAN FRANCISCO,33.0,,,,0.0,,COLONIA,AHUIZOTLA,,,,53378.0,15,México,57,Naucalpan de Juárez,1,Naucalpan de Juárez                                                                                           ,0283,25,5540699723.0,CORPORATIVOMEDICALS@HOTMAIL.COM,,Fijo,19.47096298,-99.21515091,2012-06
2486256,15088622111000052000000000U2,CLINICA ASISTENCIAL TENANCINGO,SANATORIO MORELOS SA DE CV,622111,Hospitales generales del sector privado,11 a 30 personas,AVENIDA,MORELOS,AVENIDA,HIDALGO PONIENTE,CALLE,MOCTEZUMA,AVENIDA,HIDALGO PONIENTE,813.0,,,,0.0,,MANZANA,LA CAMPANA,,,,52400.0,15,México,88,Tenancingo,1,Tenancingo de Degollado                                                                                       ,0078,36,,,,Fijo,18.96404347,-99.59978253,2014-12
2509325,15014622111000023000000000U9,CLINICA ATLACOMULCO,CLINICA ATLACOMULCO SAN JOSE SA DE CV,622111,Hospitales generales del sector privado,11 a 30 personas,CALLE,JULIAN GONZALEZ,CALLE,FERMIN J. VILLALOS,CALLE,ANTONIO VELEZ,CALLE,MANUEL ACUÑA,0.0,SN,,,,,COLONIA,CENTRO,,,,50450.0,15,México,14,Atlacomulco,1,Atlacomulco de Fabela                                                                                         ,0322,9,7121220021.0,CLINICAATLACOMULCO@HOTMAIL.COM,,Fijo,19.79953565,-99.87472235,2010-07
9062620,15070622111000053000000000U8,CLINICA BETANIA,,622111,Hospitales generales del sector privado,11 a 30 personas,CALLE,CENTENARIO,CALLE,LIBERTAD,CALLE,FLORES MAGON,AVENIDA,FEDERAL MEXICO-TEXCOCO,48.0,A,,,0.0,,COLONIA,LOS REYES CENTRO,,,,56400.0,15,México,70,La Paz,1,Los Reyes Acaquilpan                                                                                          ,004A,13,,BETANIAESPMED@HOTMAIL.COM,WWW.ONCOLOGIABETANIA.COM,Fijo,19.3544916,-98.97436988,2019-11
11448699,15037622311000101000000000U0,CLINICA DE CARDIOLOGIA,,622311,Hospitales del sector privado de otras especialidades médicas,0 a 5 personas,CALLE,VICENTE GUERRERO,CALLE,MEXICO,CERRADA,VICENTE GUERRERO,CALLE,DE RIO,0.0,SN,,,,,PUEBLO,DOS RIOS,,,,52790.0,15,México,37,Huixquilucan,5,Dos Ríos                                                                                                      ,0276,22,,,,Fijo,19.37638949,-99.34186474,2024-11
2009065,15037622112000065001000000U9,CLINICA DE CONSULTA EXTERNA HUIXQUILUCAN YSSEMYN,CLINICA DE CONSULTA EXTERNA HUIXQUILUCAN ,622112,Hospitales generales del sector público,51 a 100 personas,CALLE,JOSE MARIA MORELOS Y PAVON,OTRO(ESPECIFIQUE),NINGUNO,OTRO(ESPECIFIQUE),NINGUNO,OTRO(ESPECIFIQUE),NINGUNO,0.0,SN,,,,,PUEBLO,DOS RIOS,,,,52760.0,15,México,37,Huixquilucan,1,Huixquilucan de Degollado                                                                                     ,0577,3,7222261900.0,,,Fijo,19.36373382,-99.34217991,2010-07
2535374,15047622112000033000000000U6,CLINICA DE CONSULTA EXTERNA ISSEMYM JIQUIPILCO,GOBIERNO DEL ESTADO DE MEXICO ,622112,Hospitales generales del sector público,11 a 30 personas,CALLE,NINGUNO,CALLE,EMILIANO ZAPATA,CALLE,LA PALMA,CALLE,LUIS DONALDO COLOSIO,0.0,SN,,,0.0,,LOCALIDAD,JIQUIPILCO,,,,50800.0,15,México,47,Jiquipilco,1,Jiquipilco                                                                                                    ,008A,18,,ISSEMYM_JIQUIPILCO@YAHOO.COM.MX,,Fijo,19.55152906,-99.61307644,2010-07
8761800,15054622112000074000000000U6,CLINICA DE CONSULTA EXTERNA LAZARO CARDENAS,INSTITUTO DE SEGURIDAD SOCIAL DEL ESTADO DE MEXICO Y MUNICIPIOS ,622112,Hospitales generales del sector público,11 a 30 personas,OTRO(ESPECIFIQUE),CAMINO,CALLE,NINGUNO,CALLE,NINGUNO,CALLE,NINGUNO,0.0,SN,EDIFICIO SIN NOMBRE,PLANTA BAJA,,,UNIDAD HABITACIONAL,LAZARO CARDENAS,,,,52177.0,15,México,54,Metepec,34,San Francisco Coaxusco                                                                                        ,0879,51,,CCE.LAZAROCARDENAS@ISSEMYM.GOB.MX,WWW.ISSEMYM.GOB.MX,Fijo,19.26352792,-99.61086619,2019-11
2391282,15106622112000143000000000U7,CLINICA DE CONSULTA EXTERNA RANCHO LA MORA ISEMMYM,INSTITUTO DE SEGURIDAD SOCIAL DEL ESTADO DE MEXICO Y MUNICIPIOS ,622112,Hospitales generales del sector público,11 a 30 personas,CIRCUITO,ADOLFO LOPEZ MATEOS,CALLE,EDUARDO VASCONCELOS,CALLE,FERNANDO OCARANZA,CALLE,EZETA URIBE,0.0,SN,,,,,FRACCIONAMIENTO,RANCHO LA MORA,,,,50050.0,15,México,106,Toluca,1,Toluca de Lerdo                                                                                               ,0773,7,7222370016.0,DIRECCION.CCELAMORA@ISSEMYM.GOB.MX,,Fijo,19.30117378,-99.6483945,2010-07
1979229,15033622112000043001000000U5,CLINICA DE DISPLACIAS LA FLORIDA,SISTEMA MUNICIPAL DIF ECATEPEC ,622112,Hospitales generales del sector público,11 a 30 personas,CALZADA,TEPONAXTLIS,CALLE,TEPOZTECO,BOULEVARD,POCHTECAS,CALLE,TEPOZTECO,0.0,SN,,,0.0,,COLONIA,LA FLORIDA AZTECA SEGUNDA,,,,55120.0,15,México,33,Ecatepec de Morelos,1,Ecatepec de Morelos                                                                                           ,2076,17,,,,Fijo,19.54882953,-99.01702922,2010-07
10389945,15082622311000051000000000U3,CLINICA DE DISPLASIAS,,622311,Hospitales del sector privado de otras especialidades médicas,0 a 5 personas,CALLE,JUPITER,CALLE,VENUS,CALLE,MERCURIO,CALLE,MARTE,,SN,,,,,COLONIA,DEL SOL,,,,51412.0,15,México,82,Tejupilco,1,Tejupilco de Hidalgo                                                                                          ,0426,26,,,,Fijo,18.89891345,-100.1464949,2024-11
2522740,15082622111000022001000000U8,CLINICA DE ESPECIALIDADES DEL SUR,,622111,Hospitales generales del sector privado,6 a 10 personas,CALLE,BENITO JUAREZ,CALLE,SALVADOR HERNANDEZ,CALLE,MEXICO 68,CALLE,IGNACIO ALLENDE,60.0,,,,0.0,,COLONIA,CENTRO,,,,51400.0,15,México,82,Tejupilco,1,Tejupilco de Hidalgo                                                                                          ,0426,17,7226665055.0,,,Fijo,18.90086493,-100.14951533,2010-07
2394883,15106622311000173000000000U2,CLINICA DE ESPECIALIDADES EMMANUEL,,622311,Hospitales del sector privado de otras especialidades médicas,11 a 30 personas,CALLE,TOLUCA,CALLE,SULTEPEC,CALLE,EL ORO,CALLE,TEXCOCO,305.0,,,,,,COLONIA,SECTOR POPULAR,,,,50040.0,15,México,106,Toluca,1,Toluca de Lerdo                                                                                               ,3208,13,,,,Fijo,19.29380835,-99.66533419,2010-07
2009773,15033622111000264000000000U9,CLINICA DE ESPECIALIDADES GUARNEROS,CLINICA DE ESPECIALIDADES GUARNEROS  SA DE CV,622111,Hospitales generales del sector privado,31 a 50 personas,AVENIDA,GOBERNADOR IGNACIO PICHARDO PAGAZA AVENIDA CAMINO A NUEVA ARAGON,CALLE,V. DE LOS TOLTECAS,CALLE,V. DE TULA,CALLE,VALLE DE LOS MAYAS,0.0,SN,,,0.0,,COLONIA,FUNTES DE ARAGON,,,,55248.0,15,México,33,Ecatepec de Morelos,1,Ecatepec de Morelos                                                                                           ,181A,16,,,,Fijo,19.51351496,-99.03137883,2010-07
2502039,15040622311000033001076040M9,CLINICA DE ESPECIALIDADES IXTAPAN,CLINICA DE ESPECIALIDADES IXTAPAN SA DE CV,622311,Hospitales del sector privado de otras especialidades médicas,31 a 50 personas,CALLE,MIGUEL HIDALGO,CALLE,IXTAMIL,CALLE,ALDAMA,CALLE,BELLAS ARTES,41.0,,,,0.0,,BARRIO,SAN GASPAR,,,,51900.0,15,México,40,Ixtapan de la Sal,1,Ixtapan de la Sal                                                                                             ,0106,20,7211430144.0,CLINICAIXT94@HOTMAIL.COM,,Fijo,18.84735492,-99.67975556,2010-07
2545340,15067622311000012001000000U6,CLINICA DE ESPECIALIDADES MARIA ISABEL,CLINICA DE ESPECIALIDAES MEDICAS MARIA ISABEL SC,622311,Hospitales del sector privado de otras especialidades médicas,6 a 10 personas,AVENIDA,BENITO JUAREZ,CALLE,5 DE FEBRERO,CALLE,ACUEDUCTO,AVENIDA,INDEPENDENCIA,0.0,SN,,,,,LOCALIDAD,VILLA CUAUHTEMOC,,,,52080.0,15,México,67,Otzolotepec,1,Villa Cuauhtémoc                                                                                              ,0190,17,,,,Fijo,19.4202035,-99.55811531,2010-07
2192983,15070622311000052001000000U6,CLINICA DE ESPECIALIDADES MEDICAS,,622311,Hospitales del sector privado de otras especialidades médicas,6 a 10 personas,AVENIDA,FEDERAL MEXICO PUEBLA,CALLE,MORELOS,CALLE,MIGUEL HIDALGO,CALLE,CENTENARIO,0.0,SN,,,,,COLONIA,LOS REYES CENTRO,,,,56400.0,15,México,70,La Paz,1,Los Reyes Acaquilpan                                                                                          ,0035,26,,,,Fijo,19.35406435,-98.97677353,2010-07
2005874,15020622311000032000000000U3,CLINICA DE ESPECIALIDADES MEDICAS SAN IGNACIO,,622311,Hospitales del sector privado de otras especialidades médicas,6 a 10 personas,CALLE,CARLOS PICHARDO CRUZ,CALLE,EJE 9,CALLE,NINGUNO,CALLE,RINCONADA SAN FELIPE,164.0,,,,,,FRACCIONAMIENTO,RINCONADA SAN FELIPE,,,,55719.0,15,México,20,Coacalco de Berriozábal,1,San Francisco Coacalco                                                                                        ,0419,46,,CLINICASANIGNACIO@HOTMAIL.COM,,Fijo,19.64470849,-99.08696946,2010-07
2027035,15036622111000022000000000U4,CLINICA DE ESPECIALIDADES MEDICAS SANTA MARIA,,622111,Hospitales generales del sector privado,0 a 5 personas,CALLE,FRANCISCO SARABIA,CALLE,IGNACIO PARRA,PRIVADA,NINGUNO,CALLE,FRANCISCO VILLA,0.0,SN,,,,,BARRIO,LOS JUAREZ,,,,55679.0,15,México,36,Hueypoxtla,9,Santa María Ajoloapan                                                                                         ,0230,1,,,,Fijo,19.97979635,-99.05002887,2010-07
2518912,15073622311000013000000000U2,CLINICA DE ESPECIALIDADES MEDICAS URIEL,,622311,Hospitales del sector privado de otras especialidades médicas,11 a 30 personas,CALLE,CHIAPAS,CALLE,PRIVADA 11,PROLONGACION,FRANCISCO I. MADERO,CALLE,CHIHUAHUA,0.0,SN,,,0.0,,COLONIA,SAN SIMON,,,,52280.0,15,México,73,San Antonio la Isla,1,San Antonio la Isla                                                                                           ,0075,8,,,,Fijo,19.15799119,-99.57257651,2010-07
2493223,15019622311000012000000000U7,CLINICA DE ESPECIALIDADES MEDICO QUIRURGICAS CAPULHUAC,CLINICA DE ESPECIALIDADES MEDICO QUIRURGICAS CAPULHUAC SA DE CV,622111,Hospitales generales del sector privado,6 a 10 personas,CALLE,LEONA VICARIO,AVENIDA,5 DE MAYO,AVENIDA,MIGUEL HIDALGO,CALLE,MARIANO ESCOBEDO,303.0,,,,,,LOCALIDAD,CAPULHUAC DE MIRAFUENTES,,,,52700.0,15,México,19,Capulhuac,1,Capulhuac de Mirafuentes                                                                                      ,0070,12,,,,Fijo,19.19558411,-99.46346536,2010-07
2196566,15058622311000343001052042M4,CLINICA DE ESPECIALIDADES MUGUERSI,CLINICA DE ESPECIALIDADES MUGUERSI SC,622311,Hospitales del sector privado de otras especialidades médicas,11 a 30 personas,CALLE,CIUDAD UNIVERSITARIA,CALLE,FLAMINGOS,CALLE,GLORIETA BUCARELI,CALLE,TORRE LATINOAMERICANA,185.0,,,,,,COLONIA,EVOLUCION,,,,57700.0,15,México,58,Nezahualcóyotl,1,Ciudad Nezahualcóyotl                                                                                         ,126A,25,,DRAGLOPEZ11@GMAIL.COM,,Fijo,19.39388987,-99.02568038,2012-06
11265087,15109622211000023000000000U5,CLINICA DE ESPECIALIDADES PSICOLOGICAS Y PSIQUIATRICAS SALUTEM,,622211,Hospitales psiquiátricos y para el tratamiento por adicción del sector privado,11 a 30 personas,CALLE,CAMELLON MEXIQUENSE,AVENIDA,ISLA DE LA PLATA,CALLE,CEDROS,CALLE,FRESNOS,,SN,,,,,FRACCIONAMIENTO,LOS PORTALES,,,,54910.0,15,México,109,Tultitlán,68,Fuentes del Valle                                                                                             ,1824,2,,,,Fijo,19.64080126,-99.12792017,2024-11
2165655,15070622111000023000000000U1,CLINICA DE ESPECIALIDADES SAN JUAN DE DIOS,,622111,Hospitales generales del sector privado,11 a 30 personas,CALLE,MIGUEL HIDALGO,CALLE,CENTENARIO,AVENIDA,FEDERAL MEXICO-PUEBLA,CALLE,LIBERTAD,0.0,SN,,,0.0,,COLONIA,LOS REYES ACAQUILPAN,,,,56400.0,15,México,70,La Paz,1,Los Reyes Acaquilpan                                                                                          ,0035,25,,CLINICASANJUAN@GMAIL.COM,,Fijo,19.3541044,-98.97653583,2010-07
2550999,15045622111000022000000000U5,CLINICA DE ESPECIALIDADES SANTA MONICA,,622111,Hospitales generales del sector privado,6 a 10 personas,CALLE,VICENTE GUERRERO ORIENTE,CALLE,MIGUEL ALEMAN,AVENIDA,ANDRES MOLINA ENRIQUEZ,CALLE,BENITO JUAREZ,155.0,,,,0.0,,PUEBLO,JILOTEPEC DE MOLINA ENRIQUEZ,,,,54240.0,15,México,45,Jilotepec,1,Jilotepec de Molina Enríquez                                                                                  ,0386,16,,CLINICASANTAMONICA955@GMAIL.COM,,Fijo,19.95389362,-99.53062263,2010-07
1980025,15058622111000092000000000U1,CLINICA DE ESPECIALIDADES TLALLI,,622111,Hospitales generales del sector privado,6 a 10 personas,AVENIDA,VIRGEN DE GUADALUPE,CALLE,V DE SANTA ROSA DE LIMA,CALLE,VIRGEN DE LA MACARENA,CALLE,VIRGEN DE NUESTRA SEÑORA DE LA LUZ,,SN,,,,,COLONIA,VIRGENCITAS,,,,57300.0,15,México,58,Nezahualcóyotl,1,Ciudad Nezahualcóyotl                                                                                         ,0505,20,5538701978.0,,,Fijo,19.4193762,-99.02895222,2010-07
2328146,15099622111000153000000000U5,CLINICA DE LABIO Y PALADAR HENDIDO,ASOCIACION SILVERIO PEREZ PROLABIO Y PALADAR HENDIDO AC,622111,Hospitales generales del sector privado,6 a 10 personas,AVENIDA,VIA LAGO,CALLE,NINGUNO,CALLE,NINGUNO,CALLE,NINGUNO,0.0,SN,,,,,COLONIA,SAN PEDRO,,,,56160.0,15,México,99,Texcoco,1,Texcoco de Mora                                                                                               ,0813,6,,,,Fijo,19.51119602,-98.88965992,2014-12
7081473,15020622312000014000000000U9,CLINICA DE MAMA,INSTITUTO MEXICANO DEL SEGURO SOCIAL ,622312,Hospitales del sector público de otras especialidades médicas,11 a 30 personas,CALLE,VIA JOSE LOPEZ PORTILLO,CALLE,BENITO JUAREZ,CALLE,VENUSTIANO CARRANZA,AVENIDA,JOSE MARIA MORELOS Y PAVON,0.0,SN,,,,,COLONIA,ZACUAUTITLA,,,,55700.0,15,México,20,Coacalco de Berriozábal,1,San Francisco Coacalco                                                                                        ,0673,26,5521547090.0,,,Fijo,19.63419575,-99.09802917,2019-11
10990567,15029622111000022000000000U9,CLINICA DE MATERNIDAD DE JESUS,,622111,Hospitales generales del sector privado,6 a 10 personas,CALLE,AVENIDA SALTO DEL AGUA,CERRADA,SEGUNDA CERRADA SALTO DEL AGUA,PRIVADA,NINGUNO,CALLE,AVENIDA CARLOS HANK GONZALEZ,0.0,SN,,,,,COLONIA,EJERCITO DEL TRABAJO,,,,56390.0,15,México,29,Chicoloapan,1,Chicoloapan de Juárez                                                                                         ,0081,6,,,,Fijo,19.40315736,-98.9305451,2024-11
1981527,15025621113000353001000000U3,CLINICA DE MATERNIDAD DR ARENAS,CEMATIN SC,622311,Hospitales del sector privado de otras especialidades médicas,11 a 30 personas,CALLE,SAN ISIDRO,CALLE,GUADALUPE VICTORIA,CERRADA,DE CUITLAHUAC,CALLE,LOS REYES,0.0,SN,,,,,BARRIO,LA CONCHITA,,,,56600.0,15,México,25,Chalco,1,Chalco de Díaz Covarrubias                                                                                    ,1235,5,,CEMATINS.C@HOTMAIL.COM,,Fijo,19.25477648,-98.89247982,2010-07
2176959,15070621113000163000000000U2,CLINICA DE MATERNIDAD SANTA MARIA,,622311,Hospitales del sector privado de otras especialidades médicas,11 a 30 personas,CALLE,XALTENGO,CALLE,PIRUL,AVENIDA,AVENIDA DE LAS TORRES,CALLE,TUZANTLAPA,1.0,MZ6L1,,,0.0,,COLONIA,EMILIANO ZAPATA,,,,56490.0,15,México,70,La Paz,13,Emiliano Zapata                                                                                               ,1014,9,5558558693.0,CMS_RECEPCION1@HOTMAIL.COM,,Fijo,19.34789888,-98.9757593,2010-07
1979608,15024622311000053001000000U1,CLINICA DE MEDICOS ESPECIALISTAS,,622311,Hospitales del sector privado de otras especialidades médicas,6 a 10 personas,CALLE,MARIANO ESCOBEDO,CALLE,IGNACIO RAMIREZ,CALLE,AMADO NERVO,CALLE,BOLIVAR SUR,228.0,,,,0.0,,COLONIA,EL HUERTO,,,,54800.0,15,México,24,Cuautitlán,1,Cuautitlán                                                                                                    ,0047,22,5558720059.0,MEDICOESPECIALISTA.777@OULOOK.ES,,Fijo,19.66740456,-99.1788094,2010-07
2421592,15106622111000203001000000U1,CLINICA DE PARIS EN TOLUCA,CLINICA DE PARIS EN TOLUCA SC,622111,Hospitales generales del sector privado,6 a 10 personas,CALLE,TENANCINGO,CALLE,ANDRES QUINTANA ROO,CALLE,JILOTEPEC,AVENIDA,SEBASTIAN LERDO DE TEJADA,105.0,,,,,,COLONIA,SOR JUANA INES DE LA CRUZ,,,,50265.0,15,México,106,Toluca,1,Toluca de Lerdo                                                                                               ,042A,44,,CLINICA_PARIS@YAHOO.COM.MX,WWW.CLINICADEPARIS.MX,Fijo,19.29263107,-99.66360826,2014-12
1984052,15100622112000013000000000U5,CLINICA DEL IMSS,INSTITUTO DEL SEGURO SOCIAL ,622112,Hospitales generales del sector público,31 a 50 personas,AVENIDA,INDEPENDENCIA,AVENIDA,CAMINO DEL PASTO,CALLE,20 DE NOVIEMBRE,AVENIDA,AVENIDA DEL TRABAJO,0.0,SN,,,,,BARRIO,SANTIAGO,,,,56000.0,15,México,100,Tezoyuca,1,Tezoyuca                                                                                                      ,006A,1,,,,Fijo,19.59219966,-98.91832144,2010-07
2057669,15104622112000031000000000U9,CLINICA DEL IMSS 186,CLINICA ,622112,Hospitales generales del sector público,31 a 50 personas,CALLE,ACCESO AL HOSPITAL,AVENIDA,PASEO DEL FERROCARRIL,CALLE,CULTURA MAYA,CALLE,NINGUNO,0.0,SN,,,,,COLONIA,LOS REYES,,,,54090.0,15,México,104,Tlalnepantla de Baz,1,Tlalnepantla                                                                                                  ,0800,84,,JAQUELINE.ALPIZAR@IMSS.GOB.MX,WWW.IMSS.COM.MX,Fijo,19.51369679,-99.18405949,2010-07
2324813,15028622111000022001000000S1,CLINICA DEL VALLE,MACRINA FLORES SA DE CV,622111,Hospitales generales del sector privado,0 a 5 personas,CERRADA,NINGUNO,PRIVADA,ANZURES,PROLONGACION,2 DE MARZO,PROLONGACION,PROLONGACION MIGUEL HIDALGO,3.0,,,,,,PUEBLO,HUITZNAHUAC,,,,56030.0,15,México,28,Chiautla,1,Chiautla                                                                                                      ,0101,13,,,,Fijo,19.55321003,-98.8901545,2014-12
2069798,15099622111000083000000000U4,CLINICA DEL VALLE DE TEXCOCO,CLINICA DEL VALLE DE TEXCOCO SA DE CV,622111,Hospitales generales del sector privado,11 a 30 personas,CALLE,DEGOLLADO,CALLE,IGNACIO ALDAMA,CALLE,IGNACIO ALLENDE,CALLE,NICOLAS ROMERO,211.0,,,,0.0,,COLONIA,LA CONCHITA,,,,56130.0,15,México,99,Texcoco,1,Texcoco de Mora                                                                                               ,0828,10,,,,Fijo,19.51055605,-98.87769675,2010-07
11691391,15081622311000072000000000U1,CLINICA DOKTORS,CLINICA DOKTORS,622311,Hospitales del sector privado de otras especialidades médicas,6 a 10 personas,CALLE,PASEO DE LAS MARGARITAS,CALZADA,DE LA HACIENDA,CALLE,PASEO TULIPANES,CALLE,PASEO DEL ALHELI,5.0,,,,,,FRACCIONAMIENTO,OJO DE AGUA,,,,55770.0,15,México,81,Tecámac,19,Ojo de Agua                                                                                                   ,0109,14,5576555121.0,,,Fijo,19.67313721,-99.02062722,2024-11
2394721,15106622311000082000000000U5,CLINICA EL SAGRADO CORAZON,,622311,Hospitales del sector privado de otras especialidades médicas,0 a 5 personas,CALLE,SULTEPEC,CALLE,TENANCINGO,CALLE,TEXCOCO,CALLE,EL ORO,203.0,,,,0.0,,COLONIA,SOR JUANA INES DE LA CRUZ,,,,50265.0,15,México,106,Toluca,1,Toluca de Lerdo                                                                                               ,042A,37,7222153551.0,CFACLAVES@HOTMAIL.COM,,Fijo,19.2930588,-99.66487241,2010-07
2210939,15013622311000073001000000U2,CLINICA FEMATZ,CLINICA FEMATZ SC,622311,Hospitales del sector privado de otras especialidades médicas,11 a 30 personas,CALLE,JUAN ANGULO,PRIVADA,MICHOACAN,CALLE,AVENIDA ADOLFO LOPEZ MATEOS,CALLE,PIONEROS DEL COOPERATIVISMO,53.0,,,,0.0,,COLONIA,MEXICO NUEVO,,,,52966.0,15,México,13,Atizapán de Zaragoza,1,Ciudad López Mateos                                                                                           ,1060,4,5558244423.0,,,Fijo,19.55821424,-99.26727263,2014-12
2039169,15109622111000032000000000U8,CLINICA FLAMINGOS,,622111,Hospitales generales del sector privado,6 a 10 personas,CIRCUITO,FLAMINGOS,AVENIDA,FLAMINGOS,CALLE,CARDENALES,CALLE,ALANDRIZ,,SN,,,,,COLONIA,VALLE DE TULES,,,,54945.0,15,México,109,Tultitlán,3,Buenavista                                                                                                    ,1542,5,,,,Fijo,19.59120284,-99.17532792,2010-07
2035845,15020622111000063000000000U2,CLINICA FUTURA,CLINICA FUTURA SA DE CV,622111,Hospitales generales del sector privado,101 a 250 personas,CALLE,ENRIQUE MILLAN CEJUDO,OTRO(ESPECIFIQUE),ENRIQUE MILLAN CEJUDO,CALLE,CARLOS PICHARDO CRUZ,CALLE,EJE 26,263.0,,,,1.0,,UNIDAD HABITACIONAL,SAN RAFAEL,,,,55719.0,15,México,20,Coacalco de Berriozábal,1,San Francisco Coacalco                                                                                        ,0404,64,,MERCADOTECNIA@CLINICAFUTURA.COM,WWW.CLINICASFUTURA.COM,Fijo,19.6443393,-99.08651557,2010-07
2012323,15099622111000052001000000U9,CLINICA HOSPITAL SANTO NIÑO DE ATOCHA,MARIA ESTELA GARCIA GARCIA SC,622111,Hospitales generales del sector privado,11 a 30 personas,CALLE,BARRANQUILLA,CALLE,NARANJOS,CALLE,CHABACANO,CALLE,CAPULIN,1.0,,,,0.0,,COLONIA,SAN MARTIN,,,,56140.0,15,México,99,Texcoco,1,Texcoco de Mora                                                                                               ,0847,8,,CLINICASANTONINODEATOCHA@YAHOO.COM.MX,,Fijo,19.50177556,-98.8790431,2010-07
2111507,15121622112000077000000000U6,CLINICA IMSS NUMERO 52,INSTITITO MEXICANO DE EL SERGURO SOCIAL ,622112,Hospitales generales del sector público,251 y más personas,AVENIDA,MANZANA O EDIFICACION CONTIGUA,ANDADOR,CEDROS,AVENIDA,NEVADO DE TOLUCA,ANDADOR,CAPULIN,4.0,,,,,,COLONIA,INFONAVIT NORTE,,,,54420.0,15,México,121,Cuautitlán Izcalli,1,Cuautitlán Izcalli                                                                                            ,0816,26,,,,Fijo,19.67179659,-99.2161491,2010-07
2281409,15109622111000053001000000U4,CLINICA INTEGRAL DE ESPECIALIDADES ARELLANO,CLINICA INTEGRAL DE ESPECIALIDADES ARELLANO SA DE CV,622111,Hospitales generales del sector privado,11 a 30 personas,CALLE,CANARIOS,CALLE,ALBATROS,CALLE,TUCANES,CALLE,CALLE DE LAS ROSAS,0.0,SN,,,0.0,,COLONIA,VALLE DE TULES,,,,54945.0,15,México,109,Tultitlán,3,Buenavista                                                                                                    ,1538,3,,,,Fijo,19.5887826,-99.17989608,2014-12
10316487,15040622111000022000000000U6,CLINICA JIRAFITAS,,622111,Hospitales generales del sector privado,6 a 10 personas,PRIVADA,NINGUNO,CALLE,NINGUNO,CALLE,NINGUNO,CARRETERA,CARRETERA IXTAPAN COATEPEC,0.0,SN,,,,,COLONIA,3 DE MAYO,,,,51900.0,15,México,40,Ixtapan de la Sal,1,Ixtapan de la Sal                                                                                             ,013A,1,7223506823.0,,,Fijo,18.83087378,-99.69028478,2024-11
2401747,15113622311000013001000000U6,CLINICA LA DIVINA INFANTITA,,622311,Hospitales del sector privado de otras especialidades médicas,6 a 10 personas,CALLE,HIDALGO,AVENIDA,JOSE MARIA GARCIA,PRIVADA,NINGUNO,CALLE,ANTONIO MORALES,5.0,,,,0.0,,COLONIA,CENTRO,,,,51760.0,15,México,113,Villa Guerrero,1,Villa Guerrero                                                                                                ,0053,19,,DIVINAINFANTITA@YAHOO.COM.MX,,Fijo,18.96237344,-99.64315292,2010-07
2551886,15054622111000011000000000U0,CLINICA LA PROVIDENCIA,,622111,Hospitales generales del sector privado,0 a 5 personas,CALLE,H REDENCION,AVENIDA,IGNACIO COMONFORT,PRIVADA,NINGUNO,CALLE,ARTESANOS,5.0,,,,,,BARRIO,SAN FRANCICO COAXUSCO,,,,52177.0,15,México,54,Metepec,34,San Francisco Coaxusco                                                                                        ,0898,5,7222114176.0,ANAMABA@OUTLOOK.COM,WWW.CLINICAPROVIDENCIA.COM.MX,Fijo,19.27526437,-99.60653044,2010-07
2142513,15058622111000113001000000U5,CLINICA MARY JOSE,,622111,Hospitales generales del sector privado,0 a 5 personas,CALLE,LA NEGRA,CALLE,CIELITO LINDO,AVENIDA,CHIMALHUACAN,CALLE,LA GAVIOTA,106.0,,,,0.0,,COLONIA,BENITO JUAREZ,,,,57000.0,15,México,58,Nezahualcóyotl,1,Ciudad Nezahualcóyotl                                                                                         ,0609,1,,,,Fijo,19.40675172,-99.01583491,2010-07
1988998,15058622311000142000000000U0,CLINICA MATERNIDAD DOCTOR JIMENEZ Y DIAQUEZ,GUILLERMO JIMENEZ VENTURA SC,622311,Hospitales del sector privado de otras especialidades médicas,6 a 10 personas,AVENIDA,INGENIERO LUQUE LOYOLA,AVENIDA,LAGUNA DE TERMINOS,AVENIDA,LAGUNA DE SAN CRISTOBAL,CALLE,LAGO ONEGA,148.0,,,,0.0,,COLONIA,AGUA AZUL,,,,57500.0,15,México,58,Nezahualcóyotl,1,Ciudad Nezahualcóyotl                                                                                         ,0717,29,5557432712.0,,,Fijo,19.41248212,-99.03441005,2010-07
6265386,15070622311000105001000000U2,CLINICA MATERNIDAD SANTA FE,CLINICA DE MATERNIDAD SANTA FE SA DE CV,622311,Hospitales del sector privado de otras especialidades médicas,11 a 30 personas,CALLE,TIANGUIS,CALLE,ORIENTE,AVENIDA,TEXCOCO,PROLONGACION,TENANCINGO,11.0,L,,,1.0,,COLONIA,MAGDALENA DE LOS REYES,,,,56440.0,15,México,70,La Paz,1,Los Reyes Acaquilpan                                                                                          ,0478,19,,RH@CLINICASANTAFE.MX,,Fijo,19.36149046,-98.96755815,2010-07
7547828,15058622311000384000000000U8,CLINICA MATERNIDAD Y ESPECIALIDADES MEDICAS SANTA MONICA,,622311,Hospitales del sector privado de otras especialidades médicas,11 a 30 personas,CALLE,PALACIO NACIONAL,CALLE,FLAMINGOS,CALLE,ESCALERILLAS,CALLE,EXCONVENTO DE CHURUBUSCO,165.0,,,,0.0,,COLONIA,METROPOLITANA SEGUNDA SECCION,,,,57740.0,15,México,58,Nezahualcóyotl,1,Ciudad Nezahualcóyotl                                                                                         ,126A,5,,,WWW.CLINICASATAMONICA.COM,Fijo,19.39232393,-99.0244605,2019-11
2509268,15014622311000053000000000U2,CLINICA MATERNO INFANTIL LOS ANGELES,,622311,Hospitales del sector privado de otras especialidades médicas,11 a 30 personas,CALLE,FERMIN J VILLALOS,CALLE,MANUEL ACUÑA,CALLE,FERMIN J. VILLALOS,PRIVADA,NICOLAS GONZALEZ,0.0,SN,,,15.0,,COLONIA,CENTRO,,,,50450.0,15,México,14,Atlacomulco,1,Atlacomulco de Fabela                                                                                         ,0322,9,7121223541.0,,,Fijo,19.80002393,-99.87713983,2010-07
2101196,15065622311000023001000000U7,CLINICA MATERNO INFANTIL OTUMBA,,622311,Hospitales del sector privado de otras especialidades médicas,11 a 30 personas,CALLE,PORFIRIO DIAZ,CALLE,RICARDO FLORES MAGON,CALLE,JOSE E. FRANCO,CALLE,CALLEJON DEL CONSTITUYENTE,0.0,SN,,,,,PUEBLO,OTUMBA DE GOMEZ FARIAS,,,,55900.0,15,México,65,Otumba,1,Otumba de Gómez Farías                                                                                        ,0105,76,,,,Fijo,19.70037504,-98.75327473,2010-07
2184341,15122621113000061011081615M7,CLINICA MATERNO INFANTIL SAGRADA FAMILIA,,622311,Hospitales del sector privado de otras especialidades médicas,6 a 10 personas,AVENIDA,CUAUHTEMOC,AVENIDA,SOTO Y GAMA,CALLE,NORTE 33,CALLE,PONIENTE 12,0.0,SN,,,,,COLONIA,DEL CARMEN,,,,56619.0,15,México,122,Valle de Chalco Solidaridad,1,Xico                                                                                                          ,0669,34,5515677678.0,,,Fijo,19.3073941,-98.94774026,2010-07
2168619,15057622311000051000000000U5,CLINICA MATERNO INFANTIL TOHUI,,622311,Hospitales del sector privado de otras especialidades médicas,11 a 30 personas,CALLE,EMILIO GUSTAVO BAZ,CALLE,GENERAL JESUS CARRANZA,CALLE,VENUSTIANO CARRANZA,CALLE,GENERAL MATIAS RAMOS ORIENTE,46.0,,,,0.0,,COLONIA,HEROES DE LA REVOLUCION,,,,53840.0,15,México,57,Naucalpan de Juárez,1,Naucalpan de Juárez                                                                                           ,235A,22,,CLINICATOHUI30@GMAIL.COM,,Fijo,19.43037572,-99.24924844,2010-07
2190508,15121621113000171011000000U6,CLINICA MEDICA DE ESPECIALIDADES MICAELA,,622311,Hospitales del sector privado de otras especialidades médicas,11 a 30 personas,CALLE,JACARANDAS,CALLE,BOSQUE DE NOGAL,CALLE,BOSQUE DE PINO,CALLE,BOSQUES DE FRESNO,,SN,,,,,COLONIA,LOMAS DEL BOSQUE,,,,54765.0,15,México,121,Cuautitlán Izcalli,1,Cuautitlán Izcalli                                                                                            ,0553,28,,OSCHDL83@HOTMAIL.COM,,Fijo,19.61332172,-99.24035592,2010-07
2491066,15018622111000032000000000U1,CLINICA MEDICA HERNANDEZ,,622111,Hospitales generales del sector privado,6 a 10 personas,CALLE,VICENTE GUERRERO PONIENTE,AVENIDA,MIGUEL HIDALGO,CERRADA,MATAMOROS,CALLE,MATAMOROS,18.0,,,,,,BARRIO,SAN PEDRO Y SAN PABLO,,,,52200.0,15,México,18,Calimaya,1,Calimaya de Díaz González                                                                                     ,0124,24,7222441900.0,,,Fijo,19.16194002,-99.61935882,2010-07
2166668,15013622311000053000000000U4,CLINICA MEDICA INTEGRAL SAN MIGUEL,,622311,Hospitales del sector privado de otras especialidades médicas,6 a 10 personas,CALLE,LAGO DE GUADALUPE,CALLE,AVENIDA MALINCHE HIPODROMO,CALLE,MOCTEZUMA,CALLE,AVENIDA XOCHIMANCA,0.0,SN,,,0.0,,COLONIA,SAN MIGUEL XOXHIMANGA,,,,52927.0,15,México,13,Atizapán de Zaragoza,1,Ciudad López Mateos                                                                                           ,0560,25,,,,Fijo,19.57976291,-99.21718199,2010-07
2097029,15108622311000033001000000U4,CLINICA MEDICA MATERNA,,622311,Hospitales del sector privado de otras especialidades médicas,11 a 30 personas,CALLE,BUGAMBILIAS,CALLE,ALMENDROS,CERRADA,VIOLETAS,CALLE,HERMENEGILDO GALEANA,0.0,SN,,,,,COLONIA,CANTERA,,,,54964.0,15,México,108,Tultepec,1,Tultepec                                                                                                      ,0072,1,5558928733.0,WFOC@MATERNA.MX,WWW.MATERNA.MX,Fijo,19.69390116,-99.12955794,2010-07
2136673,15037622311000053000000000U3,CLINICA MEDICA MATERNIDAD DR ADRIAN,,622311,Hospitales del sector privado de otras especialidades médicas,11 a 30 personas,CALLE,SECRETARIA DE GOBERNACION,CALLE,SECRETARIA DE ECONOMIA,CALLE,SECRETARIA DE RELACIONES EXTERIORES,CALLE,NINGUNO,5.0,MZA 375,,,,,COLONIA,FEDERAL BUROCRATICA,,,,52777.0,15,México,37,Huixquilucan,71,Naucalpan de Juárez                                                                                           ,0064,4,5516190867.0,SANCHEZ80223FRANCIA@GMAIL.COM,,Fijo,19.41854173,-99.27133917,2010-07
2224190,15013622111000043000093730M9,CLINICA MEDICA NTRA SEÑORA DE LA LUZ,,622111,Hospitales generales del sector privado,31 a 50 personas,CALLE,LAGO DE GUADALUPE,CALLE,AVENIDA CONSTITUYENTES,CALLE,LEONARDO BRAVO,CALLE,BENITO JUAREZ,4.0,MZ 208,,,0.0,,COLONIA,MARGARITA MAZA DE JUAREZ,,,,52926.0,15,México,13,Atizapán de Zaragoza,1,Ciudad López Mateos                                                                                           ,1446,50,,,,Fijo,19.58850983,-99.22710454,2014-12
2496780,15101622111000022000000000U6,CLINICA MEDICA SAN ANGEL,MIGUEL ANGEL SIXTO GOMEZ LEYVA SA DE CV,622111,Hospitales generales del sector privado,11 a 30 personas,CALLE,ALDAMA,CALLE,5 DE MAYO,CALLE,JOSE CASTILLO,CALLE,VICENTE GUERRERO,214.0,,,,,,COLONIA,CENTRO,,,,52600.0,15,México,101,Tianguistenco,1,Santiago Tianguistenco de Galeana                                                                             ,0141,9,,SANANGELTIANGUISTENCO@HOTMAIL.COM,,Fijo,19.18265216,-99.46765225,2010-07
2413374,15063622111000013000000000U7,CLINICA MEDICA SAN LAZARO,,622111,Hospitales generales del sector privado,6 a 10 personas,CALLE,16 DE SEPTIEMBRE,CALLEJON,LUIS DONALDO COLOSIO,OTRO(ESPECIFIQUE),ARBOLEDA,OTRO(ESPECIFIQUE),ARBOLEDA,0.0,SN,,,0.0,,COLONIA,OCUILAN DE ARTEAGA,,,,52480.0,15,México,63,Ocuilan,1,Ocuilan de Arteaga                                                                                            ,0064,41,2217960059.0,,,Fijo,18.97821337,-99.41763167,2010-07
2130648,15002622111000031000000000U7,CLINICA MEDICA SANTA CECILIA,,622111,Hospitales generales del sector privado,6 a 10 personas,AVENIDA,AVENIDA DEL POTRERO ORIENTE,CALLE,JOSE MARIA MORELOS,CALLE,PETRONILO VILLASECA,CALLE,HIDALGO,,SN,,,,,MANZANA,ACOLMAN DE NEZAHUALCOYOTL,,,,55870.0,15,México,2,Acolman,1,Acolman de Nezahualcóyotl                                                                                     ,0232,11,,,,Fijo,19.63842035,-98.90846011,2010-07
2399933,15060622111000032000000000U3,CLINICA MEDICA SANTA CRUZ,,622111,Hospitales generales del sector privado,11 a 30 personas,PRIVADA,NINGUNO,CALLE,EMILIANO ZAPATA,CALLE,EMILIANO ZAPATA,CALLE,FRANCISCO VILLA,0.0,SN,,,0.0,,COLONIA,AZOTLAN,,,,54417.0,15,México,60,Nicolás Romero,1,Ciudad Nicolás Romero                                                                                         ,1094,28,5558285920.0,,,Fijo,19.63685056,-99.29683102,2010-07
8835588,15106622111000302000000000U1,CLINICA MEDICA SILOE,,622111,Hospitales generales del sector privado,11 a 30 personas,PRIVADA,NINGUNO,PRIVADA,NINGUNO,CALLE,IGNACIO LOPEZ RAYON,PRIVADA,MIGUEL HIDALGO,0.0,SN,,,,,LOCALIDAD,SAN MATEO OTZACATIPAN,,,,50220.0,15,México,106,Toluca,79,San Mateo Otzacatipan                                                                                         ,2271,29,,,,Fijo,19.33502241,-99.59829169,2019-11
2183444,15092622111000012001000000U8,CLINICA NUESTRA SEÑORA DE JUQUILA,,622111,Hospitales generales del sector privado,11 a 30 personas,AVENIDA,ZUMPANGO,PRIVADA,ZUMPANGO,AVENIDA,IGNACIO BETETA,AVENIDA,IGNACIO BETETA,,SN,,,,,PUEBLO,SANTA MARIA MAQUIXCO,,,,55840.0,15,México,92,Teotihuacán,1,Teotihuacán de Arista                                                                                         ,0189,17,5949561718.0,,,Fijo,19.68364217,-98.87842463,2010-07
2184739,15024622311000063000000000U0,CLINICA NUESTRA SEÑORA DEL RAYO,,622311,Hospitales del sector privado de otras especialidades médicas,11 a 30 personas,CALLE,IGNACIO ZARAGOZA,CALLE,SOR JUANA INES DE LA CRUZ,CALLE,GENERAL MARIANO ESCOBEDO,CALLE,CARRILLO PUERTO,203.0,,,,,,BARRIO,EL HUERTO,,,,54807.0,15,México,24,Cuautitlán,1,Cuautitlán                                                                                                    ,0032,16,5558720448.0,,,Fijo,19.67002369,-99.17957576,2010-07
2016908,15033622311000263010000000U7,CLINICA PROMEDICA PLEITSIN GROUP,,622111,Hospitales generales del sector privado,6 a 10 personas,AVENIDA,IGNACIO LOPEZ RAYON,CALLE,FUENTE JUPITER,CALLE,FUENTE DE PIREO,CALLE,FUENTE VULCANO,70.0,,,,0.0,,COLONIA,JARDINES DE MORELOS,,,,55070.0,15,México,33,Ecatepec de Morelos,1,Ecatepec de Morelos                                                                                           ,1542,19,,PROMEDICA_LAB@HOTMAIL.COM,,Fijo,19.59572686,-99.01198592,2010-07
8105011,15058622111000282000000000U8,CLINICA PUNTO MEDICO JOTHAN,CLINICA PUNTO MEDICO JOTHAN SA DE CV,622111,Hospitales generales del sector privado,6 a 10 personas,CALLE,VALLE DE OAXACA,CALLE,V ATEMAJAC,CALLE,VALLE DEL VISTULA,CALLE,AVENIDA CENTRAL CARLOS HANK GONZALEZ,47.0,,,,0.0,,COLONIA,VALLE DE ARAGON 2 SECCION,,,,57100.0,15,México,58,Nezahualcóyotl,1,Ciudad Nezahualcóyotl                                                                                         ,2022,3,,,,Fijo,19.48847774,-99.04541862,2019-11
2178570,15020622311000022000000000U4,CLINICA REENSS,,622311,Hospitales del sector privado de otras especialidades médicas,0 a 5 personas,CALLE,ABEDULES,CALLE,ALAMOS,CALLE,ALAMOS,CALLE,ALAMOS,35.0,,,,0.0,,COLONIA,VILLA DE LAS FLORES,,,,55710.0,15,México,20,Coacalco de Berriozábal,1,San Francisco Coacalco                                                                                        ,0156,50,,CONTACTOREENSS@GMAIL.COM,,Fijo,19.63658914,-99.1011594,2010-07
2528381,15004622112000011002000000U3,CLINICA REGIONAL ALOMOLOYA DE ALQUISIRAS,INSTITUTO DE SEGURIDAD SOCIAL DEL ESTADO DE MEXICO Y MUNICIPIOS ,622112,Hospitales generales del sector público,31 a 50 personas,CALLE,BENITO JUAREZ,PRIVADA,NINGUNO,PRIVADA,NINGUNO,PRIVADA,NINGUNO,0.0,SN,,,,,PUEBLO,AGUA FRIA,,,,51866.0,15,México,4,Almoloya de Alquisiras,1,Almoloya de Alquisiras                                                                                        ,0044,55,,,,Fijo,18.86517014,-99.88509368,2010-07
2496006,15101622112000054000000000U7,CLINICA REGIONAL ISSEMYN SANTIAGO TIANGUISTENCO,INSTITUTO DE SEGURIDAD SOCIAL DEL ESTADO DE MEXICO Y MUNICIPIOS ,622112,Hospitales generales del sector público,51 a 100 personas,AVENIDA,JOSE MARIA MORELOS Y PAVON,CALLE,LICENCIADO ADOLFO LOPEZ MATEOS,PRIVADA,NINGUNO,CALLE,CONSTITUYENTES,306.0,,,,0.0,,LOCALIDAD,SANTIAGO TIANGUISTENCO DE GALEANA,,,,52600.0,15,México,101,Tianguistenco,1,Santiago Tianguistenco de Galeana                                                                             ,0156,6,,,,Fijo,19.17990758,-99.46425277,2010-07
2501945,15040622112000026001000000U5,CLINICA REGIONAL IXTAPAN DE LA SAL,GOBIERNO ,622112,Hospitales generales del sector público,51 a 100 personas,PROLONGACION,16 DE SEPIEMBRE,CALLE,GUSTAVO BAZ,CALLE,HANK GONZALEZ,CALLE,GUSTAVO BAZ,0.0,SN,,,,SN,COLONIA,IXTAPITA,,,,51907.0,15,México,40,Ixtapan de la Sal,1,Ixtapan de la Sal                                                                                             ,0055,7,7211432357.0,DIRIXTAPANDELASAL@HOTMAIL.COM,,Fijo,18.844629,-99.68267496,2010-07
2325505,15099622111000162000000000U6,CLINICA RIVA PALACIO SA.CV,YOLANDA URIBE MONTESINOS SA DE CV,622111,Hospitales generales del sector privado,11 a 30 personas,CALLE,BENITO JUAREZ,PRIVADA,16 DE SEPTIEMBRE,AVENIDA,BENITO JUAREZ,PRIVADA,16 DE SEPTIEMBRE,3.0,,,,0.0,,PUEBLO,VICENTE RIVA PALACIO,,,,56200.0,15,México,99,Texcoco,47,Vicente Riva Palacio                                                                                          ,1544,12,7292237292.0,CLINICARIVAPALACIO@GMAIL.COM,,Fijo,19.5312615,-98.91148965,2014-12
6438936,15082622111000011001000000U1,CLINICA SAGRADO CORAZON DE JESUS,,622111,Hospitales generales del sector privado,6 a 10 personas,CALLE,RICARDO FLORES MAGON,CALLE,LAZARO CARDENAS,CALLE,VENUSTIANO CARRANZA,PROLONGACION,INDEPENDENCIA,13.0,,,,0.0,,COLONIA,EL CALVARIO,,,,51411.0,15,México,82,Tejupilco,1,Tejupilco de Hidalgo                                                                                          ,045A,20,,,,Fijo,18.90596145,-100.15866396,2010-07
2383817,15106622112000092000000000U6,CLINICA SALUDIF,DIF ,622112,Hospitales generales del sector público,11 a 30 personas,CALLE,CONSTITUCION,CALLE,AGUSTIN MILLAN,CALLE,CONSTITUCION,CALLE,CONSTITUCION,113.0,,,,,,PUEBLO,SAN PABLO AUTOPAN,,,,50290.0,15,México,106,Toluca,83,San Pablo Autopan                                                                                             ,1517,39,7222964143.0,,,Fijo,19.36150511,-99.66342171,2014-12
1998338,15075622111000013001000000U1,CLINICA SAN MARTIN,,622111,Hospitales generales del sector privado,6 a 10 personas,CALLE,IGNACIO ZARAGOZA,CALLE,PRIMERO DE MAYO,CALLE,TORRENTE,CALLE,PORFIRIO DIAZ,0.0,SN,,,0.0,,PUEBLO,SAN MARTIN DE LAS PIRAMIDES,,,,55850.0,15,México,75,San Martín de las Pirámides,1,San Martín de las Pirámides                                                                                   ,0154,7,,,,Fijo,19.70239265,-98.83660323,2010-07
2014625,15058622111000243001000000U0,CLINICA SANTA ELENA DE LA CRUZ,,622111,Hospitales generales del sector privado,0 a 5 personas,CALLE,AVENIDA SAN ANGEL,CALLE,ESCONDIDA,CALLE,GLORIETA COLON,CALLE,POLANCO,417.0,,,,0.0,,COLONIA,JOSE VICENTE VILLADA,,,,57710.0,15,México,58,Nezahualcóyotl,1,Ciudad Nezahualcóyotl                                                                                         ,0986,9,,,,Fijo,19.39778098,-99.01118401,2010-07
2383467,15106622111000092000000000U8,CLINICA SANTA FE,,622111,Hospitales generales del sector privado,11 a 30 personas,CALLE,5 DE MAYO,CALLE,NINGUNO,CALLE,NINGUNO,PRIVADA,SAN ANTONIO,107.0,B,,,,,PUEBLO,SAN PABLO AUTOPAN,,,,50290.0,15,México,106,Toluca,83,San Pablo Autopan                                                                                             ,2712,35,7224437798.0,SANTAFE_CLINICA@GMAIL.COM,,Fijo,19.35367159,-99.65465612,2010-07
2177607,15058622111000183000000000U8,CLINICA SANTA MARIA,,622111,Hospitales generales del sector privado,0 a 5 personas,CALLE,FLORES MEXICANAS,AVENIDA,CHIMALHUACAN,CALLE,CIELITO LINDO,CALLE,EL CLAVELERO,102.0,,,,0.0,,COLONIA,BENITO JUAREZ,,,,57000.0,15,México,58,Nezahualcóyotl,1,Ciudad Nezahualcóyotl                                                                                         ,0628,19,,DRADELIARB@YAHOO.COM.MX,,Fijo,19.40328966,-99.00887491,2010-07
10611954,15070622311000143000000000U3,CLINICA SANTA MARIA,SANTA MARIA SA DE CV,622311,Hospitales del sector privado de otras especialidades médicas,11 a 30 personas,CALLE,XALTENGO,CALLE,PIRUL,AVENIDA,AVENIDA DE LAS TORRES,AVENIDA,AVENIDA DE LAS TORRES,0.0,SN,,,,,COLONIA,EMILIANO ZAPATA,,,,56490.0,15,México,70,La Paz,13,Emiliano Zapata                                                                                               ,1014,23,,,,Fijo,19.3476267,-98.97574596,2024-11
2509183,15014622111000013000052056M0,CLINICA SANTA MARIA ATLACOMULCO,CLINICA SANTA MARIA ATLACOMULCO SA DE CV,622111,Hospitales generales del sector privado,11 a 30 personas,AVENIDA,JUAN DE DIOS PEZA,CALLE,MANUEL ACUÑA,AVENIDA,MARIO COLIN SANCHEZ,CALLE,NICOLAS BRAVO,0.0,SN,CLINICA SANTA MARIA,PISO 2,,,COLONIA,CENTRO,"HOSPITAL, CENTRO MEDICO O CLINICA",CLINICA SANTA MARIA,SN,50450.0,15,México,14,Atlacomulco,1,Atlacomulco de Fabela                                                                                         ,0322,3,,SANTAMARIA_CLINICA@YAHOO.COM.MX,,Fijo,19.79842496,-99.87916385,2010-07
2110236,15057622111000092000000000U3,CLINICA SANTA RITA,,622111,Hospitales generales del sector privado,6 a 10 personas,AVENIDA,LAS PALMAS,CALLE,MAGUEY,AVENIDA,LAS PALMAS,CALLE,ALLENDE,32.0,,,,0.0,,COLONIA,LAS HUERTAS 1RA SECCION,,,,53427.0,15,México,57,Naucalpan de Juárez,1,Naucalpan de Juárez                                                                                           ,1686,42,5553077124.0,,,Fijo,19.46488852,-99.27656901,2010-07
9439422,15106622111000402000000000U9,CLINICA SANTA TERESA ATENCION MEDICA Y QUIRURGICA,CLINICA SANTA TERESA ATENCION MEDICA Y QUIRURGICA SA DE CV,622111,Hospitales generales del sector privado,6 a 10 personas,CALLE,TIANGUISTENCO,CALLE,TEXCOCO,CALLE,TENANCINGO,CALLE,GENERAL AGUSTIN MILLAN,305.0,,,,0.0,,COLONIA,ELECTRICISTAS,,,,50040.0,15,México,106,Toluca,1,Toluca de Lerdo                                                                                               ,042A,11,,CLINICASANTATERESA@GMAIL.COM,,Fijo,19.29226422,-99.67210856,2023-11
2174520,15033622311000314001000000U8,CLINICA SANTA TERESA II,CLINICA SANTA TERESA II MEDICOS ESPECILISTAS SC,622311,Hospitales del sector privado de otras especialidades médicas,11 a 30 personas,AVENIDA,HALCON,CALLE,ALBATROS,CALLE,FAISAN,CALLE,GARCETA,45.0,,,,,,COLONIA,RINCONADA DE ARAGON,,,,55140.0,15,México,33,Ecatepec de Morelos,1,Ecatepec de Morelos                                                                                           ,2451,28,,CLINICA_STA_TERESA@HOTMAIL.COM,,Fijo,19.52503911,-99.02426406,2010-07
1974802,15092622311000023001000000U1,CLINICA TEOTIHUACAN,,622311,Hospitales del sector privado de otras especialidades médicas,6 a 10 personas,CALLE,DE LOS POTREROS,PRIVADA,NINGUNO,AVENIDA,MEXICO SAN LORENZO,CERRADA,NINGUNO,0.0,SN,,,,,BARRIO,BARRIO DE PURIFICACION,,,,55804.0,15,México,92,Teotihuacán,1,Teotihuacán de Arista                                                                                         ,0085,1,,CLINICATEOTIHUACAN2012@GMAIL.COM,,Fijo,19.67766576,-98.87013215,2010-07
2096661,15033622311000192000000000U8,CLINICA TORRES,EDGAR TORRS LOPEZ SC,622311,Hospitales del sector privado de otras especialidades médicas,11 a 30 personas,CALLE,C H,CALLE,C. 8,CALLE,C. 6,CALLE,C. 3,0.0,SN,,,,,COLONIA,JARDINES DE SANTA CLARA,,,,55450.0,15,México,33,Ecatepec de Morelos,1,Ecatepec de Morelos                                                                                           ,0489,16,5557759513.0,,,Fijo,19.54945261,-99.04209673,2010-07
1971528,15024622111000033001000000U7,CLINICA TORRES,,622111,Hospitales generales del sector privado,11 a 30 personas,AVENIDA,DE LOS FRESNOS,CALLE,20 DE NOVIEMBRE,CALLE,JACARANDAS,CALLE,20 DE NOVIEMBRE,0.0,SN,,,,,COLONIA,EL NOPALITO,,,,54800.0,15,México,24,Cuautitlán,1,Cuautitlán                                                                                                    ,0028,3,,CLINICATORRES0102@HOTMAIL.COM,,Fijo,19.6746627,-99.1824176,2010-07
10534715,15109622311000093000000000U6,CLINICA UNIDAD MEDICA QUIRURGICA HOSPITALES LOS ANGELES,,622311,Hospitales del sector privado de otras especialidades médicas,11 a 30 personas,CALLE,FRANCISCO SARABIA,CALLE,5 DE FEBRERO,CALLE,PRIMERO DE MAYO,CALLE,ALVARO OBREGON,0.0,SN,,,,,COLONIA,BENITO JUAREZ,,,,54942.0,15,México,109,Tultitlán,3,Buenavista                                                                                                    ,0737,16,,MEDICA.QUIRURGICA.LOSANGELES@GMAIL.COM,,Fijo,19.60431021,-99.16069798,2024-11
10570947,15057622311000282000000000U6,CLINICA VIMET,ZELE SA,622311,Hospitales del sector privado de otras especialidades médicas,6 a 10 personas,CALLE,FEDERICO T DE LA CHICA,CALLE,NINGUNO,CALLE,NINGUNO,CALLE,MANUEL IZAGUIRRE,17.0,,,,,,CIUDAD,CIUDAD SATELITE,,,,53100.0,15,México,57,Naucalpan de Juárez,1,Naucalpan de Juárez                                                                                           ,121A,32,,,,Fijo,19.5132877,-99.23104506,2024-11
2154264,15104622311000143000000000U0,CLINICA VIVEROS,CLINICA VIVEROS SA DE CV,622311,Hospitales del sector privado de otras especialidades médicas,11 a 30 personas,AVENIDA,VIVEROS DE PETEN,CALLE,PLANTA INFIERNILLO,CALLE,8 VIVEROS DE PETEN,CALLE,C5 DE PETEN,28.0,,,,,,FRACCIONAMIENTO,VIVEROS DEL VALLE,,,,54060.0,15,México,104,Tlalnepantla de Baz,1,Tlalnepantla                                                                                                  ,0567,29,5554074470.0,CLINICAVIVEROS.OF@GMAIL.COM,,Fijo,19.53289157,-99.21651821,2010-07
8960284,15020622311000102000000000U4,CLINICAL CENTER COACALCO,,622311,Hospitales del sector privado de otras especialidades médicas,11 a 30 personas,CALLE,AGUSTIN DE ITURBIDE,CALLE,16 DE SEPTIEMBRE,PRIVADA,NINGUNO,CALLE,AGUSTIN DE ITURBIDE,30.0,,,,,,COLONIA,SAN FRANCISCO COACALCO,,,,55707.0,15,México,20,Coacalco de Berriozábal,1,San Francisco Coacalco                                                                                        ,0048,19,,CLINICALCENTERCOACALCO@HOTMAIL.COM,WWW.CLINICALCENTERCOACALCO.COM,Fijo,19.63217557,-99.11110396,2019-11
9068371,15033622111000381000000000U1,CMI SANTO TOMAS CENTRO MEDICO INTEGRAL,,622111,Hospitales generales del sector privado,0 a 5 personas,CALLE,MORELOS,CALLE,SEGUNDA MORELOS,CALLE,CORREGIDORA,AVENIDA,NACIONAL,0.0,SN,,,0.0,0,PUEBLO,SANTO TOMAS CHICONAUTLA,,,,55069.0,15,México,33,Ecatepec de Morelos,1,Ecatepec de Morelos                                                                                           ,3445,8,,,,Fijo,19.63808833,-99.00434818,2019-11
11538606,15033622112000363000000000U7,COMEDOR DEL HOSPITAL GENERAL ECATEPEC DR JOSE MARIA RODRIGUEZ,COMEDOR DEL HOSPITAL GENERAL ECATEPEC ,622112,Hospitales generales del sector público,11 a 30 personas,CALLE,LEONA VICARIO,CALLE,C. 10,PRIVADA,MIGUEL ALEMAN,CALLE,"MARAVILLAS, VALLE DEL MAYO",0.0,SN,,,,,COLONIA,VALLE DE ANAHUAC,,,,55210.0,15,México,33,Ecatepec de Morelos,1,Ecatepec de Morelos                                                                                           ,3549,30,,,,Fijo,19.51456767,-99.03803406,2024-11
11832705,15104622111000221000000000U8,COMERCIALIZADORA Y DISTRIBUIDORA OX MAR DE EQUIPOS MEDICOS,,622111,Hospitales generales del sector privado,0 a 5 personas,AVENIDA,Sindicato Nacional de Electricistas,CALLE,Planta el Retiro,CALLE,Viveros de la Hacienda,CALLE,Planta los Tuxtlas,35.0,B,,,0.0,,FRACCIONAMIENTO,ELECTRA,,,,54060.0,15,México,104,Tlalnepantla de Baz,1,Tlalnepantla                                                                                                  ,0764,24,,ARZATEVO@GMAIL.COM,,Fijo,19.52691769,-99.22166735,2025-04
9582955,15099622311000151000000000U5,CONSULTORIO CARDIOVASCULAR,,622311,Hospitales del sector privado de otras especialidades médicas,0 a 5 personas,CERRADA,SEGUNDA LAS SALINAS,CALLE,ARTEAGA,CALLE,NEZAHUALCOYOTL,CERRADA,PRIMERA LAS SALINAS,0.0,SN,,,,,COLONIA,NIÑOS HEROES,,,,56160.0,15,México,99,Texcoco,1,Texcoco de Mora                                                                                               ,0813,18,5625924835.0,DR_OLIGAR@YAHOO.COM,,Fijo,19.51223485,-98.89055983,2024-11
2478962,15110621113000141000000000U2,CONSULTORIO DE ESPECIALIDAD GINECOLOGIA Y OBSTETRICIA,,622311,Hospitales del sector privado de otras especialidades médicas,0 a 5 personas,BOULEVARD,JUAN HERRERA Y PIÑA,CERRADA,MARIANO ARISTA,PRIVADA,BELISARIO DOMINGUEZ,BOULEVARD,JUAN HERRERA Y PIÑA,0.0,SN,,,0.0,,COLONIA,EL CALVARIO,,,,51200.0,15,México,110,Valle de Bravo,1,Valle de Bravo                                                                                                ,0102,15,,,,Fijo,19.20442516,-100.12804352,2014-12
10422919,15014622311000061000000000U5,CONSULTORIO GINECOLOGIA OBSTETRICIA,,622311,Hospitales del sector privado de otras especialidades médicas,0 a 5 personas,CALLE,IGNACIO ZARAGOZA SEGUIN NORTE,AVENIDA,JOSE VICENTE VILLADA,CALLE,JOSE MARIA MORELOS ORIENTE,CALLE,IGNACIO ZARAGOZA SEGUIN NORTE,0.0,SN,,,,,COLONIA,CENTRO,,,,50450.0,15,México,14,Atlacomulco,1,Atlacomulco de Fabela                                                                                         ,0341,3,7222305638.0,,,Fijo,19.79983246,-99.87150443,2024-11
11679123,15051622311000071000000000U6,CONSULTORIO MEDICO,,622311,Hospitales del sector privado de otras especialidades médicas,0 a 5 personas,CERRADA,TERCERA CERRADA DE JUAREZ,CERRADA,TERCERA CERRADA DE JUAREZ,AVENIDA,JUAREZ,CERRADA,DE JUAREZ,0.0,SN,,,,,PUEBLO,SAN PEDRO TULTEPEC,,,,52030.0,15,México,51,Lerma,24,San Pedro Tultepec                                                                                            ,0379,33,7224746909.0,,,Fijo,19.27390542,-99.51412781,2024-11
10368011,15010622111000023000000000U7,CONSULTORIO MEDICO FARMACIA Y LABORATORIO,,622111,Hospitales generales del sector privado,11 a 30 personas,CALLE,MINA,CALLE,ALLENDE,CALLE,HIDALGO,CALLE,VICTORIA,0.0,SN,,,,,COLONIA,APAXCO DE OCAMPO,,,,55660.0,15,México,10,Apaxco,1,Apaxco de Ocampo                                                                                              ,022A,5,5551864806.0,,,Fijo,19.97207826,-99.16982955,2024-11
11755561,15088622311000031000000000U2,CONSULTORIO PEDRIATA,,622311,Hospitales del sector privado de otras especialidades médicas,0 a 5 personas,CALLE,MATAMOROS NORTE,CALLE,CIPRES,CALLE,NEZAHUALCOYOTL ORIENTE,CALLE,GUILLERMO PRIETO NORTE,0.0,SN,,,,,CONDOMINIO,TEOTLA,,,,52400.0,15,México,88,Tenancingo,1,Tenancingo de Degollado                                                                                       ,0114,6,,,,Fijo,18.96558658,-99.58814153,2025-04
6882149,15058622111000273000024367S7,CONSULTORIO ZONA NORTE NEZAHUALCOYOTL,CRUZ ROJA MEXICANA,622111,Hospitales generales del sector privado,0 a 5 personas,CERRADA,CICLAMORES,CALLE,ALAMOS,CALLE,CALAMBUCOS,CALLE,EUCALIPTOS,48.0,,,,,,COLONIA,LA PERLA,,,,,15,México,58,Nezahualcóyotl,1,Ciudad Nezahualcóyotl                                                                                         ,1024,21,,MNUNEZ@GRUPOCETI.COM,WWW.CRUZROJAMEXICANA.ORG.MX,Fijo,19.38910764,-98.99746277,2019-04
1990627,15025622111000053000000000U2,CONSULTORIOS DE MARIA,,622111,Hospitales generales del sector privado,0 a 5 personas,CALLE,PORVENIR,CALLE,FRANCISCO JAVIER MINA,PROLONGACION,VICENTE GUERRERO,CALLE,IGNACIO ALLENDE,,SN,,,,,BARRIO,SAN FRANCISCO,,,,56600.0,15,México,25,Chalco,1,Chalco de Díaz Covarrubias                                                                                    ,1216,14,,,,Fijo,19.2615929,-98.89048103,2010-07
11454641,15113622112000021000000000U1,COORDINACION MUNICIPAL DE SALUD VILLA GUERRERO,INSTITUTO DE SALUD ESTADO DE MEXICO ,622112,Hospitales generales del sector público,0 a 5 personas,CALLE,MATAMOROS,CALLE,NINGUNO,CALLE,INDEPENDENCIA,CALLE,NINGUNO,0.0,SN,,,,,PROLONGACION,INDEPENDENCIA,,,,51760.0,15,México,113,Villa Guerrero,1,Villa Guerrero                                                                                                ,0068,34,,,,Fijo,18.95580891,-99.64090811,2024-11
2403870,15060622311000072000000000U5,COORPORATIVO D CARLO,CORPORATIVO D CARLO SA,622311,Hospitales del sector privado de otras especialidades médicas,11 a 30 personas,CALLE,LUCIERNAGA,AVENIDA,LA COLMENA,CALLE,SAN JUAN TLIHUACA,AVENIDA,LA COLMENA,1.0,A,,,0.0,,FRACCIONAMIENTO,ARCOIRIS,,,,54467.0,15,México,60,Nicolás Romero,1,Ciudad Nicolás Romero                                                                                         ,1111,6,,,,Fijo,19.60114485,-99.28911443,2010-07
9769326,15013622311000104000000000S5,CORPORATIVO HOSPITAL SATELITE ESMERALDA,CORPORATIVO HOSPITAL SATELITE ESMERALDA SA DE CV,622311,Hospitales del sector privado de otras especialidades médicas,31 a 50 personas,CALLE,NINGUNO,ANDADOR,NINGUNO,CALLE,VIA JORGE JIMENEZ CANTU,CALLE,VIA JORGE JIMENEZ CANTU,17.0,,,,,,MANZANA,CIRCUITO PLAZA ESMERALDA,,,,52930.0,15,México,13,Atizapán de Zaragoza,1,Ciudad López Mateos                                                                                           ,1605,2,,ENCARGADOCME@HOSPITALSATELITE.COM,WWW.HOSPITALSATELITE.COM,Fijo,19.5600433,-99.29696697,2024-11
2176997,15104622311000173000000000U7,CORPORATIVO MEDICO INTEGRAL ALFA OMEGA,CORPORATIVO MEDICO INTEGRAL ALFA OMEGA SA DE CV,622311,Hospitales del sector privado de otras especialidades médicas,11 a 30 personas,CALLE,CONVENTO DE SANTA MONICA,CALLE,CONVENTO DE SANTA BRIGIDA,CALLE,CONVENTO DE SAN AGUSTIN,CALLE,CONVENTO DE SAN AGUSTIN,0.0,SN,,,,,FRACCIONAMIENTO,JARDINES DE SANTA MONICA,,,,54050.0,15,México,104,Tlalnepantla de Baz,1,Tlalnepantla                                                                                                  ,0497,12,,,,Fijo,19.53429377,-99.22602887,2010-07
9109961,15121622112000125000000000U3,CRUZ ROJA,CRUZ ROJA MEXICANA ,622112,Hospitales generales del sector público,11 a 30 personas,AVENIDA,DE LAS LOMAS,AVENIDA,MONTAÑAS,AVENIDA,TEOTIHUACAN,AVENIDA,DE LAS LOMAS,0.0,SN,,,0.0,,COLONIA,ATLANTA,,,,54720.0,15,México,121,Cuautitlán Izcalli,1,Cuautitlán Izcalli                                                                                            ,2507,26,,,,Fijo,19.64329838,-99.22034586,2019-11
2023782,15020622111000103000000000U6,CRUZ ROJA DELEGACION COACALCO SAN RAFAEL,,622111,Hospitales generales del sector privado,11 a 30 personas,CALLE,GABINO HERNANDEZ,CALLE,GERMAN GARCIA,CALLE,EJE 13,CALLE,EJE 13,0.0,SN,,,,,UNIDAD HABITACIONAL,SAN RAFAEL,,,,55719.0,15,México,20,Coacalco de Berriozábal,1,San Francisco Coacalco                                                                                        ,0387,40,,CRMCOACALCO@HOTMAIL.COM,,Fijo,19.65036813,-99.08305085,2010-07
7050538,15009622111000022000000000S1,CRUZ ROJA MEXICANA,JUAN LUIS VIVES SC,622111,Hospitales generales del sector privado,0 a 5 personas,CALLE,FRAY MARTIN DE VALENCIA,CALLE,LA SOLEDAD,CALLE,CRUZ VERDE,CALLE,ALDAMA,0.0,SN,,,37.0,,SECCION,SACROMONTE,,,,56900.0,15,México,9,Amecameca,1,Amecameca de Juárez                                                                                           ,0144,17,,,,Fijo,19.12445102,-98.77117581,2019-11
2206601,15057622111000196000000000U2,CRUZ ROJA MEXICANA DELEGACION NAUCALPAN,INSTITUCION DE ASISTENCIA PRIVADA,622111,Hospitales generales del sector privado,101 a 250 personas,AVENIDA,DE LOS ARCOS,AVENIDA,NORTEAMÉRICA,CALLE,NINGUNO,AVENIDA,DEL BOSQUE,48.0,,,,,,COLONIA,INDUSTRIAL TLATILCO,,,,53030.0,15,México,57,Naucalpan de Juárez,1,Naucalpan de Juárez                                                                                           ,0245,12,,ALTORREBLANCA.MX@CRUZROJAMEXICANA.ORG.MX,WWW.CRUZROJA.COM,Fijo,19.47728315,-99.24319194,2014-12
2519324,15054622111000064000000000U9,CRUZ ROJA MEXICANA METEPEC,CROJA AC,622111,Hospitales generales del sector privado,11 a 30 personas,AVENIDA,MANUEL J CLOUTHIER,CALLE,EMILIANO ZAPATA,CALLE,TEOLOYUCAN,CALLE,MUNICIPIO DE TULTITLAN,165.0,,,,,,COLONIA,IZCALLI CUAHUTEMOC 3,,,,52176.0,15,México,54,Metepec,49,San Salvador Tizatlalli                                                                                       ,1129,4,7222118130.0,CONTABILIDADMETEPEC@GMAIL.COM,,Fijo,19.27159153,-99.59537398,2010-07
2188812,15058622111000133001024367S3,"CRUZ ROJA MEXICANA UNIDAD NEZAHUALCOYOTL, LA PERLA",,622111,Hospitales generales del sector privado,0 a 5 personas,CALLE,CICLAMORES,CALLE,ÁLAMOS,PRIVADA,CERRADA CICLAMORES,CALLE,EUCALIPTOS,0.0,SN,,,,,COLONIA,LA PERLA,,,,,15,México,58,Nezahualcóyotl,1,Ciudad Nezahualcóyotl                                                                                         ,1024,21,,DELEGACIONNEZA-NEZAHUALCOYOTL-PERLA@HOTMAIL.COM,,Fijo,19.38898932,-98.99752698,2010-07
8278283,15024622111000065000000000U9,CRUZ ROJAMEXICANA DELEGACION CUAUTITLAN MEXICO,CRUZ ROJA MEXICANA DELEGACION CUAUTITLAN MEXICO AC,622111,Hospitales generales del sector privado,51 a 100 personas,CALLE,ENRIQUE DUNANT,CALLE,DOS,CALLE,TRES,CALLE,TRES,0.0,SN,,,,,COLONIA,EL REPARTIDOR,,,,54879.0,15,México,24,Cuautitlán,1,Cuautitlán                                                                                                    ,0051,5,,,,Fijo,19.66049416,-99.17900835,2019-11
6437326,15058622111000173000000000U9,DIAGNOSTICA CENTRO DE ESPECIALIDADES MEDICAS,DIAGNOSTICA CENTRO DE ESPECIALIDADES MEDICAS SA DE CV,622111,Hospitales generales del sector privado,11 a 30 personas,AVENIDA,NEZAHUALCOYOTL,CALLE,BENITO JUAREZ,CALLE,IGNACIO ZARAGOZA,CALLE,VILLA VICTORIA,99.0,,,,,,COLONIA,ATLACOMULCO,,,,57720.0,15,México,58,Nezahualcóyotl,1,Ciudad Nezahualcóyotl                                                                                         ,1217,3,,DIAGNOSTICA_CLINICA@HOTMAIL.COM.MX,,Fijo,19.39716277,-99.03960873,2010-07
11616317,15121622112000134000000000U5,DIF CENTRO ESTATAL DE REHABILITACION,DIF CENTRO ESTATAL DE REHABILITACION ,622112,Hospitales generales del sector público,31 a 50 personas,AVENIDA,RANCHO DEL JACAL,CALLE,PASEO JUAN PABLO SEGUNDO,AVENIDA,SAN ANTONIO,CALLE,LIRIO,0.0,SN,,,,,COLONIA,SANTA ROSA DE LIMA,,,,54740.0,15,México,121,Cuautitlán Izcalli,1,Cuautitlán Izcalli                                                                                            ,0229,4,5589427680.0,,,Fijo,19.65689098,-99.22293037,2024-11
2216765,15121622312000015001000000U2,DIF CUAUTITLAN IZCALLI CLINICA MATERNO INFANTIL LICENCIADO MANUEL GOMEZ MORIN,,622312,Hospitales del sector público de otras especialidades médicas,101 a 250 personas,AVENIDA,MOLINO DE LAS FLORES,CALLE,NINGUNO,ANDADOR,NINGUNO,AVENIDA,TORRE INFONAVIT,4.0,,,,,,MANZANA,INFONAVIT CENTRO,,,,54743.0,15,México,121,Cuautitlán Izcalli,1,Cuautitlán Izcalli                                                                                            ,180A,8,5558687374.0,,,Fijo,19.63713714,-99.21376975,2014-12
10991592,15095622112000041000000000U8,DIFSPENSARIO,H. AYUNTAMIENTO DE TEPOTZOTLAN ,622112,Hospitales generales del sector público,0 a 5 personas,AVENIDA,DEL TRABAJO,CALLE,IGNACIO MANUEL ALTAMIRANO,AVENIDA,INSURGENTES,CALLE,2 DE MARZO,0.0,SN,,,,,BARRIO,TEXCACOA,,,,54605.0,15,México,95,Tepotzotlán,1,Tepotzotlán                                                                                                   ,0246,24,,,,Fijo,19.71246081,-99.22189389,2024-11
9794081,15033622112000321000000000U5,DIRECCION GENERAL DE MEDICINA,UNIDAD MEDICA ECATEPEC ,622112,Hospitales generales del sector público,0 a 5 personas,CALLE,FRANCISCO SARABIA,CALLE,NINGUNO,CALLE,JOSE VICENTE VILLADA,CALLE,EMILIANO ZAPATA,0.0,SN,,,,,COLONIA,SAN CRISTOBAL CENTRO,,,,55000.0,15,México,33,Ecatepec de Morelos,1,Ecatepec de Morelos                                                                                           ,0154,59,,,,Fijo,19.59566389,-99.04428475,2024-11
9717359,15034622112000021000000000U9,DISPENSARIO MEDICO XOLA,SISTEMA MUNICIPAL DIF ,622112,Hospitales generales del sector público,0 a 5 personas,CALLE,LAS COLONIAS,CALLE,VENUSTIANO CARRANZA,CALLE,AMERICA,CALLE,VENUSTIANO CARRANZA,0.0,SN,,,,,BARRIO,SAN MIGUEL,,,,56990.0,15,México,34,Ecatzingo,1,Ecatzingo de Hidalgo                                                                                          ,0096,8,,,,Fijo,18.95796689,-98.74199596,2024-11
11296878,15037622312000024000000000U2,EDIFICIO MATERNIDAD ISEEM,GOBIERNO DEL ESTADO DE MEXICO ,622312,Hospitales del sector público de otras especialidades médicas,31 a 50 personas,CERRADA,LUIS PASTEUR,CALLE,AGUSTIN MELGAR,CALLE,JOSEFA ORTIZ DE DOMINGUEZ,CERRADA,LUIS PASTEUR,0.0,SN,,,,,BARRIO,SAN JUAN BAUTISTA,,,,52760.0,15,México,37,Huixquilucan,1,Huixquilucan de Degollado                                                                                     ,0577,2,,,,Fijo,19.36340295,-99.34093465,2024-11
9275448,15106622111000391000000000U3,EL NEVADO HOSPITAL,SERVICIOS HOSPITALARIOS EL NEVADO SA,622111,Hospitales generales del sector privado,31 a 50 personas,CALLE,CERRO DE LA ESTRELLA,CALLE,ANTONIO SALANUEVA,CALLE,CITLALTÉPETL,CALLE,MITLACUEYE,100.0,,,,,,COLONIA,BENITO JUAREZ,,,,50190.0,15,México,106,Toluca,1,Toluca de Lerdo                                                                                               ,2159,31,,RECURSOSHUMANOS@HOSPITALELNEVADO.COM,,Fijo,19.26476025,-99.63602687,2020-11
2132834,15058622311000313000000000U7,ESPECIALIDADES MEDICOQUIRURGICAS ROMERO,ESPECIALIDADES MEDICO QUIRURGICAS ROMERO AC,622311,Hospitales del sector privado de otras especialidades médicas,0 a 5 personas,AVENIDA,MEXICO,CALLE,MARIANO AZUELA,CALLE,BRAVO,CALLE,ALLENDE,116.0,,,,,,COLONIA,RAUL ROMERO,,,,57630.0,15,México,58,Nezahualcóyotl,1,Ciudad Nezahualcóyotl                                                                                         ,1202,8,,ESP.MEDICOQUIRURGICASROMERO@GMAIL.COM.MX,,Fijo,19.39899622,-99.0416125,2010-07
2440150,15054812410000391010000000U2,ESTACIONAMIENTO AUXILIAR,,622311,Hospitales del sector privado de otras especialidades médicas,0 a 5 personas,CALLE,JOSEFA ORTIZ DE DOMINGUEZ,PRIVADA,NINGUNO,AVENIDA,BENITO JUAREZ,CALLE,LEONA VICARIO,0.0,SN,,,,,BARRIO,SAN FRANCISCO COAXUSCO,,,,52169.0,15,México,54,Metepec,1,Metepec                                                                                                       ,0722,32,,,,Fijo,19.25904035,-99.61621096,2014-12
8501699,15014812410000211000052056S6,ESTACIONAMIENTO DE LA CLINICA SANTA MARIA,CLINICA SANTA MARIA ATLACOMULCO SA DE CV,622111,Hospitales generales del sector privado,0 a 5 personas,AVENIDA,MARIO COLIN SANCHEZ,AVENIDA,JUAN DE DIOS PEZA,CALLE,NICOLAS BRAVO,CALLE,MANUEL ACUÑA,0.0,SN,,,,,COLONIA,CENTRO,,,,50450.0,15,México,14,Atlacomulco,1,Atlacomulco de Fabela                                                                                         ,0322,3,,,,Fijo,19.79863856,-99.87916346,2019-11
11138477,15088622112000041000000000U3,ESTACIONAMIENTO DEL HOSPITAL GENERAL TENANCINGO,HOSPITAL GENERAL TENANCINGO ,622112,Hospitales generales del sector público,0 a 5 personas,CALLE,DOCTOR GENARO DIAZ MAÑON,OTRO(ESPECIFIQUE),NINGUNO,PRIVADA,NINGUNO,PROLONGACION,MADERO,0.0,SN,,,0.0,,COLONIA,LA TRINIDAD,,,,52436.0,15,México,88,Tenancingo,17,El Salitre                                                                                                    ,0398,37,,,,Fijo,18.96128659,-99.58603835,2024-11
7713207,15033622111000371000000000U2,FARMACIA DE GENERICOS BIOEQUIVALENTES,,622111,Hospitales generales del sector privado,0 a 5 personas,AVENIDA,POESIA MEXICANA,CALLE,MORELOS ORIENTE,ANDADOR,11,ANDADOR,10,0.0,SN,,,,,COLONIA,FEDERACION ECATEPEC,,,,55246.0,15,México,33,Ecatepec de Morelos,1,Ecatepec de Morelos                                                                                           ,1792,1,,,,Fijo,19.51348098,-99.02546294,2019-11
11423275,15033622112000352000000000U0,FARMACIA DEL HOSPITAL GENERAL ECATEPEC DR JOSE MARIA RODRIGUEZ,FARMACIA DEL HOSPITAL GENERAL ECATEPEC ,622112,Hospitales generales del sector público,6 a 10 personas,CALLE,LEONA VICARIO,CALLE,C. 10,PRIVADA,MIGUEL ALEMAN,CALLE,"MARAVILLAS, VALLE DEL MAYO",0.0,SN,,,,,COLONIA,VALLE DE ANAHUAC,,,,55210.0,15,México,33,Ecatepec de Morelos,1,Ecatepec de Morelos                                                                                           ,3549,30,,,,Fijo,19.51458302,-99.03807341,2024-11
7742117,15122622111000061000000000U0,FARMACIA Y CONSULTORIO LA ESPERANZA,,622111,Hospitales generales del sector privado,0 a 5 personas,AVENIDA,EMILIANO ZAPATA,CALLE,NORTE 23,AVENIDA,LEONA VICARIO,CALLE,ORIENTE 12,512.0,13,,,0.0,,COLONIA,SAN ISIDRO,,,,56617.0,15,México,122,Valle de Chalco Solidaridad,1,Xico                                                                                                          ,0442,31,,,,Fijo,19.29651647,-98.93005632,2019-11
8563650,15039622111000063000000000U2,FINANCIERA VOLANA,SIEMBRA DIGITAL  SA DE CV,622111,Hospitales generales del sector privado,6 a 10 personas,AVENIDA,CUAUHTEMOC,CALLE,VIGILANTE,CALLE,LICENCIADO BENITO JUAREZ GARCIA SUR,CALLE,LICENCIADO BENITO JUAREZ GARCIA,0.0,SN,PLAZA ESTRELLAS,PLANTA BAJA,,,COLONIA,CENTRO IXTAPALUCA,CENTRO Y PLAZA COMERCIAL,PLAZA ESTRELLAS,D2,56530.0,15,México,39,Ixtapaluca,1,Ixtapaluca                                                                                                    ,1902,11,,,,Fijo,19.31394437,-98.88683437,2019-11
10069021,15033622311000361000000000U9,GINECOLOGIA Y OBSTETRICIA,,622311,Hospitales del sector privado de otras especialidades médicas,0 a 5 personas,CALLE,VALLE DEL GRIJALVA,CALLE,VALLE PERDIDO,CALLE,VALLE DEL OKA,CALLE,VALLE GUADIANA,74.0,,,,,,COLONIA,VALLE DE ARAGON 3RA SECCION,,,,55280.0,15,México,33,Ecatepec de Morelos,1,Ecatepec de Morelos                                                                                           ,2911,32,5528201951.0,,,Fijo,19.50215507,-99.04702062,2024-11
2196589,15104622311000102001000000U6,GRUPO DE ESPECIALIDADES MEDICO QUIRURGICA SANTA MONICA,GRUPO DE ESPECIALIDADES MEDICO QUIRURGICA SANTA MONICA SC,622311,Hospitales del sector privado de otras especialidades médicas,6 a 10 personas,CALLE,CUAUHTEMOC,CALLE,VICENTE GUERRERO,CALLE,FELIPE BERRIOZABAL,CALLE,ZAHUATLAN,40.0,,,,,,COLONIA,CENTRO HISTORICO,,,,54030.0,15,México,104,Tlalnepantla de Baz,1,Tlalnepantla                                                                                                  ,0410,3,,CONSULSTAMONICA@HOTMAIL.COM,,Fijo,19.53730229,-99.19065533,2012-06
2238762,15024622111000053000000000U5,GRUPO HOSPITALARIO EFRATA,MARIA DE LOS ANGELES CABALLERO ALEGRIA SA DE CV,622111,Hospitales generales del sector privado,31 a 50 personas,PROLONGACION,VENUSTIANO CARRANZA,CALLE,BOLIVAR SUR,CALLE,ARTICULO 27,CALLE,CIUDADELA,95.0,,,,0.0,,FRACCIONAMIENTO,PASEOS DE SANTA MARIA,,,,54820.0,15,México,24,Cuautitlán,1,Cuautitlán                                                                                                    ,0047,29,,HOSPITALEFRATA@HOTMAIL.COM,WWW.HOSPITALEFRATA.COM,Fijo,19.66618337,-99.17822237,2014-12
9203192,15058622311000393000000000U9,HANNOVER MEDICAL,,622311,Hospitales del sector privado de otras especialidades médicas,6 a 10 personas,AVENIDA,VICENTE VILLADA,AVENIDA,CUARTA AVENIDA (RAYITO DE SOL),AVENIDA,AMANECER RANCHERO,CALLE,MARIQUITA LINDA,647.0,,,,,,COLONIA,BENITO JUAREZ,,,,57000.0,15,México,58,Nezahualcóyotl,1,Ciudad Nezahualcóyotl                                                                                         ,0632,29,,INF@MEDICALHANNOVER.COM.MX,,Fijo,19.40557796,-99.004124,2019-11
11172073,15013622311000093000000000U0,HEALTH CARE MATERNITY,MATERNITY AND BABY CARE SA DE CV,622311,Hospitales del sector privado de otras especialidades médicas,11 a 30 personas,CALLE,NINGUNO,CALLE,NINGUNO,CALLE,NINGUNO,CALLE,VIA JORGE JIMENEZ CANTU,5.0,,,,,,MANZANA,CIRCUITO PLAZA ESMERALDA,,,,52930.0,15,México,13,Atizapán de Zaragoza,1,Ciudad López Mateos                                                                                           ,1605,1,,MGARCIA@MBBCARE.COM,WWW.MBBCARE.COM,Fijo,19.56041577,-99.29628041,2024-11
2000529,15025622112000127000000000U2,HOOSPITAL GENERAL CHALCO,HOSPITAL GENERAL CHALCO ,622112,Hospitales generales del sector público,251 y más personas,BOULEVARD,CUAUHTEMOC PONIENTE,PROLONGACION,CANAL,CALLE,PEDRO INFANTE,CALLE,REFORMA,0.0,SN,,,0.0,,COLONIA,LA BOMBA,,,,56600.0,15,México,25,Chalco,1,Chalco de Díaz Covarrubias                                                                                    ,1305,14,5559731881.0,,,Fijo,19.26829959,-98.89414422,2010-07
2045818,15104622112000157000000000U2,HOSPITAL 60,INSTITUTO MEXICANO DEL SEGURO SOCIAL ,622112,Hospitales generales del sector público,251 y más personas,CALLE,JOSE MARIA MORELOS,CALLE,CUAUHTEMOC,CALLE,ZAHUATLAN,CALLE,IGNACIO ALLENDE,60.0,CLINICA 60,,,0.0,,COLONIA,SAN JAVIER,,,,54030.0,15,México,104,Tlalnepantla de Baz,1,Tlalnepantla                                                                                                  ,0410,10,5555650922.0,,,Fijo,19.53893179,-99.19080341,2010-07
2459880,15085622311000014000000000S4,HOSPITAL ALFREDO HARP CALDERONI UN KILO DE AYUDA,CENTROS DE ORIENTACION FAMILIAR Y SALUD,622311,Hospitales del sector privado de otras especialidades médicas,31 a 50 personas,CALLE,LIBRAMIENTO,CALLE,NINGUNO,CALLE,NINGUNO,CALLE,FRANCISCO I MADERO,1.0,,,,,,BARRIO,PUENTE,,,,50415.0,15,México,85,Temascalcingo,1,Temascalcingo de José María Velasco                                                                           ,0413,4,,,WWW.COFAS.ORG.MX,Fijo,19.91178411,-100.01406394,2014-12
9141360,15120622111000042000000000U4,HOSPITAL AMMAAE,,622111,Hospitales generales del sector privado,6 a 10 personas,CALLE,MIGUEL HIDALGO,CALLE,NIGROMANTE,CERRADA,SEGUNDA HIDALGO,CALLE,LAZARO CARDENAS,0.0,SN,,,,,BARRIO,SAN MIGUEL,,,,55603.0,15,México,120,Zumpango,1,Zumpango de Ocampo                                                                                            ,0058,47,5585979631.0,,,Fijo,19.79651123,-99.09270202,2019-11
6208018,15057622111000226001058181M7,HOSPITAL AZURA SATELITE,HOSPITAL AZURA SATELITE SA,622111,Hospitales generales del sector privado,101 a 250 personas,CALLE,ENRIQUE SADA MOGUERZA,CALLE,FERNANDO LEAL NOVELO,CALLE,CENTRO COMERCIAL,CALLE,FERNANDO LEAL NOVELO,17.0,,,,,,COLONIA,CIUDAD SATELITE,,,,53100.0,15,México,57,Naucalpan de Juárez,1,Naucalpan de Juárez                                                                                           ,121A,19,,KCASTANEDA@AZURA.MX,WWW.AZURA.MX,Fijo,19.50707121,-99.23457166,2014-12
11548850,15121622111000154000000000U5,HOSPITAL BOLOGNIA,,622111,Hospitales generales del sector privado,31 a 50 personas,CALLE,BOSQUES DE BOLOGNIA,CALLE,BOSQUES DE BOLOGNIA 11,CALLE,BOSQUES DE BOLOGNIA,CALLE,JACARANDAS,0.0,SN,,,,,COLONIA,BOSQUES DEL LAGO,,,,54760.0,15,México,121,Cuautitlán Izcalli,1,Cuautitlán Izcalli                                                                                            ,1710,5,,,,Semifijo,19.61693748,-99.23876419,2024-11
6437529,15058622212000011011000000U7,HOSPITAL COMUNITARIO MATERNO INFANTIL,HOSPITAL COMUNITARIO MATERNO INFANTIL MEXICO UNIDO AC,622111,Hospitales generales del sector privado,11 a 30 personas,AVENIDA,VICENTE VILLADA,AVENIDA,RANCHO GRANDE,CALLE,LAS MAÑANITAS,CALLE,MARIQUITA LINDA,823.0,,,,0.0,,COLONIA,BENITO JUAREZ,,,,57000.0,15,México,58,Nezahualcóyotl,1,Ciudad Nezahualcóyotl                                                                                         ,0539,27,,,,Fijo,19.41275248,-99.00030045,2014-12
2506781,15003622111000033000000000U1,HOSPITAL CONCEPCION MARTINEZ,,622111,Hospitales generales del sector privado,11 a 30 personas,CALLE,TERCERA DE MATAMOROS,CALLE,JOSE CANAL,CALLE,PIPILA,CALLE,NINGUNO,4.0,,,,,,PUEBLO,ACULCO DE ESPINOZA,,,,50360.0,15,México,3,Aculco,1,Aculco de Espinoza                                                                                            ,0117,9,,HOSPITALCONCEPCIONMARTINEZ@GMAIL.COM,,Fijo,20.09872246,-99.82550728,2010-07
10266757,15120622111000063000000000U0,HOSPITAL CRISTAL,OPERADORA DE HOSPITALES RODLU SA DE CV,622111,Hospitales generales del sector privado,11 a 30 personas,AVENIDA,MELCHOR OCAMPO,PRIVADA,NINGUNO,CALLE,MELCHOR OCAMPO,CALLE,MELCHOR OCAMPO,0.0,SN,,,,,BARRIO,SANTIAGO 1RA SECCION,,,,55600.0,15,México,120,Zumpango,1,Zumpango de Ocampo                                                                                            ,0293,41,,HOSPITALCRISTAL@OUTLOOK.COM,,Fijo,19.80797903,-99.10740858,2024-11
2191622,15058622311000273001000000U3,HOSPITAL DE ESPECIALIDADES BOSQUES DE ARAGON,,622311,Hospitales del sector privado de otras especialidades médicas,0 a 5 personas,CALLE,BOSQUE DE SUDAN,CALLE,BOSQUE DE CONGO,CALLE,BOULEVARD BOSQUES DE LOS CONTINENTES,CALLE,BOSQUE DE SUDAN,70.0,8,,,0.0,,COLONIA,BOSQUES,,,,57170.0,15,México,58,Nezahualcóyotl,1,Ciudad Nezahualcóyotl                                                                                         ,1880,28,,CONTABILIDAD.HEBA@HOTMAIL.COM,,Fijo,19.47225412,-99.05379209,2010-07
2076351,15096622311000013001000000U3,HOSPITAL DE ESPECIALIDADES TEQUIXQUIAC,HOSPITAL MATERNO INFANTIL SA DE CV,622311,Hospitales del sector privado de otras especialidades médicas,6 a 10 personas,CALLE,16 DE SEPTIEMBRE,CALLE,PINOS,CALLE,FUTBOLISTAS,CALLE,16 DE SEPTIEMBRE,0.0,SN,,,,,BARRIO,SAN MATEO,,,,55656.0,15,México,96,Tequixquiac,1,Tequixquiac                                                                                                   ,0154,5,5919121443.0,CLINICATEQUIXQUIAC@GMAIL.COM,,Fijo,19.90177008,-99.14407505,2010-07
11688220,15106622312000077000000000U3,HOSPITAL DE GINECO OBSTETRICIA,,622312,Hospitales del sector público de otras especialidades médicas,251 y más personas,CALLE,JOSEFA ORTIZ DE DOMINGUEZ,AVENIDA,MIGUEL HIDALGO,AVENIDA,JOSE MARIA MORELOS Y PAVON,CALLE,ISABEL LA CATOLICA,210.0,,,,0.0,SN,COLONIA,SAN SEBASTIAN,,,,50150.0,15,México,106,Toluca,1,Toluca de Lerdo                                                                                               ,0468,56,,EMILIO.MARTINEZ@IMSS.GOB.MX,,Fijo,19.28887885,-99.6471604,2024-11
2435887,15106622312000067000000000U4,HOSPITAL DE GINECOLOGIA Y OBSTETRICIA,IMIEM INSTITUTO MATERNO INFANTIL DEL ESTADO DE MEXICO ,622312,Hospitales del sector público de otras especialidades médicas,251 y más personas,AVENIDA,PASEO TOLLOCAN,CALLE,PUERTO DE PALOS,AVENIDA,PASEO COLON,CALLE,GENERAL ALVARO OBREGON,0.0,SN,,,0.0,,COLONIA,ISIDRO FABELA 1RA SECCION,,,,50170.0,15,México,106,Toluca,1,Toluca de Lerdo                                                                                               ,0631,2,,,,Fijo,19.27293926,-99.66123727,2014-12
9876085,15024622112000074000000000U9,HOSPITAL DE LA MUJER,,622112,Hospitales generales del sector público,31 a 50 personas,CALLE,PASEO TEODORO GONZALEZ DE LEON,CALLE,PASEO VIVALDI,CALLE,NINGUNO,CALLE,PEDRO RAMIREZ VAZQUEZ,0.0,SN,,,,,FRACCIONAMIENTO,PARQUE SAN MATEO,,,,54830.0,15,México,24,Cuautitlán,101,Fraccionamiento Parque San Mateo (Hacienda San Mateo)                                                         ,0013,22,,,,Fijo,19.71781266,-99.15550508,2024-11
2128882,15104622311000123000000000U2,HOSPITAL DE LA MUJER RG,,622311,Hospitales del sector privado de otras especialidades médicas,11 a 30 personas,CALLE,DOS,CALLE,AZUCENA,CALLE,AMARANTO,CALLE,TRES,52.0,,,,,,FRACCIONAMIENTO,CHALMA LA UNION,,,,54142.0,15,México,104,Tlalnepantla de Baz,1,Tlalnepantla                                                                                                  ,0374,4,5560492824.0,,WWW.HOSPITALDELAMUJERRG.COM,Fijo,19.54341861,-99.15385329,2010-07
2300696,15033622111000314010000000U2,HOSPITAL DE PEMEX,PEMEX ,622112,Hospitales generales del sector público,31 a 50 personas,CALLE,INSURGENTES,CALLE,PALMAS,CALLE,BARRANCA,CALLE,IGNACIO ZARAGOZA,18.0,,,,,,COLONIA,SAN CRISTOBAL,,,,55000.0,15,México,33,Ecatepec de Morelos,1,Ecatepec de Morelos                                                                                           ,014A,36,,,,Fijo,19.5973241,-99.04795625,2014-12
2517069,15055622112000013001000000U1,HOSPITAL DE SAN MATEOMEXICALTZINGO,CENTRO DE SALUD RURAL DE MEXICALTZINGO ,622112,Hospitales generales del sector público,11 a 30 personas,CALLE,NARCISO MENDOZA,CALLE,ALLENDE,CALLE,SEGUNDA PRIVADA NARCISO MENDOZA,CALLE,JOSE MARIA MORELOS,0.0,SN,,,,,LOCALIDAD,SAN MATEO MEXICALTZINGO,,,,52180.0,15,México,55,Mexicaltzingo,1,San Mateo Mexicaltzingo                                                                                       ,0058,28,7222632641.0,,,Fijo,19.20819552,-99.58698753,2010-07
6437957,15060622311000021001000000U2,HOSPITAL DEL ANGEL,HOSPITAL L A M J A SA DE CV,622311,Hospitales del sector privado de otras especialidades médicas,11 a 30 personas,CALLE,PARQUE GLORIA,CALLE,NINGUNO,CALLE,ADOLFO LOPEZ MATEOS,CALLE,PRINCIPAL,0.0,SN,,,,,COLONIA,PROGRESO INDUSTRIAL,,,,54460.0,15,México,60,Nicolás Romero,16,Progreso Industrial                                                                                           ,0698,20,,HOSPITAL_LAMJA@HOTMAIL.COM,,Fijo,19.62947409,-99.34310228,2012-06
10842346,15104622111000213000000000U5,HOSPITAL DIUX MEDICAL SERVICES,HOSPITAL DIUX MEDICAL SERVICES  SA DE CV,622111,Hospitales generales del sector privado,11 a 30 personas,CALLE,CERRO DEL AJUSCO,CALLE,POPOCATEPETL,AVENIDA,CUMBRES DE ACUTZINGO,AVENIDA,CUMBRES DE ACUTZINGO,11.0,,,,,,FRACCIONAMIENTO,LOS PIRULES,,,,54040.0,15,México,104,Tlalnepantla de Baz,1,Tlalnepantla                                                                                                  ,029A,15,,HOSPITALDIUX@GMAIL.COM,,Fijo,19.54378579,-99.21289126,2024-11
10132455,15058622112000156000000000U2,HOSPITAL DOCTOR GUSTAVO BAZ PRADA,INSTITUTO DE SALUD DEL ESTADO DE MEXICO ,622112,Hospitales generales del sector público,101 a 250 personas,AVENIDA,ADOLFO LOPEZ MATEOS,AVENIDA,BORDO DE XOCHIACA,AVENIDA,VIA DE FERROCARRIL,AVENIDA,ARROYO,0.0,SN,,,,,COLONIA,DOCTOR GUSTAVO BAZ PRADA,,,,57300.0,15,México,58,Nezahualcóyotl,1,Ciudad Nezahualcóyotl                                                                                         ,0346,43,,,,Fijo,19.42322384,-99.01512566,2024-11
6938824,15109622112000057000000000U3,HOSPITAL DR. JOSE SEVERIANO REYES BRITO,GOBIERNO DEL ESTADO DEMEXICO ,622112,Hospitales generales del sector público,251 y más personas,CALLE,QUINTANA ROO,CALLE,NINGUNO,CALLE,NINGUNO,CALLE,NINGUNO,,DOMICILIO CONOCIDO,,,,,COLONIA,SAN PABLO DE LAS SALINAS,,,,54930.0,15,México,109,Tultitlán,25,San Pablo de las Salinas                                                                                      ,0224,119,,,,Fijo,19.67727356,-99.09277532,2019-11
9276630,15109622111000081000000000U7,HOSPITAL ELIPSE,CLINICA MEDICA ELIPSE SA DE CV,622111,Hospitales generales del sector privado,101 a 250 personas,CALLE,VÍA JOSÉ LÓPEZ PORTILLO,CALLE,GERANIOS,CERRADA,TÉCNICOS,AVENIDA,MORELOS,86.0,,,,,,COLONIA,SAN FRANCISCO CHILPAN,,,,54944.0,15,México,109,Tultitlán,3,Buenavista                                                                                                    ,1720,61,,P.CASAS@HOSPITALELIPSE.COM,WWW.HOSPITALELIPSE.COM,Fijo,19.61992423,-99.17085169,2020-11
7522525,15002622112000077000000000U8,HOSPITAL ESPECIALIZADO PARA ENFERMOS CRONICOS ACOLMAN DR. GUSTAVO BAZ PRADA,INSTITUTO DE SALUD DEL ESTADO DE MEXICO ,622112,Hospitales generales del sector público,251 y más personas,CALLE,CARRETERA MEXICO TEOTIHUACAN,CALLE,MARCOS ACHANLOMATON,CALLE,ANAHUAC,CALLE,CARRETERA MEXICO A TEOTIHUACAN,,SN,,,,,COLONIA,ANAHUAC PRIMERA SECCION,,,,55885.0,15,México,2,Acolman,15,Tepexpan                                                                                                      ,0285,17,,ISEM.HECRONICOS@EDOMEX.GOB.MX,,Fijo,19.61028493,-98.94008257,2019-11
2498436,15095622111000013001000000U9,HOSPITAL ESPIRITU SANTO,,622111,Hospitales generales del sector privado,11 a 30 personas,CALLE,DE LAS BUGAMBILIAS,CALLE,ENRIQUE TREJO,CALLE,HERNAN GOMEZ,CALLE,DE LAS BUGAMBILIAS,7.0,,,,,,BARRIO,SAN MARTIN,,,,54600.0,15,México,95,Tepotzotlán,1,Tepotzotlán                                                                                                   ,0246,20,5567851535.0,MEDICADIA@HES.MX,WWW.HES.MX,Fijo,19.71202662,-99.22598792,2010-07
2516118,15014622112000066000000000U6,HOSPITAL GENERAL ATLACOMULCO,SECRETARIA DE SALUD DEL ESTADO DE MEXICO ,622112,Hospitales generales del sector público,251 y más personas,CIRCUITO,VIAL JORGE JIMENEZ CANTU,CALLE,NINGUNO,CALLE,CAMINO,CALLE,NINGUNO,,SN,,,,,COLONIA,LAS MERCEDES,,,,50450.0,15,México,14,Atlacomulco,1,Atlacomulco de Fabela                                                                                         ,0271,4,,HGATLACOMULCO@HOTMAIL.COM,,Fijo,19.78940062,-99.88240009,2010-07
2027043,15031622112000067000000000U8,HOSPITAL GENERAL CHIMALHUACAN,GOBIERNO DEL ESTADO DE MEXICO ISEM ,622112,Hospitales generales del sector público,251 y más personas,AVENIDA,DEL PEÑON,CALLE,VILLA VICTORIA,AVENIDA,"CANTEROS, QUETZALLI",CALLE,SAN ANTONIO,400.0,LT 1,,,0.0,,BARRIO,CANTEROS,,,,56357.0,15,México,31,Chimalhuacán,1,Chimalhuacán                                                                                                  ,054A,2,5551114549.0,ISEMCH2005@YAHOO.COM.MX,,Fijo,19.41925023,-98.97534285,2010-07
1985974,15024622112000017000000000U8,HOSPITAL GENERAL DE CUAUTITLAN GENERAL JOSE VICENTE VILLADA,SECRETARIA DE SALUD DEL ESTADO DE MEXICO ,622112,Hospitales generales del sector público,251 y más personas,CALLE,ALFONSO REYES,PROLONGACION,PROLONGACION VENUSTIANO CARRANZA,AVENIDA,16 DE SEPTIEMBRE,AVENIDA,16 DE SEPTIEMBRE,0.0,SN,,,0.0,,COLONIA,EL PARTIDOR,,,,54879.0,15,México,24,Cuautitlán,1,Cuautitlán                                                                                                    ,0051,1,,HGJVVDR@PRODIGY.NET.MX,,Fijo,19.66474299,-99.17890896,2010-07
2527059,15042622112000137000000000U6,HOSPITAL GENERAL DE IXTLAHUACA VALENTIN GOMEZ FARIAS,INSTITUTO DE SALUD DEL ESTADO DE MEXICO ,622112,Hospitales generales del sector público,251 y más personas,CALLE,SAITAMA,PRIVADA,NINGUNO,CALLE,NINGUNO,CALLE,SAITAMA,0.0,SN,,,,,LOCALIDAD,SAN PEDRO LA CABECERA,,,,50783.0,15,México,42,Ixtlahuaca,29,San Pedro la Cabecera                                                                                         ,0399,69,,HOSP_IXTLAHUACAISEM@YAHOO.COM.MX,,Fijo,19.57088032,-99.75552156,2010-07
2525521,15082622112000047000000000U3,HOSPITAL GENERAL DE TEJUPILCO MIGUEL HIDALGO Y COSTILLA BICENTENARIO,HOSPITAL GENERAL TEJUPILCO MIGUEL HIDALGO Y COSTILLA BICENTENARIO ,622112,Hospitales generales del sector público,251 y más personas,CALLE,LAZARO CARDENAS,CALLE,NINGUNO,CALLE,PINO SUAREZ,AVENIDA,DE LOS MAESTROS,0.0,SN,,,,,COLONIA,HIDALGO,,,,51411.0,15,México,82,Tejupilco,1,Tejupilco de Hidalgo                                                                                          ,045A,3,,HGTEJUPILCO@YAHOO.COM.MX,,Fijo,18.9039427,-100.15854787,2010-07
2327734,15099622112000147000000000U5,HOSPITAL GENERAL DE TEXCOCO GUADALUPE VICTORIA BICENTENARIO,GOBIERNO DEL ESTADO DE MEXICO ,622112,Hospitales generales del sector público,251 y más personas,CALLE,NEZAHUALCOYOTL,CALLE,FRANCISCO SARABIA,CALLE,MIGUEL HIDALGO Y COSTILLA,CALLE,JOSE MARIA MORELOS,0.0,SN,,,,,COLONIA,SAN JUANITO,,,,56120.0,15,México,99,Texcoco,1,Texcoco de Mora                                                                                               ,0781,23,5959522790.0,R.H.TEXCOCO@HOTMAIL.COM,,Fijo,19.51392062,-98.87187722,2014-12
2147546,15104622112000147001000000U3,HOSPITAL GENERAL DE TLALANEPANTLA VALLE CEYLAN,HOSPITAL GENERAL DE TLALANEPANTLA VALLE CEYLAN ,622112,Hospitales generales del sector público,6 a 10 personas,CALLE,VILLAHERMOSA,CALLE,COLIMA,CALLE,MORELIA,CALLE,QUERETARO,0.0,SN,,,0.0,,FRACCIONAMIENTO,VALLE CEYLAN,,,,54150.0,15,México,104,Tlalnepantla de Baz,1,Tlalnepantla                                                                                                  ,043A,3,,,,Fijo,19.53766061,-99.17828528,2010-07
2539380,15110622112000067000000000U0,HOSPITAL GENERAL DE VALLE DE BRAVO,INSTITUTO DE SALUD DEL ESTADO DE MEXICO ,622112,Hospitales generales del sector público,251 y más personas,CALLE,FRAY GREGORIO JIMENEZ DE LA CUENCA,CALLE,RINCONADA SAN ANTONIO,CALLE,SAN MARCOS,CALLE,RINCONADA SAN ANTONIO,0.0,SN,,,,,BARRIO,SAN ANTONIO,,,,51200.0,15,México,110,Valle de Bravo,1,Valle de Bravo                                                                                                ,0193,64,,RECURSOSHUMANIVALLE04@HOTMAIL.COM,,Fijo,19.2032037,-100.13526219,2010-07
10965261,15014622112000087000000000U2,HOSPITAL GENERAL DE ZONA 252 ATLACOMULCO,INSTITUTO MEXICANO DEL SEGURO SOCIAL ,622112,Hospitales generales del sector público,251 y más personas,CALLE,INGENIERO LUIS GALINDO RUIZ,CALLE,NINGUNO,CALLE,NINGUNO,CALLE,NINGUNO,0.0,SN,,,,,COLONIA,SAN MARTIN,,,,50450.0,15,México,14,Atlacomulco,1,Atlacomulco de Fabela                                                                                         ,0426,7,7121241300.0,,,Fijo,19.78355674,-99.87610497,2024-11
1992902,15025622112000137000000000U1,HOSPITAL GENERAL DE ZONA 71,INSTITUTO MEXICANO DEL SEGURO SOCIAL ,622112,Hospitales generales del sector público,251 y más personas,AVENIDA,CUAUHTEMOC,CALLE,FRANCISCO JAVIER MINA,BOULEVARD,VOLCAN MENDIOLA,CALLE,SANTIAGO,26.0,,,,,,COLONIA,CENTRO,,,,56600.0,15,México,25,Chalco,1,Chalco de Díaz Covarrubias                                                                                    ,1216,25,,,,Fijo,19.25962573,-98.89377035,2010-07
2296381,15033622112000137000000000U5,HOSPITAL GENERAL DE ZONA CON MEDICINA FAMILIAR NUMERO 76,SERVICIOS MEDICOS ,622112,Hospitales generales del sector público,251 y más personas,CARRETERA,MEXICO PACHUCA,RETORNO,NINGUNO,CALLE,IGNACIO LOPEZ RAYON,CALLE,BENITO JUAREZ,0.0,SN,,,,,COLONIA,SAN PEDRO XALOSTOC,,,,55310.0,15,México,33,Ecatepec de Morelos,1,Ecatepec de Morelos                                                                                           ,103A,36,,,,Fijo,19.52697527,-99.08202657,2014-12
2005471,15033622112000157001000000U3,HOSPITAL GENERAL DE ZONA DEL INSTITUTO MEXICANO DEL SEGURO SOCIAL NO 68,INSTITUTO MEXICANO DEL SEGURO SOCIAL ,622112,Hospitales generales del sector público,251 y más personas,CALLE,VIA JOSE MARIA MORELOS,CALLE,CHIAPAS PONIENTE 3,CALLE,ORIENTE 1,CERRADA,CHIAPAS,,SN,,,,,COLONIA,SANTA MARIA TULPETLAC,,,,55400.0,15,México,33,Ecatepec de Morelos,1,Ecatepec de Morelos                                                                                           ,0277,3,,,,Fijo,19.56984848,-99.04372628,2010-07
7157694,15104622112000226000000000U5,HOSPITAL GENERAL DE ZONA NO 58 GENERAL MANUEL AVILA CAMACHO,INSTITO MEXICANO DEL SEGURO SOCIAL IMSS ,622112,Hospitales generales del sector público,251 y más personas,BOULEVARD,BOULEVARD MANUEL AVILA CAMACHO AUTOPISTA MEXICO QUERETARO,CALLE,CONVENTO DE TEPOTZOTLAN,CALLE,LAS COLOMBINAS,CALLE,ALCATRACES,,SN,,,,,FRACCIONAMIENTO,JARDINES DE SANTA MONICA,,,,54050.0,15,México,104,Tlalnepantla de Baz,1,Tlalnepantla                                                                                                  ,0552,3,,,WWW.IMSS.GOB.MX,Fijo,19.53090414,-99.2216323,2019-11
2219105,15121622112000117000000000U0,HOSPITAL GENERAL DE ZONA NUMERO 57 LA QUEBRADA,HOSPITAL GENERAL DE ZONA NUMERO 57 LA QUEBRADA ,622112,Hospitales generales del sector público,51 a 100 personas,CALLE,NINGUNO,AVENIDA,CIRCUNVALACION,AVENIDA,DEL PARQUE,AVENIDA,DEL PARQUE,0.0,SN,,,,,FRACCIONAMIENTO,LA QUEBRADA,,,,54769.0,15,México,121,Cuautitlán Izcalli,1,Cuautitlán Izcalli                                                                                            ,0568,4,5553101112.0,,,Fijo,19.59735015,-99.18891696,2014-12
2209971,15013621116000017010000000U3,HOSPITAL GENERAL DOCTOR GONZALEZ HERREJON CHRYSLER,,622112,Hospitales generales del sector público,251 y más personas,CALLE,BOULEVARD MONTESOL,CALLE,CALACOAYA,CALLE,ADOLFO LOPEZ MATEOS,CALLE,BOULEVARD MONTESOL,0.0,SN,,,,,COLONIA,EL POTRERO,,,,52790.0,15,México,13,Atizapán de Zaragoza,1,Ciudad López Mateos                                                                                           ,0236,39,,,,Fijo,19.54685211,-99.23748374,2014-12
2002522,15057622112000107000000000U7,HOSPITAL GENERAL DR MAXIMILIANO CASTAÑEDA,INSTITUTO DE SALUD DE EL ESTADO DE MEXICO ,622112,Hospitales generales del sector público,251 y más personas,CALLE,VENUSTIANO CARRANZA,CALLE,VAGONES,CALLE,NINGUNO,CALLE,VAGONES,0.0,SN,,,,,COLONIA,SAN ANDRES ATOTO,,,,53580.0,15,México,57,Naucalpan de Juárez,1,Naucalpan de Juárez                                                                                           ,146A,13,5553014243.0,,,Fijo,19.46777817,-99.23442327,2010-07
2128760,15033611112001763000000000U0,HOSPITAL GENERAL DR. JOSE MARIA RODRIGUEZ,GOBIERNO ESTATAL INSTITUTO DE SALUD DEL ESTADO DE MEXICO ,622312,Hospitales del sector público de otras especialidades médicas,251 y más personas,CALLE,LEONA VICARIO,CALLE,C. 10,PRIVADA,MIGUEL ALEMAN,CALLE,MARAVILLAS (VALLE DEL MAYO),0.0,SN,,,0.0,,COLONIA,VALLE DE ANAHUAC,,,,55210.0,15,México,33,Ecatepec de Morelos,1,Ecatepec de Morelos                                                                                           ,3549,30,,HGE.DRJOSEMARODRIGUEZ@HOTMAIL.COM,,Fijo,19.51453821,-99.03795857,2010-07
2003656,15122622112000057000000000U6,HOSPITAL GENERAL DR.FERNANDO QUIROZ GUTIERREZ,INSTITUTO DE SALUD DEL ESTADO DE MEXICO ,622112,Hospitales generales del sector público,251 y más personas,AVENIDA,ALFREDO DEL MAZO,AVENIDA,TEZOZOMOC,AVENIDA,MOCTEZUMA,AVENIDA,ADOLFO LOPEZ MATEOS,0.0,SN,,,,,COLONIA,JARDIN,,,,56617.0,15,México,122,Valle de Chalco Solidaridad,1,Xico                                                                                                          ,0071,31,5559711927.0,RECUSOSHUMANOSHGXICO@GMAIL.COM,,Fijo,19.27313551,-98.94230232,2010-07
2243545,15036622112000026000000000U3,HOSPITAL GENERAL HUEYPOXTLA HERMENEGILDO GALEANA,INSTITUTO DE SALUD DEL ESTADO DE MEXICO ,622112,Hospitales generales del sector público,101 a 250 personas,CALLE,MINA,CALLE,NINGUNO,CALLE,20 DE NOVIEMBRE,PRIVADA,NINGUNO,0.0,SN,,,,,COLONIA,JUAREZ,,,,55670.0,15,México,36,Hueypoxtla,1,Hueypoxtla                                                                                                    ,0283,31,5610981425.0,,,Fijo,19.91960196,-99.06939939,2014-12
2550711,15045622112000057000000000U9,HOSPITAL GENERAL JILOTEPEC,INSTITUTO DE SALUD DEL ESTADO DE MEXICO ,622112,Hospitales generales del sector público,251 y más personas,AVENIDA,REFORMA PONIENTE,CALLE,DEDENCO,CALLE,LIBRAMIENTO,CALLE,ARROYO COLORADO,0.0,SN,,,0.0,,COLONIA,EL DENI,,,,54240.0,15,México,45,Jilotepec,1,Jilotepec de Molina Enríquez                                                                                  ,0259,51,7617341381.0,HOSPJIL@HOTMAIL.COM,,Fijo,19.95452365,-99.54756344,2010-07
2101073,15058622112000127000000000U3,HOSPITAL GENERAL LA PERLA NEZAHUALCOYOTL,EL GOBIERNO ,622112,Hospitales generales del sector público,251 y más personas,CALLE,ESCONDIDA,CALLE,PONIENTE 21,CALLE,PONIENTE 25,CALLE,NORTE 3,98.0,,,,0.0,SN,COLONIA,LA PERLA,,,,57820.0,15,México,58,Nezahualcóyotl,1,Ciudad Nezahualcóyotl                                                                                         ,1062,20,5557167190.0,DRMAQRBAHENA@OUTOOK.ES,,Fijo,19.38731865,-98.98876122,2010-07
2306773,15033622112000267000000000U0,HOSPITAL GENERAL LAS AMERICAS,JOSE ALFREDO VITA VARGAS GOBIERNO DEL ESTADO DE MEXICO ,622112,Hospitales generales del sector público,251 y más personas,AVENIDA,AV LAT AV CENTRAL,AVENIDA,JOSE DE SAN MARTIN,CALLE,JOSE CECILIO DEL VALLE,AVENIDA,AV LIBERADORES DE AMERICA,0.0,SN,,,0.0,,COLONIA,LAS AMERICAS,,,,55070.0,15,México,33,Ecatepec de Morelos,1,Ecatepec de Morelos                                                                                           ,4890,22,,LASAMERICASECATEPECRH@GMAIL.COM,,Fijo,19.59462858,-99.01934215,2014-12
2034967,15033622112000127000000000U6,HOSPITAL GENERAL REGIONAL 196,INSTITUTO MEXICANO DEL SEGURO SOCIAL ,622112,Hospitales generales del sector público,251 y más personas,AVENIDA,CARLOS HANK GONZALEZ,AVENIDA,LA PIEDAD,AVENIDA,SANTA PRISCA,CALLE,JUSTINO CARPINO,,SN,,,0.0,,COLONIA,NUEVO PASEO DE SAN AGUSTIN,,,,55130.0,15,México,33,Ecatepec de Morelos,1,Ecatepec de Morelos                                                                                           ,0760,29,5557558551.0,,,Fijo,19.52835711,-99.03079506,2010-07
2415880,15106622112000187000000000U4,HOSPITAL GENERAL REGIONAL NO220 GENERAL JOSE VICENTE VILLADA,INSTITUTO MEXICANO DEL SEGURO SOCIAL ,622112,Hospitales generales del sector público,251 y más personas,AVENIDA,PASEO TOLLOCAN,AVENIDA,5 DE MAYO,CALLE,URAWA,CALLE,NINGUNO,620.0,,,,,,COLONIA,PROGRESO,,,,50150.0,15,México,106,Toluca,1,Toluca de Lerdo                                                                                               ,0557,38,,,,Fijo,19.28327181,-99.64026943,2010-07
2016172,15104622112000127000000000U5,HOSPITAL GENERAL REGIONAL NO72 LIC. VICENTE SANTOS GUAJARDO,INSTITUTO MEXICANO DEL SEGURO SOCIAL ,622112,Hospitales generales del sector público,251 y más personas,CALLE,FILIBERTO GOMEZ,CALLE,VIA GUSTAVO BAZ,CALLE,ROBERTO FULTON,CALLE,EMILIO CARDENAS,0.0,SN,,,,,COLONIA,CENTRO INDUSTRIAL,,,,54030.0,15,México,104,Tlalnepantla de Baz,1,Tlalnepantla                                                                                                  ,1870,19,,,,Fijo,19.54381722,-99.2053001,2010-07
8414159,15031622112000176000000000U7,HOSPITAL GENERAL SAN AGUSTIN,SIN PROPIETARIO ,622112,Hospitales generales del sector público,101 a 250 personas,CALLE,PUEBLA,AVENIDA,MEXICO,CALLE,NUEVO LEON,CALLE,OAXACA,0.0,SN,,,0.0,SN,BARRIO,VILLA SAN AGUSTIN,,,,56343.0,15,México,31,Chimalhuacán,1,Chimalhuacán                                                                                                  ,0658,24,,,,Fijo,19.38721833,-98.9604711,2019-11
2463506,15074622112000097000000000U5,HOSPITAL GENERAL SAN FELIPE DEL PROGRESO,INSTITUTO DE SALUD DEL ESTADO DE MEXICO ,622112,Hospitales generales del sector público,251 y más personas,AVENIDA,INSURGENTES,CALLE,RICARDO FLORES MAGON,CALLE,NINGUNO,CALLE,JUAN ALDAMA,0.0,SN,,,0.0,,COLONIA,CENTRO,,,,50640.0,15,México,74,San Felipe del Progreso,1,San Felipe del Progreso                                                                                       ,0142,47,,HG_SANFELIPE@HOTMAIL.COM,,Fijo,19.71752224,-99.95393728,2014-12
2410050,15088622112000037000000000U1,HOSPITAL GENERAL TENANCINGO,INSTITUTO DE SALUD DEL ESTADO DE MEXICO ,622112,Hospitales generales del sector público,251 y más personas,CALLE,DOCTOR GENARO DIAZ MAÑON,OTRO(ESPECIFIQUE),NINGUNO,PRIVADA,NINGUNO,PROLONGACION,MADERO,0.0,SN,,,,,COLONIA,LA TRINIDAD,,,,52436.0,15,México,88,Tenancingo,17,El Salitre                                                                                                    ,0398,37,,HGT_1_@HOTMAIL.COM.MX,,Fijo,18.96125173,-99.58594625,2010-07
2511464,15054622112000047000000000U2,HOSPITAL GENERAL TOLUCA ISSSTE,GOBIERNO FEDERAL SECTOR SALUD ,622112,Hospitales generales del sector público,251 y más personas,CALLE,DANIEL ESPINOZA,CALLE,5 DE DICIEMBRE,CALLE,FRANCISCO PATIÑO,PRIVADA,NINGUNO,1808.0,,,,,,COLONIA,JESUS JIMENEZ GALLARDO,,,,52167.0,15,México,54,Metepec,38,San Jorge Pueblo Nuevo                                                                                        ,1025,25,7221679405.0,,,Fijo,19.25732053,-99.6353078,2010-07
2381225,15020622112000037000000000U4,HOSPITAL GENERAL ZONA 98,INSTITUTO MEXICANO DEL SEGURO SOCIAL ,622112,Hospitales generales del sector público,251 y más personas,BOULEVARD,COACALCO,CALLE,VIA JOSE LOPEZ PORTILLO,CALLE,NINGUNO,CALLE,VIA JOSE LOPEZ PORTILLO,81.0,,,,,,COLONIA,VILLA DE LAS FLORES,,,,55700.0,15,México,20,Coacalco de Berriozábal,1,San Francisco Coacalco                                                                                        ,0160,1,,,WWW.IMSS.COM,Fijo,19.63830498,-99.09896064,2010-07
8012106,15076622111000033000000000U7,HOSPITAL GENERALES DEL SECTOR PRIVADO SIN NOMBRE,,622111,Hospitales generales del sector privado,11 a 30 personas,AVENIDA,AVENIDA DE LA ROSA,CALLE,NINGUNO,CALLE,VICENTE GUERRERO,CALLE,NIÑO PERDIDO,0.0,SN,,,,,BARRIO,SAN NICOLAS,,,,52104.0,15,México,76,San Mateo Atenco,1,San Mateo Atenco                                                                                              ,0096,11,,,,Fijo,19.26287689,-99.52805969,2019-11
6437458,15057622211000011001000000U1,HOSPITAL HBG,ESCUELA PRACTICA DE MEDICINA Y ENFERMERIA SA DE CV,622211,Hospitales psiquiátricos y para el tratamiento por adicción del sector privado,51 a 100 personas,AVENIDA,CRISTOBAL COLON,AVENIDA,SUPER AVENIDA LOMAS VERDES,PRIVADA,LOMA CRISTINA,PRIVADA,LOMA CRISTINA,26.0,,,,0.0,,FRACCIONAMIENTO,LOMAS VERDES,,,,53117.0,15,México,57,Naucalpan de Juárez,1,Naucalpan de Juárez                                                                                           ,1154,27,,ADMINISTRACION1@HOSPITALHBG.COM,WWW.HOSPITALPRIVADOHBG,Fijo,19.50713789,-99.25634948,2010-07
2460723,15064622112000056000000000U2,HOSPITAL IGNACIO LOPEZ RAYO BICENTENARIO EL ORO,SECRETARIA DE SALUD DEL GOBIERNO DEL ESTADO DE MEXICO ,622112,Hospitales generales del sector público,101 a 250 personas,PRIVADA,LA RULETA,BOULEVARD,JACINTO SALINAS,PRIVADA,NINGUNO,CALLE,LA RULETA,12.0,,,,,,COLONIA,CENTRO,,,,50600.0,15,México,64,El Oro,1,El Oro de Hidalgo                                                                                             ,0095,9,,HMBICENTENARIO_ORO@HOTMAIL.COM,,Fijo,19.80323435,-100.12896049,2014-12
2002067,15057622112000097000000000U0,HOSPITAL IMSS,HOSPITAL GENERAL DE ZONA 194 ,622112,Hospitales generales del sector público,101 a 250 personas,AVENIDA,GUSTAVO BAZ SUR,CALLEJON,DEL BESO,PRIVADA,20 DE NOVIEMBRE,AVENIDA,GUSTAVO BAZ SUR,,SN,,,,,LOCALIDAD,SAN BARTOLO NAUCALPAN,,,,53000.0,15,México,57,Naucalpan de Juárez,1,Naucalpan de Juárez                                                                                           ,146A,12,,,,Fijo,19.46995572,-99.2347632,2010-07
11356656,15024622112000066000000000U5,HOSPITAL ISSEMYM,ISSEMYM ,622112,Hospitales generales del sector público,101 a 250 personas,AVENIDA,TEYAHUALCO,CALLE,ENCINO,PRIVADA,VIOLETAS,AVENIDA,TEYAHUALCO,0.0,SN,,,,,COLONIA,AVENIDA SANTA ELENA COACALCO,,,,54850.0,15,México,24,Cuautitlán,1,Cuautitlán                                                                                                    ,0403,31,,,,Fijo,19.67279911,-99.15827446,2024-11
8870036,15121622111000135000000000U4,HOSPITAL JARDIN,VELY GRUPO MEDICO QUIRURGICO SA DE CV,622111,Hospitales generales del sector privado,101 a 250 personas,RETORNO,2DO RETORNO DE BOSENCHEVE,CALLE,NINGUNO,OTRO(ESPECIFIQUE),NINGUNO,CALLE,NINGUNO,13.0,,TORRE MEDICA JARDINES,PLANTA BAJA,,,UNIDAD HABITACIONAL,FRACCIONAMIENTO,"HOSPITAL, CENTRO MEDICO O CLINICA",TORRE MEDICA JARDINES,SN,54750.0,15,México,121,Cuautitlán Izcalli,1,Cuautitlán Izcalli                                                                                            ,0394,4,,R.MORALES@HOSPITALJARDIN.COM.MX,WWW.HOSPIITALJARDIN.COM.MX,Fijo,19.6405524,-99.19773798,2019-11
2111986,15033622111000274000000000U8,HOSPITAL JERUSALEN,,622111,Hospitales generales del sector privado,0 a 5 personas,AVENIDA,VALLE DE GUADIANA,CALLE,JILOTEPEC,CALLE,CALIMAYA,AVENIDA,VALLE DEL GUADALQUIVIR,1.0,,,,10.0,MZ,COLONIA,SAGITARIO 5,,,,55236.0,15,México,33,Ecatepec de Morelos,1,Ecatepec de Morelos                                                                                           ,1932,30,5551145338.0,,,Fijo,19.49436538,-99.0241009,2010-07
2528545,15097622112000025000000000U7,HOSPITAL JUAN ALDAMA,HOSPITAL MUNICIPAL JUAN ALDAMA BICENTENARIO ,622112,Hospitales generales del sector público,51 a 100 personas,CALLE,CUAUHTEMOC,OTRO(ESPECIFIQUE),MANZANA O EDIFICACION CONTIGUA,CALLE,16 DE SEPTIEMBRE,CALLE,SAN FRANCISCO DE ASIS,0.0,SN,,,,,BARRIO,ACATITLAN,,,,51670.0,15,México,97,Texcaltitlán,1,Texcaltitlán                                                                                                  ,0058,57,,HMJUANALDAMA@HOTMAIL.COM,,Fijo,18.92549206,-99.94210909,2010-07
1981478,15057622311000214001000000U9,HOSPITAL LOMA LINDA,CORPORATIVO MEDICO HOSPITAL LOMA LINDA SC,622111,Hospitales generales del sector privado,101 a 250 personas,CALLE,DELAS TORRES,AVENIDA,DE LAS TORRES,AVENIDA,DE LAS FLORES,AVENIDA,NAUCALPAN,18.0,,,,,,COLONIA,LOMALINDA,,,,53660.0,15,México,57,Naucalpan de Juárez,1,Naucalpan de Juárez                                                                                           ,032A,18,,NAYELI.SOSA@HLL.MX,WWW.HOSPITALLOMALINDA.COM,Fijo,19.45934235,-99.25437524,2010-07
2462014,15014622312000015000000000U9,HOSPITAL MATERNIDAD ATLACOMULCO,INSTITUTO DE SALUD DEL ESTADO DE MEXICO ,622312,Hospitales del sector público de otras especialidades médicas,51 a 100 personas,AVENIDA,MARIO COLIN SANCHEZ,CALLE,CHABACANO,AVENIDA,JUAN DE DIOS PEZA,CALLE,EDUARDO VELASCO,0.0,SN,,,0.0,,COLONIA,CENTRO,,,,50450.0,15,México,14,Atlacomulco,1,Atlacomulco de Fabela                                                                                         ,0337,16,7121204930.0,MATERNIDAD_ATLACOMULCO@HOTMAIL.COM,,Fijo,19.79834394,-99.87955044,2014-12
6927584,15025622312000037000000000U9,HOSPITAL MATERNO INFANTIL CHALCO JOSEFA ORTIZ DE DOMINGUEZ,INSTITUTO DE SALUD DEL ESTADO DE MEXICO ,622312,Hospitales del sector público de otras especialidades médicas,251 y más personas,CALLE,NINGUNO,CALLE,NINGUNO,OTRO(ESPECIFIQUE),NINGUNO,CALLE,NINGUNO,0.0,SN,,,,,COLONIA,SANTA CATARINA AYOTZINGO,,,,56623.0,15,México,25,Chalco,20,Santa Catarina Ayotzingo                                                                                      ,2568,2,,,WWW.SALUD.EDOME.GO.MX,Fijo,19.21297459,-98.92154705,2019-11
2410260,15106621114000037010000000U8,HOSPITAL MATERNO INFANTIL DEPENDIENTE DEL INSTITUTO DE SEGURIDAD SOCIAL DEL ESTADO DE MEXICO Y MUNICIPIOS,ISSEMYM ,622112,Hospitales generales del sector público,251 y más personas,AVENIDA,ALFREDO DEL MAZO,CALLE,DIAGONAL INDEPENDENCIA,CALLE,TOMAS ALVA EDISON,CALLE,ANILLO PERIMETRAL,0.0,SN,,,,,COLONIA,SAN LORENZO TEPALTITLA,,,,50010.0,15,México,106,Toluca,75,San Lorenzo Tepaltitlán                                                                                       ,4174,5,7222360840.0,ADMON.MATERNOINFANTIL@ISEMYMM.GOB.MX,,Fijo,19.30321317,-99.62755571,2010-07
2219889,15013622312000017000000000U7,HOSPITAL MATERNO INFANTIL GUADALUPE VICTORIA MCSSA018733,ISEM ,622312,Hospitales del sector público de otras especialidades médicas,251 y más personas,CALLE,EJERCITO MEXICANO,OTRO(ESPECIFIQUE),MANZANA O EDIFICACION CONTIGUA,CALLE,AVENIDA CHAPULTEPEC,CALLE,IGNACIO ZARAGOZA,11.0,LTE 11,,,,,COLONIA,CIUDAD LOPEZ MATEOS,,,,52915.0,15,México,13,Atizapán de Zaragoza,1,Ciudad López Mateos                                                                                           ,1747,5,5569092632.0,HMIGUADALUPEVICTORIA@HOTMAIL.COM,,Fijo,19.59692429,-99.26246624,2014-12
2342951,15031622312000027000000000U8,HOSPITAL MATERNO INFANTIL VICENTE RAMON GUERRERO SALDAÑA CHIMALHUACAN,INSTITUTO DE SALUD DEL ESTADO DE MEXICO ,622312,Hospitales del sector público de otras especialidades médicas,251 y más personas,CALLE,EMILIANO ZAPATA,CALLE,NINGUNO,CALLE,CIRUELOS (ITALIA),AVENIDA,MEXICO,0.0,SN,,,,IESE870331CR6,BARRIO,TRANSPORTISTAS,,,,56363.0,15,México,31,Chimalhuacán,1,Chimalhuacán                                                                                                  ,1016,4,,,WWW.SALUD.EDOME.GOB.MX,Fijo,19.44174287,-98.97259778,2014-12
2400969,15106622312000027000000000U8,HOSPITAL MATERNO PERINATAL MONICA PRETELINI SAENZ,INSTITUTO DE SALUD DEL ESTADO DE MEXICO ,622312,Hospitales del sector público de otras especialidades médicas,251 y más personas,AVENIDA,PASEO TOLLOCAN,CALLE,MARIANO MATAMOROS,CALLE,JESUS CARRANZA,CALLE,CIRILO T CANCELADA,0.0,SN,,,,,COLONIA,MODERNA DE LA CRUZ,,,,50180.0,15,México,106,Toluca,1,Toluca de Lerdo                                                                                               ,0631,8,,HOSPITAL.MATERNOPERINATAL@SALUD.GOB.MX,HTTPSSALUD.EDOMEX.GOB.MX-HMPMONICA_PRETELINIHOME.HTML,Fijo,19.27273903,-99.65762366,2010-07
10270341,15023622111000022000000000U2,HOSPITAL MEDICA NORTE,,622111,Hospitales generales del sector privado,6 a 10 personas,CALLE,TEOLOYUCAN COYOTEPEC,CALLE,AYUNTAMIENTO,CERRADA,NINGUNO,CALLE,5 DE FEBRERO,0.0,SN,,,,,BARRIO,IXTAPALCALCO,,,,54660.0,15,México,23,Coyotepec,1,Coyotepec                                                                                                     ,011A,11,,,,Fijo,19.7685391,-99.19822095,2024-11
11821912,15013622111000113000000000U0,HOSPITAL MEDICA SANTANDER,,622111,Hospitales generales del sector privado,11 a 30 personas,CALLE,AVENIDA CENTRAL,CALLE,SEGUNDA CERRADA CHIAPAS,CALLE,TERCERA CERRADA DE CHIAPAS,CALLE,CHIAPAS,0.0,SN,,,,,AMPLIACION,ADOLFO LOPEZ MATEOS,,,,52910.0,15,México,13,Atizapán de Zaragoza,1,Ciudad López Mateos                                                                                           ,1234,38,5527743863.0,MEDICASANTANDER2011@HOTMAIL.COM,,Fijo,19.59317652,-99.26931578,2025-04
2407446,15088622311000013000000000U0,HOSPITAL MEXICO,,622111,Hospitales generales del sector privado,11 a 30 personas,CALLE,MOCTEZUMA PONIENTE,CALLE,LERDO,CALLE,P. G. CASANOVA NORTE,CALLE,NEZAHUALCOYOTL PONIENTE,102.0,,,,0.0,,COLONIA,CENTRO,,,,52400.0,15,México,88,Tenancingo,1,Tenancingo de Degollado                                                                                       ,0059,9,7141421133.0,BARSA56@HOTMAIL.COM,,Fijo,18.96371786,-99.59379533,2010-07
2233557,15035622112000056000000000U2,HOSPITAL MILITAR DE ZONA SAN MIGUEL DE LOS JAGUEYES,CORONEL MEDICO CIRUJANO JOEL EDUARDO PAZMIÑO DUARTE ,622112,Hospitales generales del sector público,101 a 250 personas,PRIVADA,NINGUNO,CALLE,NINGUNO,CALLE,NINGUNO,CALLE,NINGUNO,0.0,SN,,,,,ZONA MILITAR,SAN MIGUEL DE LOS JAGUEYES,,,,54697.0,15,México,35,Huehuetoca,28,Unidad San Miguel Jagüeyes                                                                                    ,0271,2,,,,Fijo,19.82010676,-99.28421356,2014-12
2131576,15013622112000035001000000U3,HOSPITAL MODULO MATERNO INFANTIL ATIZAPAN,GOBIERNO DEL ESTADO ,622112,Hospitales generales del sector público,51 a 100 personas,CALLE,CALZADA SAN MATEO,PRIVADA,ESTADO DE MEXICO,CALLE,AVENIDA PRIMERO DE MAYO,CERRADA,PRIMERO DE MAYO,2.0,,,,0.0,,COLONIA,PROFESOR CRISTOBAL HIGUERA,,,,52940.0,15,México,13,Atizapán de Zaragoza,1,Ciudad López Mateos                                                                                           ,1041,20,5558228087.0,,,Fijo,19.5648428,-99.24325635,2010-07
6348533,15104622111000097000000000U8,HOSPITAL MULTIMEDICA NORTE,MULTIMEDICA NORTE SA,622111,Hospitales generales del sector privado,251 y más personas,CALLE,CONVENTO DE SANTA MÓNICA,CIRCUITO,SANTA ISABEL,CALLE,CONVENTO DE LA CONCEPCIÓN,CALLE,CONVENTO DE SANTA MÓNICA,113.0,,,,,,COLONIA,JARDINES DE SANTA MONICA,,,,54050.0,15,México,104,Tlalnepantla de Baz,1,Tlalnepantla                                                                                                  ,0497,23,,CONTABILIDAD@MULTIMEDICANORTE.COM.MX,WWW.MULTIMEDICANORTE.COM.MX,Fijo,19.53688135,-99.22732286,2010-07
2401407,15113621114000016010000000U8,HOSPITAL MUNICIPAL BICENTENARIO HERMENEGILDO GALEANA VILLA GUERRERO,MCSSA008233 ISEM ,622112,Hospitales generales del sector público,101 a 250 personas,CALLE,MATAMOROS,CALLE,INDEPENDENCIA,PRIVADA,MATAMOROS,AVENIDA,BENITO JUAREZ,0.0,SN,,,0.0,,COLONIA,CENTRO,,,,51760.0,15,México,113,Villa Guerrero,1,Villa Guerrero                                                                                                ,0068,9,,HMVILLAGUERRERO@HOTMAIL.COM,,Fijo,18.9573512,-99.64058169,2010-07
2503152,15021622112000035000000000U6,HOSPITAL MUNICIPAL COATEPEC HARINAS RAMON LOPEZ RAYON BICENTENARIO,ISEM ,622112,Hospitales generales del sector público,101 a 250 personas,CALLE,VENUSTIANO CARRANZA,CALLE,FRANCISCO I MADERO,CALLE,IGNACIO ZARAGOZA,CALLE,LIBRAMIENTO ORIENTE,9.0,,,,0.0,,BARRIO,SEGUNDA DE SAN MIGUEL,,,,51700.0,15,México,21,Coatepec Harinas,1,Coatepec Harinas                                                                                              ,0100,3,,HMCOATHARINAS@HOTMAIL.COM,,Fijo,18.9249119,-99.76651282,2010-07
2035729,15065622112000026000000000U2,HOSPITAL MUNICIPAL DE OTUMBA BICENTENARIO,INSTITUTO DE SALUD DEL ESTADO DE MEXICO ,622112,Hospitales generales del sector público,101 a 250 personas,CALLE,PORFIRIO DIAZ,CALLE,EUGENIO MONTAÑO,CALLE,CAMINO A XOLPA,CALLE,CAMINO A XOLPA,0.0,SN,,,0.0,,PUEBLO,OTUMBA,,,,55900.0,15,México,65,Otumba,1,Otumba de Gómez Farías                                                                                        ,0302,1,,ISEM.HMOTUMBA@EDOMEX.GOB.MX,,Fijo,19.70248092,-98.76380591,2010-07
2541216,15114622112000035000000000U9,HOSPITAL MUNICIPAL GUADALUPE VICTORIA BICENTENARIO,INSTITUTO DE SALUD DEL ESTADO DE MEXICO ,622112,Hospitales generales del sector público,51 a 100 personas,CALLE,LAZARO CARDENAS,CALLE,13 DE MAYO,CALLE,EL CEDRO,CALLE,VENUSTIANO CARRANZA,0.0,SN,,,,,LOCALIDAD,VILLA VICTORIA,,,,50960.0,15,México,114,Villa Victoria,1,Villa Victoria                                                                                                ,0120,24,,HMVV_ISEM@GMAIL.COM,,Fijo,19.44100783,-99.99624796,2010-07
10672717,15035622112000106000000000U5,HOSPITAL MUNICIPAL HUEHUETOCA ISEM,,622112,Hospitales generales del sector público,101 a 250 personas,AVENIDA,HUEHUETOCA JOROBAS,OTRO(ESPECIFIQUE),NINGUNO,OTRO(ESPECIFIQUE),NINGUNO,OTRO(ESPECIFIQUE),NINGUNO,0.0,SN,,,,,BARRIO,SALITRILLO,,,,54680.0,15,México,35,Huehuetoca,8,Salitrillo                                                                                                    ,0197,800,,,,Fijo,19.82645496,-99.23762501,2024-11
1981549,15037622112000076001000000U6,HOSPITAL MUNICIPAL HUIXQUILUCAN SANTOS DEGOLLADO BICENTENARIO,INSTITUTO DE SALUD DEL ESTADO DE MEXICO ,622112,Hospitales generales del sector público,101 a 250 personas,CALLE,LICENCIADO PRIMO VERDAD,CALLE,NICOLAS BRAVO,CALLE,SANTOS DEGOLLADO,CALLE,ALONSO HUITZI,0.0,SN,,,,,BARRIO,SAN MARTIN,,,,52760.0,15,México,37,Huixquilucan,1,Huixquilucan de Degollado                                                                                     ,0384,4,,HMHUIXQUILUCAN@HOTMAIL.COM,,Fijo,19.35949769,-99.35292143,2010-07
7182441,15051622112000056000000000U9,HOSPITAL MUNICIPAL LERMA,ISEM ,622112,Hospitales generales del sector público,101 a 250 personas,CALLE,CARRIL DE LA MANGA,CALLE,NINGUNO,CALLE,NINGUNO,CALLE,NINGUNO,19.0,,,,,,COLONIA,SANTA MARIA ATARASQUILLO,,,,52044.0,15,México,51,Lerma,26,Santa María Atarasquillo                                                                                      ,0311,45,7282812235.0,HOSPITALMUNICIPAL.LERMA@GMAIL.COM,,Fijo,19.32726441,-99.47639738,2019-11
2487375,15052622112000036000000000U9,HOSPITAL MUNICIPAL MALINALCO PEDRO ASCENCIO DE ALQUISIRAS,GOBIERNO DEL ESTADO DE MEXICO ,622312,Hospitales del sector público de otras especialidades médicas,101 a 250 personas,CALLE,NINGUNO,PROLONGACION,GALEANA,PRIVADA,NINGUNO,CALLE,AGRICULTURA,0.0,SN,,,0.0,,BARRIO,SANTA MARIA,,,,52440.0,15,México,52,Malinalco,1,Malinalco                                                                                                     ,0060,42,,HMALINALLI@HOTMAIL.COM,,Fijo,18.94723043,-99.49120247,2010-07
2513459,15090622112000055000000000U9,HOSPITAL MUNICIPAL MARIANO MATAMOROS BICENTENARIO TENANGO DEL VALLE,GOBIERNO ESTATAL ,622312,Hospitales del sector público de otras especialidades médicas,101 a 250 personas,CALLE,MIGUEL HIDALGO Y COSTILLA ORIENTE,PRIVADA,MIGUEL HIDALGO Y COSTILLA NORTE,PRIVADA,PRIMERA DE MIGUEL HIDALGO Y COSTILLA,CALLE,MIGUEL HIDALGO Y COSTILLA ORIENTE,0.0,SN,,,,SN,COLONIA,CENTRO,,,,52300.0,15,México,90,Tenango del Valle,1,Tenango de Arista                                                                                             ,0199,9,7171443639.0,HOPITALTENANGO@YAHOO.COM.MX,,Fijo,19.10346623,-99.5850769,2010-07
1972052,15120622312000016000000000U2,HOSPITAL MUNICIPAL SAN JUAN ZITLALTEPEC,INSTITUTO DE SALUD DEL ESTADO DE MEXICO ,622312,Hospitales del sector público de otras especialidades médicas,101 a 250 personas,CALLE,16 DE SEPTIEMBRE,CALLE,5 DE MAYO,CERRADA,ALVARO OBREGON,CALLE,5 DE MAYO,0.0,SN,,,,,BARRIO,SAN MIGUEL,,,,55628.0,15,México,120,Zumpango,46,San Juan Zitlaltepec                                                                                          ,0128,17,,HMSANJUANZITLALATEPEC@HOTMAIL.COM,,Fijo,19.8147749,-99.13577236,2010-07
2491675,15012622112000015000000000U7,HOSPITAL MUNICIPAL SANTA CRUZ ATIZAPAN BICENTENARIO,INSTITUTO DE SALUD DEL ESTADO DE MEXICO ,622112,Hospitales generales del sector público,101 a 250 personas,AVENIDA,ACUEDUCTO,AVENIDA,5 DE FEBRERO,CALLE,JORGE JIMENEZ CANTU,OTRO(ESPECIFIQUE),NINGUNO,7.0,,,,,,LOCALIDAD,SANTA CRUZ ATIZAPAN,,,,52500.0,15,México,12,Atizapán,1,Santa Cruz Atizapán                                                                                           ,0046,13,,HMSANTACRUZATIZAPAN@YAHOO.COM.MX,,Fijo,19.18129577,-99.49007266,2010-07
2545440,15067622312000013000000000U2,HOSPITAL MUNICIPAL SANTA MARIA TETITLA ESTADO DE MEXICO,INSTITUTO DE SALUD DEL ESTADO DE MEXICO ,622312,Hospitales del sector público de otras especialidades médicas,101 a 250 personas,PRIVADA,NINGUNO,OTRO(ESPECIFIQUE),ARROYO,CALLE,BENITO JUAREZ,CALLE,BENITO JUAREZ,0.0,SN,,,,,LOCALIDAD,SANTA MARIA TETITLA,,,,52083.0,15,México,67,Otzolotepec,15,Santa María Tetitla                                                                                           ,0275,3,7191968825.0,,,Fijo,19.42222539,-99.5570151,2010-07
2528728,15080622112000025000000000U3,HOSPITAL MUNICIPAL SULTEPEC JOSE MARIA COSS,ISEM ,622112,Hospitales generales del sector público,101 a 250 personas,CALLE,ROBERTO ACOSTA,CALLE,5 DE MAYO,CALLEJON,MIER Y TERAN,CALLEJON,MIER Y TERAN,0.0,SN,,,,,BARRIO,EL CALVARIO,,,,51600.0,15,México,80,Sultepec,1,Sultepec de Pedro Ascencio de Alquisiras                                                                      ,0173,15,7161480482.0,,,Fijo,18.85895721,-99.96715454,2010-07
2061934,15094622112000013000000000U0,HOSPITAL MUNICIPAL TEPETLIXPA HERMENEGILDO GALEANA BICENTENARIO,INSTITUTO DE SALUD DEL ESTADO DE MEXICO ISEM ,622112,Hospitales generales del sector público,251 y más personas,CALLE,SOR JUANA INES DE LA CRUZ,CALLE,FRANCISCO SARABIA,CALLE,EMILIO CARRANZA,AVENIDA,NACIONAL,0.0,SN,,,0.0,,PUEBLO,TEPETLIXPA,,,,56880.0,15,México,94,Tepetlixpa,1,Tepetlixpa                                                                                                    ,0075,20,,HOSPITALTEPETLIXPA_@GMAIL.COM,,Fijo,19.02985701,-98.81714769,2010-07
2520244,15123622112000026000000000U9,HOSPITAL MUNICIPAL VALERIO TRUJANO BICENTENARIO,ISTITUTO DE SALUD DEL ESTADO DE MEXICO ,622112,Hospitales generales del sector público,101 a 250 personas,CALLE,BENITO CANALES,CALLE,EMILIANO ZAPATA,CALLE,HOSPITAL GENRAL,PROLONGACION,16 DE SEPTIEMBRE,0.0,SN,,,0.0,,COLONIA,EMILIANO ZAPATA,,,,51440.0,15,México,123,Luvianos,1,Villa Luvianos                                                                                                ,0030,18,7242521334.0,HOSPILUVIANOS@HOTMAIL.COM,,Fijo,18.92462625,-100.29916767,2010-07
2474561,15112622112000026000000000U2,HOSPITAL MUNICIPAL VILLA DEL CARBON,GOBIERNO DEL ESTADO DE MEXICO ,622112,Hospitales generales del sector público,251 y más personas,AVENIDA,ZACAPEXCO,CALLE,NINGUNO,CALLE,NINGUNO,AVENIDA,ZACAPEXCO,0.0,SN,,,0.0,,BARRIO,LOS DOMINGUEZ,,,,54300.0,15,México,112,Villa del Carbón,1,Villa del Carbón                                                                                              ,0130,10,,,,Fijo,19.72877585,-99.48070434,2014-12
2389057,15106622112000197000000000U3,HOSPITAL NICOLAS SAN JUAN,INSTITUTO DE SALUD DEL ESTADO DE MEXICO ,622112,Hospitales generales del sector público,251 y más personas,CALLE,DOCTOR NICOLAS SAN JUAN,CALLE,NINGUNO,PRIVADA,DOCTOR HECTOR FIX ZAMUDIO,CALLE,DAVID ALVARADO GUERRERO,0.0,SN,,,0.0,,LOCALIDAD,SANTA CRUZ ATZCAPOTZALTONGO,,,,50010.0,15,México,106,Toluca,87,Santa Cruz Atzcapotzaltongo                                                                                   ,4047,9,7222360670.0,,,Fijo,19.31568565,-99.63663429,2010-07
2164956,15033622311000162000000000U1,HOSPITAL ONCOMEDICA,,622311,Hospitales del sector privado de otras especialidades médicas,6 a 10 personas,AVENIDA,MORELIA ORIENTE,BOULEVARD,TOLUCA,CALLE,MORELIA NORTE,CALLE,CIUDAD VICTORIA,0.0,SN,,,0.0,,COLONIA,JARDINES DE MORELOS,,,,55070.0,15,México,33,Ecatepec de Morelos,1,Ecatepec de Morelos                                                                                           ,2112,18,5558370609.0,ONCOMEDICA11@GMAIL.COM,,Fijo,19.59664725,-99.02513948,2010-07
2435888,15106622312000047000000000U6,HOSPITAL PARA EL NIÑO,IMIEM INSTITUTO MATERNO INFANTIL DEL ESTADO DE MEXICO ,622312,Hospitales del sector público de otras especialidades médicas,251 y más personas,AVENIDA,PASEO COLON,CALLE,GENERAL ALVARO OBREGON,AVENIDA,PASEO TOLLOCAN,CALLE,PUERTO DE PALOS,0.0,SN,,,0.0,,COLONIA,ISIDRO FABELA 1RA SECCION,,,,50170.0,15,México,106,Toluca,1,Toluca de Lerdo                                                                                               ,0631,2,,,,Fijo,19.27129924,-99.66036609,2014-12
6208630,15039622111000051001000000U7,HOSPITAL POLANCO DE TRAUMATOLOGIA Y ESPECIALIDADES,HOSPITAL POLANCO DE TRAUMATOLOGIA Y ESPECIALIDADES SA DE CV,622111,Hospitales generales del sector privado,51 a 100 personas,AVENIDA,CHALCO IXTAPALUCA,CALLE,NINGUNO,PRIVADA,CALAMUS,CALLE,NINGUNO,1045.0,,,,,,CONJUNTO HABITACIONAL,PALMAS III,,,,56535.0,15,México,39,Ixtapaluca,1,Ixtapaluca                                                                                                    ,075A,234,,,WWW.HOSPITALPOLANCO.COM,Fijo,19.30435275,-98.88658606,2010-07
2289941,15033622111000294001000000U6,HOSPITAL PRIVADO DE ECATEPEC,,622111,Hospitales generales del sector privado,11 a 30 personas,CALLE,SUR 58,AVENIDA,LOURDES,AVENIDA,MEXICO,CALLE,SUR 60,,SN,,,,MZ 76 LT 34 32,COLONIA,SAN AGUSTIN,,,,55130.0,15,México,33,Ecatepec de Morelos,1,Ecatepec de Morelos                                                                                           ,0756,22,,IUS_HPE@HOTMAIL.COM,WWW.HPE.COM.MX,Fijo,19.52669824,-99.03713531,2014-12
2046284,15002622112000011010000000U7,HOSPITAL PSIQUIATRICO DOCTOR ADOLFO M NIETO TEXPEXPAN,GOBIERNO DEL ESTADO DE MEXICO INSTITUTO DE SALUD DEL ESTADO DE MEXICO ,622212,Hospitales psiquiátricos y para el tratamiento por adicción del sector público,251 y más personas,CALLE,CARRETERA MEXICO TEOTIHUACAN,CALLE,CARRETERA MEXICO TEXCOCO,CALLE,CARRETERA MEXICO CUOTA,CALLE,ADOLFO RUIZ CORTINES,32.0,,,,0.0,,COLONIA,ANAHUAC SEGUNDA SECCION,,,,55885.0,15,México,2,Acolman,15,Tepexpan                                                                                                      ,0124,10,,,HOSPITALPSIQUIATRICODOCTORADOLFOM.NIETOTEPEXPAN,Fijo,19.6120758,-98.95295405,2010-07
1986551,15122622212000017000000000U8,HOSPITAL PSIQUIATRICO DOCTOR SAMUEL RAMIREZ MORENO,SECRETARIA DE SALUD SSA630502CU1 ,622212,Hospitales psiquiátricos y para el tratamiento por adicción del sector público,251 y más personas,CALLE,CONCEPCION,CALLE,MEXICO,CALLE,YECAHUIZONTLE,AVENIDA,TOLUCA,0.0,SN,,,,,AMPLIACION,AMPLIACION SANTA CATARINA,,,,56619.0,15,México,122,Valle de Chalco Solidaridad,1,Xico                                                                                                          ,0940,1,,,WWW.SAP.SALUD.GOB.MX.SAMUEL_RHPTML,Fijo,19.32134036,-98.95913297,2010-07
7522301,15002622212000017000000000U2,HOSPITAL PSIQUIATRICO JOSE SAYAGO,INSTITUTO DE SALUD DEL ESTADO DE MEXICO ,622212,Hospitales psiquiátricos y para el tratamiento por adicción del sector público,251 y más personas,CALLE,CARRETERA MEXICO TEOTIHUACAN,CALLE,ANAHUAC,CALLE,CARRETERA MEXICO CUOTA,CALLE,GUERRERO,,SN,,,,,COLONIA,ANAHUAC PRIMERA SECCION,,,,55885.0,15,México,2,Acolman,15,Tepexpan                                                                                                      ,0285,18,,,,Fijo,19.61064084,-98.94514305,2019-11
2238503,15109622312000017000000000U3,HOSPITAL REGIONAL DE ALTA ESPECIALIDAD BICENTENARIO DE LA INDEPENDENCIA,INSTITUTO DE SEGURIDAD Y SERVICIOS SOCIALES DE LOS TRABAJADORES DEL ESTADO ,622312,Hospitales del sector público de otras especialidades médicas,251 y más personas,CALLE,CIRUELOS,CALLE,PINO,CERRADA,NINGUNO,CALLE,MANZANOS,0.0,SN,,,,,COLONIA,LAZARO CARDENAS,,,,54916.0,15,México,109,Tultitlán,72,Colonia Lázaro Cárdenas (Los Hornos)                                                                          ,1839,47,,,,Fijo,19.62923103,-99.16400794,2014-12
9235912,15104622112000246000000000U3,HOSPITAL REGIONAL DE TLALNEPANTLA,INFRAESTRUCTURA HOSPITALARIA DEL ESTADO DE MEXICO ,622112,Hospitales generales del sector público,31 a 50 personas,AVENIDA,PASEO DEL FERROCARRIL,CALLE,SAN IGNACIO,AVENIDA,INDECO,CALLE,SAN IGNACIO,0.0,SN,,,,,COLONIA,LOS REYES IXTACALA,,,,54090.0,15,México,104,Tlalnepantla de Baz,1,Tlalnepantla                                                                                                  ,0872,23,,OQUIROZ@MARHNOS.COM.MX,,Fijo,19.5217606,-99.18716573,2020-04
2517117,15014622112000056001000000U7,HOSPITAL REGIONAL ISSEMYM ATLACOMULCO,INSTITUTO DE SEGURIDAD SOCIAL DEL ESTADO DE MEXICO Y MUNICIPIOS ,622112,Hospitales generales del sector público,101 a 250 personas,CALLE,INGENIERO LUIS GALINDO RUIZ,CALLE,JOSE MARTIN,CALLE,ADOLFO LOPEZ MATEOS,CALLE,JOSE MARTIN,0.0,SN,,,0.0,,COLONIA,ISIDRO FABELA,,,,50450.0,15,México,14,Atlacomulco,1,Atlacomulco de Fabela                                                                                         ,013A,1,7121220123.0,,WWW.ISSEMYM.GOB.MX,Fijo,19.79049083,-99.87426681,2010-07
2056813,15058622112000106000000000U7,HOSPITAL REGIONAL ISSEMYM NEZAHUALCOYOTL,INSTITUTO DE SEGURIDAD SOCIAL DEL ESTADO DE MEXICO Y MUNICIPIOS ,622112,Hospitales generales del sector público,251 y más personas,CALLE,AVIACION CIVIL,CALLE,MALINCHE,CALLE,TLALPAN,CALLE,SAN JUAN DE ARAGON,50.0,,,,0.0,,COLONIA,VICENTE VILLADA,,,,57710.0,15,México,58,Nezahualcóyotl,1,Ciudad Nezahualcóyotl                                                                                         ,1293,20,,ADMON.HRNEZA@ISSEMYM.GOB.MX,,Fijo,19.38477482,-99.01123862,2010-07
2479318,15110622112000076001000000U1,HOSPITAL REGIONAL ISSEMYM VALLE DE BRAVO,GOBIERNO DEL ESTADO DE MEXICO ,622112,Hospitales generales del sector público,101 a 250 personas,CALLE,SAN PABLO,CALLE,RINCONADA SAN ANTONIO,PRIVADA,NARDOS,CALLE,SAN ANTONIO,0.0,SN,,,0.0,,BARRIO,TOLUCA VALLE,,,,51200.0,15,México,110,Valle de Bravo,1,Valle de Bravo                                                                                                ,0193,15,,,ISSEMYN.GOB.MX,Fijo,19.20676279,-100.13730738,2014-12
2481179,15082621116000016010000000U0,HOSPITAL REGIONAL TEJUPILCO ISSEMYM,HOSPITAL REGIONAL TEJUPILCO ISSEMYM ,622112,Hospitales generales del sector público,101 a 250 personas,AVENIDA,DE LOS MAESTROS,CALLE,NINGUNO,CALLE,NINGUNO,PRIVADA,NINGUNO,0.0,SN,,,,,COLONIA,HIDALGO,,,,51411.0,15,México,82,Tejupilco,1,Tejupilco de Hidalgo                                                                                          ,045A,3,,TEJU_ISSEMYM@YAHOO.COM.MX,,Fijo,18.90259854,-100.15971704,2014-12
1995211,15099621112000075010000000U9,HOSPITAL REGIONAL TEXCOCO,INSTITUTO DE SEGURIDAD SOCIAL DEL ESTADO DE MEXICO Y MUNICIPIOS ,622112,Hospitales generales del sector público,51 a 100 personas,CALLE,FRAY PEDRO DE GANTE,PRIVADA,NINGUNO,CALLE,EMILIANO ZAPATA,AVENIDA,BENITO JUAREZ,37.0,,,,,,COLONIA,SAN LORENZO,,,,56100.0,15,México,99,Texcoco,1,Texcoco de Mora                                                                                               ,0813,26,5959540402.0,ISSEMYMTEXCOCO@YAHOO.COM.MX,WWW.ISSEMYM.GOB.MX,Fijo,19.50770604,-98.88452655,2010-07
2113578,15120622112000041000000000U4,HOSPITAL REGIONAL ZUMPANGO ISSEMYN,GOBIERNO DE ESTADO DE MEXICO ,622112,Hospitales generales del sector público,101 a 250 personas,AVENIDA,RIO PACHUCA,CALLE,2 DE MARZO,CALLE,DOCTOR GUSTAVO BAZ,CALLE,JUAN FERNANDEZ ALBARRAN,0.0,SN,,,0.0,,BARRIO,SAN MIGUEL,,,,55600.0,15,México,120,Zumpango,1,Zumpango de Ocampo                                                                                            ,0560,17,5919113155.0,,,Fijo,19.79946179,-99.08718132,2010-07
1997920,15020622111000073000000000U1,HOSPITAL ROLOSA,HOSPITAL ROLOSA SA DE CV,622111,Hospitales generales del sector privado,11 a 30 personas,CALLE,CARLOS PICHARDO CRUZ,CALLE,EJE 13,CALLE,EJE 11,CALLE,EJE 11,256.0,A1,,,0.0,,COLONIA,VILLA DE LAS FLORES,,,,55710.0,15,México,20,Coacalco de Berriozábal,1,San Francisco Coacalco                                                                                        ,0419,4,,HOSPITAL@HOPITALROLOSA.COM,,Fijo,19.6503942,-99.08561676,2010-07
2326239,15099622111000122000000000U0,HOSPITAL SAME,,622111,Hospitales generales del sector privado,11 a 30 personas,CALLE,2 DE MARZO,CALLE,JOSE MARIA MORELOS,CALLE,MANUEL GONZALEZ,CALLE,16 DE SEPTIEMBRE,308.0,,,,0.0,,COLONIA,CENTRO,,,,56100.0,15,México,99,Texcoco,1,Texcoco de Mora                                                                                               ,0796,14,5959542812.0,,,Fijo,19.5165358,-98.87893208,2014-12
6347460,15025622111000066000000000U4,HOSPITAL SAME,GANDHI BUN SANCHEZ HERNANDEZ SC,622111,Hospitales generales del sector privado,51 a 100 personas,BOULEVARD,CUAUHTEMOC PONIENTE,CALLE,GABINO BARREDA,CALLE,5 DE FEBRERO,AVENIDA,AQUILES SERDAN,0.0,SN,,,,,COLONIA,SAN MIGUEL JACALONES,,,,56604.0,15,México,25,Chalco,1,Chalco de Díaz Covarrubias                                                                                    ,1305,35,,,WWW.HOSPITALSAME.COM,Fijo,19.2687341,-98.89412465,2010-07
6348589,15057622111000177001000000U2,HOSPITAL SAN JOSE SATELITE,HOSPITAL SAN JOSE SATELITE SA,622111,Hospitales generales del sector privado,251 y más personas,CIRCUITO,CIRCUNVALACION PONIENTE,CALLE,BELISARIO DOMINGUES,CIRCUITO,CIRCUNVALACION PONIENTE,AVENIDA,BELISARIO DOMÍNGUEZ,53.0,,,,,,CIUDAD,SATELITE,,,,53100.0,15,México,57,Naucalpan de Juárez,1,Naucalpan de Juárez                                                                                           ,0048,37,,MRUIZ@JOSESAT.COM.MX,,Fijo,19.51851269,-99.24261408,2010-07
8910205,15099622311000133000000000U3,HOSPITAL SAN JOSE TEXCOCO,HOSPITAL DE TRAUMATOLOGIA Y ESPECIALIDADES MEDICAS SAN JOSE SA DE CV,622311,Hospitales del sector privado de otras especialidades médicas,6 a 10 personas,CALLE,JOSE MARIA MORELOS,CALLE,GONZALEZ ORTEGA,CALLE,CAMPANA,CALLE,NEZAHUALCOYOTL,308.0,,,,0.0,,COLONIA,SAN JUANITO,,,,56120.0,15,México,99,Texcoco,1,Texcoco de Mora                                                                                               ,0796,21,5959545401.0,,,Fijo,19.51511271,-98.87764904,2019-11
2111277,15109622311000063000000000U9,HOSPITAL SAN RAFAEL,ELACIR CORPORATIVO SA DE CV,622311,Hospitales del sector privado de otras especialidades médicas,0 a 5 personas,CALLE,ESTADO DE MEXICO,CALLE,TOLUCA,CALLE,TENANGO DEL VALLE,CALLE,TEMASCALAPA,0.0,SN,,,,,COLONIA,SOLIDARIDAD 3 SECCION,,,,54948.0,15,México,109,Tultitlán,69,Ampliación San Mateo (Colonia Solidaridad)                                                                    ,1326,31,,SANRAFAELTULTITLAN@HOTMAIL.COM,WWW.HOSPITALSANRAFAEL.COM.MX,Fijo,19.61159806,-99.15353897,2010-07
2381834,15095621111000093000000000U2,HOSPITAL SANTA ANITA,,622311,Hospitales del sector privado de otras especialidades médicas,11 a 30 personas,CALLE,CRISTOBAL COLON,AVENIDA,INSURGENTES,PRIVADA,NINGUNO,CALLE,2 DE MARZO,5.0,,,,,,BARRIO,TEXCACOA,,,,54605.0,15,México,95,Tepotzotlán,1,Tepotzotlán                                                                                                   ,0208,23,5558760394.0,PLANEACION@HOSPITALSANTANITA.COM,,Fijo,19.71214922,-99.21825198,2010-07
6354342,15057622111000123000023527S6,HOSPITAL SATELITE,CORPORATIVO HOSPITAL SATELITE SA DE CV,622111,Hospitales generales del sector privado,101 a 250 personas,CALZADA,DE LOS JINETES,CALLE,RUISEÑOR,CALLE,GORRIÓN,AVENIDA,DE LOS DEPORTES,56.0,,,,,,COLONIA,LAS ARBOLEDAS,,,,54026.0,15,México,104,Tlalnepantla de Baz,1,Tlalnepantla                                                                                                  ,0124,27,,MGARCIA@HOSPITALSATELITE.COM,WWW.HOSPITALSATELITE.COM,Fijo,19.55712512,-99.21530097,2010-07
8983326,15057621115000171000023527S7,HOSPITAL SATELITE,CORPORATIVO HOSPITAL SATELITE SA DE CV,622111,Hospitales generales del sector privado,0 a 5 personas,AVENIDA,ADOLFO LÓPEZ MATEOS,AVENIDA,JARDINES DE SAN MATEO,CALLE,CERRO DE TIZOC,AVENIDA,ADOLFO LÓPEZ MATEOS,21.0,,,,,,COLONIA,BOSQUE ESMERALDA,CENTRO Y PLAZA COMERCIAL,PLAZA SAN MATEO,SN,,15,México,57,Naucalpan de Juárez,1,Naucalpan de Juárez                                                                                           ,0688,1,,MGARCIA@HOSPITALSATELITE.COM,WWW.HOSPITALSATELITE.COM,Fijo,19.48148324,-99.25088246,2019-11
8723574,15057622111000341000023527S4,HOSPITAL SATELITE,CORPORATIVO HOSPITAL SATELITE SA DE CV,622111,Hospitales generales del sector privado,0 a 5 personas,CIRCUITO,ARQUITECTOS,BOULEVARD,MANUEL ÁVILA CAMACHO,CALLE,MANUEL TOLSÁ,CALLE,NINGUNO,1.0,,EDIFICIO SIN NOMBRE,PISO 2,,,COLONIA,CIUDAD SATELITE,,,,53100.0,15,México,57,Naucalpan de Juárez,1,Naucalpan de Juárez                                                                                           ,1188,27,,MGARCIA@HOSPITALSATELITE.COM,,Fijo,19.51124377,-99.2364328,2019-11
6866235,15057622111000283001023527M8,HOSPITAL SATELITE,CORPORATIVO HOSPITAL SATELITE SA DE CV,622111,Hospitales generales del sector privado,251 y más personas,CIRCUITO,MISIONEROS,CALLE,FRAY PEDRO DE GANTE,CIRCUITO,MISIONEROS,CALLE,FRAY JUAN DE SUMARRAGA,5.0,,,,,,COLONIA,CIUDAD SATELITE,,,,53100.0,15,México,57,Naucalpan de Juárez,1,Naucalpan de Juárez                                                                                           ,1188,9,,MGARCIA@HOSPITALSATELITE.COM,WWW.HOSPITALSATELITE.COM,Fijo,19.51386331,-99.23738352,2019-04
2307305,15033622111000342001000000U3,HOSPITAL SOFIA,,622111,Hospitales generales del sector privado,0 a 5 personas,CALLE,CIRCUITO1 MIGUEL HIDALGO,CIRCUITO,2. MIGUEL HIDALGO,CIRCUITO,2. MIGUEL HIDALGO,CIRCUITO,2. MIGUEL HIDALGO,3.0,MZA 71 LT 3,,,0.0,,FRACCIONAMIENTO,MIGUEL HIDALGO,,,,55070.0,15,México,33,Ecatepec de Morelos,1,Ecatepec de Morelos                                                                                           ,4918,11,5580015791.0,HOZPITAL_SOFIA@YAHOO.COM.MX,,Fijo,19.59144527,-99.00770769,2014-12
6358936,15058622111000216002007707S6,HOSPITAL STAR MEDICA JARDIN BICENTENARIO,STAR MEDICA SA DE CV,622111,Hospitales generales del sector privado,251 y más personas,AVENIDA,CIUDAD JARDIN,CALLE,NINGUNO,CALLE,NINGUNO,CALLE,NINGUNO,,SN,,,,A22B,COLONIA,JARDIN BICENTENARIO,,,,57205.0,15,México,58,Nezahualcóyotl,1,Ciudad Nezahualcóyotl                                                                                         ,0346,41,,,WWW.STARMEDICA.COM,Fijo,19.42717112,-99.02557345,2011-03
6348885,15057622111000166000007707S5,HOSPITAL STAR MEDICA LOMAS VERDES,STAR MEDICA SA DE CV,622111,Hospitales generales del sector privado,251 y más personas,AVENIDA,LOMAS VERDES,CALLE,NINGUNO,CALLE,NINGUNO,CALLE,NINGUNO,2165.0,,,,,,COLONIA,SANTIAGO OCCIPACO,,,,53250.0,15,México,57,Naucalpan de Juárez,1,Naucalpan de Juárez                                                                                           ,0584,25,,,WWW.STARMEDICA.COM,Fijo,19.49937111,-99.25064591,2011-03
6360773,15121622111000097001007707S6,HOSPITAL STAR MEDICA LUNA PARC,STAR MEDICA SA DE CV,622111,Hospitales generales del sector privado,251 y más personas,CALLE,1ERO DE MAYO,CALLE,NINGUNO,CALLE,NINGUNO,CALLE,NINGUNO,0.0,SN,,,,LOTE 34,COLONIA,CENTRO URBANO,,,,54700.0,15,México,121,Cuautitlán Izcalli,1,Cuautitlán Izcalli                                                                                            ,2282,51,,,WWW.STARMEDICA.COM,Fijo,19.65716905,-99.21014183,2014-12
6348886,15033622111000286002007707S2,HOSPITAL STAR MEDICA PARADOR AZTECA,STAR MEDICA SA DE CV,622111,Hospitales generales del sector privado,251 y más personas,AVENIDA,DE LOS GUERREROS,CALLE,NINGUNO,CALLE,NINGUNO,CALLE,NINGUNO,50.0,,,,,,COLONIA,CIUDAD AZTECA 3A SECCION,,,,55120.0,15,México,33,Ecatepec de Morelos,1,Ecatepec de Morelos                                                                                           ,0629,17,,,WWW.STARMEDICA.COM,Fijo,19.53345141,-99.0276274,2011-03
9462293,15104622111000197000007707S0,HOSPITAL STAR MEDICA TLALNEPANTLA,STAR MEDICA SA DE CV,622111,Hospitales generales del sector privado,251 y más personas,AVENIDA,SOR JUANA INES DE LA CRUZ,CALLE,NINGUNO,CALLE,NINGUNO,CALLE,NINGUNO,280.0,,,,,,COLONIA,INDUSTRIAL,,,,54033.0,15,México,104,Tlalnepantla de Baz,1,Tlalnepantla                                                                                                  ,1885,20,,,WWW.STARMEDICA.COM,Fijo,19.53922588,-99.20500199,2024-05
2196892,15121622111000073000000000U7,HOSPITAL Y CLINICA POLIMEDICA LAGO,POLIMEDICA LAGO SA DE CV,622111,Hospitales generales del sector privado,31 a 50 personas,CALLE,PASEO DEL BOSQUE,CALLE,CIRUELOS,CALLE,LIMONES,CALLE,MEMBRILLOS,0.0,SN,,,0.0,,COLONIA,BOSQUES DE MORELOS,,,,54760.0,15,México,121,Cuautitlán Izcalli,1,Cuautitlán Izcalli                                                                                            ,159A,27,5558774639.0,,WWW.POLIMEDICALAGO.COM.MX,Fijo,19.63169629,-99.22946349,2013-07
6712182,15037622111000031001003503S3,HOSPITALES ANGELES LOMAS,OPERADORA DE HOSPITALES ANGELES SA DE CV,622111,Hospitales generales del sector privado,251 y más personas,CALLE,DE LA BARRANCA,CALLE,HACIENDA DE LAS PALMAS,OTRO(ESPECIFIQUE),GLORIETA,PRIVADA,NINGUNO,22.0,,,,,,COLONIA,HACIENDA DE LAS PALMAS,,,,52787.0,15,México,37,Huixquilucan,9,Jesús del Monte                                                                                               ,0238,18,,FISCALGASS@SALUDANGELES.MX,WWW.HOSPITALANGELES.COM,Fijo,19.39371281,-99.28102511,2016-01
2047384,15020622311000094001000000U3,HOSPITALES POLANCO,CENTRAL DE ESPECIALIDADES MEDICAS COACALCO SA DE CV,622311,Hospitales del sector privado de otras especialidades médicas,51 a 100 personas,AVENIDA,AVENIDA DE LOS TRABAJADORES,CALLE,VÍA JOSÉ LÓPEZ PORTILLO (A TLALNEPANTLA),PRIVADA,FLORESTA I,AVENIDA,AVENIDA DE LAS FUENTES,0.0,SN,,,,MZ26 LTA,COLONIA,SAN LORENZO TETLIXTAC,,,,55714.0,15,México,20,Coacalco de Berriozábal,1,San Francisco Coacalco                                                                                        ,018A,15,,DIRMED.COACALCO@HOSPITALESPOLANCO.COM.MX,,Fijo,19.6277279,-99.07906555,2010-07
7158044,15104622112000236000000000U4,IMSS,INSTITUTO MEXICANO DEL SEGURO SOCIAL ,622112,Hospitales generales del sector público,11 a 30 personas,CALLE,CONVENTO DE SANTA MONICA,CALLE,CONVENTO DE LA MERCED,CALLE,CONVENTO DE ACTOPAN,CALLE,CONVENTO DE SAN FERNANDO,43.0,,,,,,FRACCIONAMIENTO,JARDINES DE SANTA MONICA,,,,54050.0,15,México,104,Tlalnepantla de Baz,1,Tlalnepantla                                                                                                  ,0497,10,,,,Fijo,19.53134759,-99.22448216,2019-11
2036416,15065622112000014001000000U8,IMSS 89,UNIDAD DE MEDICINA FAMILIAR 89 ,622112,Hospitales generales del sector público,51 a 100 personas,CALLE,EUGENIO MONTAÑO,CALLE,PORFIRIO DIAZ,CERRADA,EUGENIO MONTAÑO,CALLE,PROLONGACION LERDO DE TEJADA,0.0,SN,,,0.0,,PUEBLO,OTUMBA,,,,55900.0,15,México,65,Otumba,1,Otumba de Gómez Farías                                                                                        ,011A,9,5929220700.0,,,Fijo,19.7021826,-98.76398989,2010-07
2193875,15121622112000011000000000U5,IMSS CLINICA 184,INSTITUTO MEXICANO DEL SEGURO SOCIAL ,622112,Hospitales generales del sector público,101 a 250 personas,CALLE,VICENTE SUAREZ,CALLE,NINGUNO,CALLE,NINGUNO,CALLE,NINGUNO,0.0,SN,,,0.0,,UNIDAD HABITACIONAL,NIÑOS HEROES,,,,54763.0,15,México,121,Cuautitlán Izcalli,1,Cuautitlán Izcalli                                                                                            ,1176,45,,ALEJANDRO.GUZMANL@IMSS.GOB.MX,,Fijo,19.61604401,-99.19882182,2014-12
2381280,15121622112000065000000000U1,IMSS NO 188,INSTITUTO MEXICANO DEL SEGURO SOCIAL ,622112,Hospitales generales del sector público,11 a 30 personas,CALLE,NINGUNO,AVENIDA,MOLINO DE LAS FLORES,AVENIDA,TORRE INFONAVIT,CALLE,TORRE DE PEMEX,0.0,SN,,,,,MANZANA,INFONAVIT CENTRO,,,,54743.0,15,México,121,Cuautitlán Izcalli,1,Cuautitlán Izcalli                                                                                            ,180A,33,,,,Fijo,19.63662189,-99.21480045,2010-07
8153266,15104622112000217000063176S4,IMSS SUBDELAGACION TLALNEPANTLA DE BAZ 01 OFICINAS ADMINISTRATIVAS,IMSS ,622112,Hospitales generales del sector público,251 y más personas,CALLE,VIA GUSTAVO BAZ,CALLE,EMILIO CARDENAS,CALLE,FILIBERTO GOMEZ,CALLE,ROBERTO FULTON,0.0,SN,,,72.0,,COLONIA,CENTRO INDUSTRIAL,,,,54030.0,15,México,104,Tlalnepantla de Baz,1,Tlalnepantla                                                                                                  ,1870,19,,,,Fijo,19.54339618,-99.20700068,2019-11
2526955,15086622112000011000000000U0,IMSS UMF 240,GOBIERNO ,622112,Hospitales generales del sector público,6 a 10 personas,CARRETERA,CARRETERA FEDERAL CD ALTAMIRANO TOLUCA,PRIVADA,NINGUNO,PRIVADA,NINGUNO,OTRO(ESPECIFIQUE),NINGUNO,0.0,SN,,,,SN,BARRIO,SANTIAGO,,,,51300.0,15,México,86,Temascaltepec,1,Temascaltepec de González                                                                                     ,0073,23,,,,Fijo,19.04531148,-100.05103034,2010-07
6778454,15057622311000225001000000U5,INSTITUCION GINECOBSTETRICA Y PERINATOLOGIA,INSTITUCION GINECOBSTETRICA Y PERINATOLOGIA SA,622311,Hospitales del sector privado de otras especialidades médicas,101 a 250 personas,OTRO(ESPECIFIQUE),PASEO ALEXANDER VON HUMBOLTD,CALLE,PASEO DE LAS NACIONES,CALLE,PASEO LOMAS VERDES,AVENIDA,NINGUNO,88.0,,,,,,FRACCIONAMIENTO,LOMAS VERDES TERCERA SECCION,,,,53120.0,15,México,57,Naucalpan de Juárez,1,Naucalpan de Juárez                                                                                           ,0550,24,,RL_FINANZAS@HOTMAIL.COM,WWW.HOSPITALRIODELALOZA.COM.MX,Fijo,19.51390829,-99.26178523,2017-03
2528206,15117622112000014001000000U7,INSTITUTO DE SALUD DEL ESTADO DE MEXICO,GOBIERNO DEL ESTADO DE MEXICO ,622112,Hospitales generales del sector público,51 a 100 personas,CALZADA,CALZADA DEL CAMPESINO,CALLE,NINGUNO,CALLEJON,NINGUNO,CALZADA,CALZADA DEL CAMPESINO,0.0,SN,,,0.0,,BARRIO,VERACRUZ,,,,51800.0,15,México,117,Zacualpan,1,Zacualpan                                                                                                     ,0090,32,7211476800.0,HM_ZACUALPAN@HOTMAIL.COM,,Fijo,18.72102198,-99.78107755,2010-07
9064107,15009622112000034000000000U4,INSTITUTO DE SEGURIDAD DEL ESTADO DE MEXICO Y MUNICIPIOS,GOBIERNO DEL ESTADO DE MEXICO ,622112,Hospitales generales del sector público,31 a 50 personas,CALLE,20 DE NOVIEMBRE,CALLE,LIBERTAD,CALLE,CHAPULTEPEC,CALLE,CHAPULTEPEC,0.0,SN,,,,,SECTOR,PANOHAYA,,,,56900.0,15,México,9,Amecameca,1,Amecameca de Juárez                                                                                           ,0036,18,,,,Fijo,19.13478969,-98.77118478,2019-11
2512680,15090622112000033001000000U6,INSTITUTO DE SEGURIDAD SOCIAL DEL ESTADO DE MEXICO Y MUNICIPIOS ISSEMYM,GOBIERNO DEL ESTADO DE MEXICO ,622112,Hospitales generales del sector público,11 a 30 personas,PROLONGACION,JOSE MARIA MORELOS Y PAVON,PRIVADA,TETEPETL,AVENIDA,LOS HIDALGO UNIDAD DEPORTIVA,CALLE,NIÑOS HEROES,0.0,SN,,,,,COLONIA,BUENOS AIRES,,,,52300.0,15,México,90,Tenango del Valle,1,Tenango de Arista                                                                                             ,0201,30,,,,Fijo,19.10115451,-99.58343136,2010-07
2502005,15040622112000013000000000U3,INSTITUTO MEXICANO DEL SEGURO SOCIAL,INSTITUTO MEXICANO DEL SEGURO SOCIAL ,622112,Hospitales generales del sector público,11 a 30 personas,AVENIDA,ARTURO SAN ROMAN,CALLE,CONSTITUCION,CALLE,IXTAMIL,CALLE,MIGUEL HIDALGO,,SN,,,,,BARRIO,SAN GASPAR,,,,51900.0,15,México,40,Ixtapan de la Sal,1,Ixtapan de la Sal                                                                                             ,0106,25,7211430199.0,,,Fijo,18.84778549,-99.68067009,2010-07
2546948,15076622112000036000000000U8,INSTITUTO MEXICANO DEL SEGURO SOCIAL,GOBIERNO FEDERAL ,622112,Hospitales generales del sector público,101 a 250 personas,PRIVADA,LIBERTAD,CALLE,LIBERTAD,CALLEJON,NINGUNO,AVENIDA,INDEPENDENCIA,1301.0,,,,,,BARRIO,GUADALUPE ATENCO,,,,52107.0,15,México,76,San Mateo Atenco,1,San Mateo Atenco                                                                                              ,0058,33,,,,Fijo,19.24965336,-99.53435884,2010-07
2539263,15110622112000044000000000U9,INSTITUTO MEXICANO DEL SEGURO SOCIAL,GOBIERNO FEDERAL ,622112,Hospitales generales del sector público,31 a 50 personas,CALLE,EJE ORIENTE,CALLE,FRANCISCO PEREZ RIOS,CALLE,COBANO,CALLE,NORTE I,1.0,,,,1.0,,COLONIA,CENTRO,,,,51230.0,15,México,110,Valle de Bravo,12,Colorines                                                                                                     ,0085,12,7262680047.0,,,Fijo,19.17660313,-100.21866033,2014-12
2048585,15070622112000057001000000U7,INSTITUTO MEXICANO DEL SEGURO SOCIAL HGZ53 LOS REYES,INSTITUTO MEXICANO DEL SEGURO SOCIAL ,622112,Hospitales generales del sector público,251 y más personas,CALLE,NINGUNO,CALLE,CERRADA DE LA AUTOPISTA,CALLE,SIERVO DE LA NACION,CARRETERA,AUTOPISTA MEXICO-PUEBLA,0.0,SN,,,,,COLONIA,RINCON DE LOS REYES,,,,56410.0,15,México,70,La Paz,1,Los Reyes Acaquilpan                                                                                          ,0590,36,,,,Fijo,19.35793002,-98.99046296,2010-07
2171092,15029622112000025000000000U0,INSTITUTO MEXICANO DEL SEGURO SOCIAL NO. 86,GOBIERNO FEDERAL ,622112,Hospitales generales del sector público,101 a 250 personas,CALLE,ANENECUILCO,CALLE,10 DE ABRIL,CALLE,PLAN DE AYALA,CERRADA,TRUENOS,0.0,SN,,,,,COLONIA,EMILIANO ZAPATA,,,,56390.0,15,México,29,Chicoloapan,1,Chicoloapan de Juárez                                                                                         ,0081,37,5558520026.0,,,Fijo,19.39920209,-98.92911407,2010-07
2315464,15100622112000024001000000U2,INSTITUTU DE SALUD DEL ESTADO DE MEXICO,GOBIERNO DEL DETADO DE MEXICO ,622112,Hospitales generales del sector público,31 a 50 personas,CALLE,20 DE NOVIEMBRE,AVENIDA,INDEPENDENCIA,AVENIDA,AVENIDA DEL TRABAJO,AVENIDA,CAMINO DEL PASTO,0.0,SN,,,,,BARRIO,SANTIAGO,,,,56000.0,15,México,100,Tezoyuca,1,Tezoyuca                                                                                                      ,006A,1,,CEAPSTEZOYUCA2023@OUTLOOK.COM,WWW.SALUD.EDOMEX.GOB.MX,Fijo,19.59190483,-98.91771432,2014-12
2143182,15039622112000066000000000U3,INSTUTO MEXICANO DEL SEGURO SOCIAL CLINICA NUM. 86,INSTITUTO MEXICANO DEL SEGURO SOCIAL CLINICA NUM. 86 ,622112,Hospitales generales del sector público,51 a 100 personas,CALLE,PROGRESO,CALLE,LA TAMEX,CERRADA,PROGRESO,CALLE,LERMA,0.0,SN,,,,,COLONIA,CENTRO,,,,56530.0,15,México,39,Ixtapaluca,1,Ixtapaluca                                                                                                    ,1921,9,,,,Fijo,19.31747764,-98.88932016,2010-07
2026242,15075622112000014001000000U7,ISEM,GOBIERNO ,622112,Hospitales generales del sector público,51 a 100 personas,CALLE,AVENIDA TUXPAN,CALLE,VICENTE GUERRERO,CALLE,DIVISION DEL NORTE,CALLE,AVENIDA BARRANQUILLA,,SN,,,,SN,PUEBLO,SAN MARTIN DE LAS PIRAMIDES,,,,55850.0,15,México,75,San Martín de las Pirámides,1,San Martín de las Pirámides                                                                                   ,014A,16,5949587009.0,,,Fijo,19.70884986,-98.82871593,2010-07
2352994,15070622312000015001000000U1,ISEM HOSPITAL MATERNO INFANTIL MIGUEL HIDALGO Y COSTILLA,SECTOR SALUD MCSSA018622 GOBIERNO DEL ESTADO DE MEXICO ,622312,Hospitales del sector público de otras especialidades médicas,251 y más personas,CALLE,FEDERAL MEXICO A TEXCOCO KM 23+500,CALLE,SANTOS DEGOLLADO,CALLE,BARRANCA DEL MUERTO (PONIENTE DEL MUERTO),CALLE,INDEPENDENCIA,,KM 23+500,,,,,COLONIA,MAGDALENA ATLICPAC,,,,56525.0,15,México,70,La Paz,5,La Magdalena Atlicpac                                                                                         ,0904,17,,,,Fijo,19.3745532,-98.94451059,2014-12
7487306,15041622112000024000000000U8,ISEM INSTITUTO DE SALUD DEL ESTADO DE MEXICO,GOBIERNO DEL ESTADO DE MEXICO IXTAPAN DEL ORO ,622112,Hospitales generales del sector público,11 a 30 personas,PROLONGACION,20 DE NOVIEMBRE,CALZADA,DEL MAESTRO,CALLE,NINGUNO,OTRO(ESPECIFIQUE),NINGUNO,,SN,,,,,COLONIA,CENTRO,,,,51070.0,15,México,41,Ixtapan del Oro,1,Ixtapan del Oro                                                                                               ,0029,7,7262682181.0,,,Fijo,19.26112249,-100.2626966,2019-11
2153556,15058622112000096001000000U0,ISEM LOS PIRULES,SECRETARIA DE SALUD DEL EDO DE MEX ,622112,Hospitales generales del sector público,51 a 100 personas,AVENIDA,CUARTA AVENIDA,CALLE,LAGO GINEBRA,CALLE,HOMBRES ILUSTRES,CALLE,LAGUNAS DE ZEMPOALA,0.0,SN,,,0.0,,COLONIA,AGUA AZUL SECCION PIRULES,,,,57510.0,15,México,58,Nezahualcóyotl,1,Ciudad Nezahualcóyotl                                                                                         ,0929,23,,CSU.PIRILES20@GMAIL.COM,,Fijo,19.40683155,-99.0309235,2010-07
2473175,15095622112000034001000000U3,ISEM SEAPS TEPOTZOTLAN,CENTRO ESPECIALIZADO EN ATENCION PRIMARIA A LA SALUD NICOLAS BRAVO BICENTENARIO ,622112,Hospitales generales del sector público,11 a 30 personas,CALLE,LICENCIADO BENITO JUAREZ,CALLE,20 DE NOVIEMBRE,CALLE,2 DE MARZO,CALLE,JUVENTINO ROSAS,24.0,,,,0.0,SN,BARRIO,TLACATECO,,,,54605.0,15,México,95,Tepotzotlán,1,Tepotzotlán                                                                                                   ,0208,7,,,,Fijo,19.71460046,-99.22017993,2014-12
2508271,15085622112000021001000000U1,ISSEMMYM,EL GOBIERNO DEL ESTADO DE MEXICO ,622112,Hospitales generales del sector público,0 a 5 personas,CALLE,HERMENEGILDO GALEANA,CALLE,AGRICULTURA,CALLE,LA PALMA,AVENIDA,FELIPE DE JESUS CHAPARRO,5.0,,,,0.0,,PUEBLO,TEMASCALCINGO DE JOSE MARIA VELASCO,,,,50400.0,15,México,85,Temascalcingo,1,Temascalcingo de José María Velasco                                                                           ,0273,14,,AGUSTINA.ALVARADO@ISSEMYM.COM.MX,,Fijo,19.91722546,-100.00524281,2010-07
2005576,15033622112000116000000000U9,ISSEMYM,ISSEMYM ,622112,Hospitales generales del sector público,101 a 250 personas,CALLE,CHIAPAS PONIENTE 3,PRIVADA,NINGUNO,CERRADA,CHIAPAS,CALLE,ZACATECAS,0.0,SN,,,,,COLONIA,SANTA MARIA TULPETLAC,,,,55400.0,15,México,33,Ecatepec de Morelos,1,Ecatepec de Morelos                                                                                           ,0277,3,5551263406.0,,WWW.ISSEMYM.GOB.MX,Fijo,19.56994204,-99.04630285,2010-07
1972443,15057622112000011001000000U1,ISSEMYM,GOBIERNO DEL ESTADO DE MEXICO ,622112,Hospitales generales del sector público,51 a 100 personas,AVENIDA,CORONA,AVENIDA,MORELOS,ANDADOR,NINGUNO,CALZADA,DE LOS REMEDIOS,5.0,,,,,,COLONIA,LOS REMEDIOS,,,,53000.0,15,México,57,Naucalpan de Juárez,1,Naucalpan de Juárez                                                                                           ,0245,2,5553007746.0,,,Fijo,19.47358894,-99.24234485,2010-07
2168443,15122622112000036001000000U0,ISSEMYM,EL GOBIERNO DEL ESTADO ,622112,Hospitales generales del sector público,101 a 250 personas,AVENIDA,ISIDRO FABELA,CALLE,TOPOGRAFOS,PRIVADA,ARQUITECTOS,AVENIDA,BOULEVARD JUAN PABLO II,0.0,SN,,,,SN,COLONIA,MARIA ISABEL,,,,56615.0,15,México,122,Valle de Chalco Solidaridad,1,Xico                                                                                                          ,0391,53,5559715441.0,ISSEMYM_VALLECHALCO@YAHOO.COM.MX,,Fijo,19.30244051,-98.94948783,2010-07
2159669,15031622112000044000000000U7,ISSEMYM CLINICA CHIMALHUACAN,INSTITUTO DE SEGURIDAD DEL ESTADO DE MEXICO ,622112,Hospitales generales del sector público,31 a 50 personas,CALLE,YOYOTLI,AVENIDA,ORGANIZACION POPULAR,AVENIDA,CEHUAN,CALLE,FRANCISCO MODESTO OLAGUIBEL,12.0,,,,0.0,,BARRIO,TALLADORES,,,,56366.0,15,México,31,Chimalhuacán,1,Chimalhuacán                                                                                                  ,0342,14,,ADMON.CHIMALHUACAN@ISSEMYM.GOB.MX,,Fijo,19.43719094,-98.95979074,2010-07
10526757,15033622112000377000000000U7,ISSEMYM GOBIERNO DEL ESTADO,ISSEMYM GOBIERNO DEL ESTADO ,622112,Hospitales generales del sector público,251 y más personas,AVENIDA,AVENIDA DEL TRABAJO,AVENIDA,REVOLUCION,PRIVADA,FRANCISCO VILLA,CALLE,EJIDO DIEZ,0.0,SN,,,,,COLONIA,AMPLIACION EL CARMEN,,,,55025.0,15,México,33,Ecatepec de Morelos,1,Ecatepec de Morelos                                                                                           ,2593,30,,,,Fijo,19.60954079,-99.05128943,2024-11
2504993,15071622112000021000000000U1,ISSTE,GOBIERNO FEDERAL ,622112,Hospitales generales del sector público,0 a 5 personas,CALLE,MATAMOROS,CALLE,NICOLAS BRAVO,CALLE,ALLENDE,CALLE,MATAMOROS,0.0,SN,,,0.0,SN,COLONIA,CENTRO,,,,54200.0,15,México,71,Polotitlán,1,Polotitlán de la Ilustración                                                                                  ,0047,27,,,,Fijo,20.22332516,-99.8150318,2010-07
2130400,15058622112000116000000000U6,ISSTE CLINICA DE MEDICINA FAMILIAR VALLE DE ARAGON,DR AGAPITO MEDINA GONZALEZ ,622112,Hospitales generales del sector público,101 a 250 personas,AVENIDA,VALLE DEL YUKON,CALLE,VALLE DEL CARMEN,CALLE,VALLE DE BARDAGI,CALLE,AVENIDA VALLE DEL YANG-TSE,0.0,SN,,,0.0,,COLONIA,VALLE DE ARAGON PRIMERA SECCION,,,,57100.0,15,México,58,Nezahualcóyotl,1,Ciudad Nezahualcóyotl                                                                                         ,1908,31,5557809448.0,,,Fijo,19.49210648,-99.0634274,2010-07
10820773,15028622112000045000000000U0,JURISDICCION SANITARIA,JURISDICCION SANITARIA ,622112,Hospitales generales del sector público,51 a 100 personas,PRIVADA,NINGUNO,PRIVADA,NINGUNO,PRIVADA,NINGUNO,CALLE,GUADALUPE,0.0,SN,,,,,LOCALIDAD,CHIAUTLA,,,,56030.0,15,México,28,Chiautla,1,Chiautla                                                                                                      ,0116,10,,,,Fijo,19.55272839,-98.87950869,2024-11
9719640,15033622112000343000000000U9,LAVANDERIA DENTRO DEL HOSPITAL GENERAL ECATEPEC DR. JOSE MARIA RODRIGUEZ,COORDINACION DE LAVANDERIA HOSPITAL GENERAL ECATEPEC DR. JOSE MARIA RODRIGUEZ ,622112,Hospitales generales del sector público,11 a 30 personas,CALLE,LEONA VICARIO,CALLE,C. 10,PRIVADA,MIGUEL ALEMAN,CALLE,"MARAVILLAS, VALLE DEL MAYO",,SN,,,,,COLONIA,VALLE DE ANAHUAC,,,,55210.0,15,México,33,Ecatepec de Morelos,1,Ecatepec de Morelos                                                                                           ,3549,30,,,,Fijo,19.51462015,-99.03816858,2024-11
8636809,15057622311000253000000000U7,MAGNI GINECOOBSTETRAS ASOCIADOS,MAGNI GINECOOBSTETRAS ASOCIADOS SC,622311,Hospitales del sector privado de otras especialidades médicas,0 a 5 personas,CIRCUITO,MUSICOS,CALLE,NINGUNO,CALLE,NINGUNO,CIRCUITO,HISTORIADORES,44.0,S,B,PISO 1,101.0, ,COLONIA,CIUDAD SATELITE,,,,53100.0,15,México,57,Naucalpan de Juárez,1,Naucalpan de Juárez                                                                                           ,1243,23,,MAGNIGYN@YAHOO.COM.MX,,Fijo,19.50517686,-99.22600981,2019-11
2062212,15058622311000263000000000U4,MATERNIDAD SAN FELIPE,MATERNIDAD SAN FELIPE SA DE CV,622311,Hospitales del sector privado de otras especialidades médicas,11 a 30 personas,CALLE,1,AVENIDA,CHIMALHUACAN,CALLE,MAGISTERIO,CALLE,ME VOY,210.0,,,,0.0,,COLONIA,ESPERANZA,,,,57800.0,15,México,58,Nezahualcóyotl,1,Ciudad Nezahualcóyotl                                                                                         ,0806,17,,,,Fijo,19.39234396,-98.98845734,2010-07
2276280,15020622111000094001000000U7,MEDICA BETHESDA,MEDICA BETHESDA SA DE CV,622111,Hospitales generales del sector privado,11 a 30 personas,PRIVADA,TRIGAL EL GRANERO,CALLE,J. M. BAIRD,CALLE,NINGUNO,CALLE,JACARANDAS,18.0,,,,,,COLONIA,GRANERO OTUNAL,,,,55728.0,15,México,20,Coacalco de Berriozábal,1,San Francisco Coacalco                                                                                        ,0692,29,5526002165.0,,,Fijo,19.62518384,-99.0872896,2014-12
2184779,15081622111000062001000000U6,MEDICA BITH,,622111,Hospitales generales del sector privado,0 a 5 personas,CALLE,AVENIDA NACIONAL CARRETERA FEDERAL MEXICO PACHUCA,CALLE,ALDAMA,CALLE,JOAQUIN AMARO,CALLE,LAZARO CARDENAS,33.0,,,,0.0,,COLONIA,SAN PEDRO ATZOMPA,,,,55771.0,15,México,81,Tecámac,19,Ojo de Agua                                                                                                   ,0274,43,5559348001.0,,,Fijo,19.67537032,-99.00167239,2010-07
10547490,15104622111000202000000000U8,MEDICA CRD,ELIVAJ MEDICAL INSADE SA DE CV,622111,Hospitales generales del sector privado,6 a 10 personas,CALLE,VALLE DE BRAVO,CALLE,IXTLAHUACA,CALLE,CHALCO,CALLE,TEPOTZOTLAN,0.0,SN,,,,,COLONIA,TLALNEMEX,,,,54070.0,15,México,104,Tlalnepantla de Baz,1,Tlalnepantla                                                                                                  ,0656,14,,,,Fijo,19.52652986,-99.20599959,2024-11
7395288,15106622111000311000000000U2,MEDICA DEL ANGEL,,622111,Hospitales generales del sector privado,0 a 5 personas,CALLE,NINGUNO,PRIVADA,5 DE MAYO,PRIVADA,NINGUNO,CALLE,JUAN ESCUTIA,0.0,SN,,,,,PUEBLO,SAN ANDRES CUEXCOTITLAN,,,,50200.0,15,México,106,Toluca,62,San Andrés Cuexcontitlán                                                                                      ,1767,17,,,,Fijo,19.36168951,-99.62721561,2019-11
9294422,15051622111000031000000000U1,MEDICA MIA,MEDICA MIA OPERADORA HOSPITALARIA SA,622111,Hospitales generales del sector privado,101 a 250 personas,BOULEVARD,MIGUEL ALEMAN,BOULEVARD,MIGUEL ALEMAN,CALLE,NINGUNO,AVENIDA,INDUSTRIA AUTOMOTRIZ,57.0,2,,,,,PARQUE INDUSTRIAL,LERMA,PARQUE INDUSTRIAL,LERMA TOLUCA,SN,52000.0,15,México,51,Lerma,1,Lerma de Villada                                                                                              ,0472,2,,FINANZAS@MEDICAMIA.COM.MX,WWW.MEDICAMIA.COM.MX,Fijo,19.29263628,-99.55622563,2020-11
7082122,15109622111000062000000000U5,MEDICA PRADOS,,622111,Hospitales generales del sector privado,11 a 30 personas,AVENIDA,PRADOS DEL NORTE,CALLE,EUCALIPTO,CALLE,AVELLANAS,CALLE,NINGUNO,365.0,,,,,,FRACCION,UNIDAD TERCERA SECCION,,,,54935.0,15,México,109,Tultitlán,25,San Pablo de las Salinas                                                                                      ,0135,14,5558831287.0,MEDICAPRADOS@GMAIL.COM,,Fijo,19.68587085,-99.08840793,2019-11
8038612,15054621115000073000000000U2,MEDICA SAN ISIDRO,CLINICA MEDICA SC,622311,Hospitales del sector privado de otras especialidades médicas,51 a 100 personas,CALLE,JOSEFA ORTIZ DE DOMINGUEZ,PRIVADA,NINGUNO,PRIVADA,NINGUNO,CALLE,LEONA VICARIO,444.0,,,,,,BARRIO,SAN FRANCISCO COAXUSCO,,,,52169.0,15,México,54,Metepec,1,Metepec                                                                                                       ,0722,32,,MEDICA_SANISIDRO@GOMAIL.COM,,Fijo,19.25909063,-99.61365402,2019-11
8425359,15033622111000362000000000M1,MEDICA VALLE,,622111,Hospitales generales del sector privado,6 a 10 personas,AVENIDA,LIBERTADORES DE AMERICA,CALLE,SAN MIGUEL,CALLE,SIMON BOLIVAR,AVENIDA,AV. LAT. AV. CENTRAL,61.0,,,,0.0,,COLONIA,LAS AMERICAS,,,,55076.0,15,México,33,Ecatepec de Morelos,1,Ecatepec de Morelos                                                                                           ,4890,19,5559694727.0,JOSU.BERESHIT@GMAIL.COM,,Fijo,19.5919144,-99.01903256,2019-11
2196209,15033622111000132000000000U8,MEDICINA INTEGRAL GUADALUPE,,622111,Hospitales generales del sector privado,11 a 30 personas,CALLE,TAMAULIPAS,CALLE,VERACRUZ,CALLE,OAXACA,AVENIDA,HIDALGO SUR,233.0,,,,0.0,,COLONIA,SANTA MARIA TULPETLAC,,,,55400.0,15,México,33,Ecatepec de Morelos,1,Ecatepec de Morelos                                                                                           ,0328,2,5557782600.0,MEDICINA_INTEGRALGPE@YAHOO.COM.ES,,Fijo,19.56581971,-99.04765803,2011-03
10903780,15033622111000415000000000U7,MEDIMAC,CENTRO HOSPITALARIO MAC SA DE CV,622111,Hospitales generales del sector privado,51 a 100 personas,AVENIDA,INSURGENTES,AVENIDA,PASEO DE LAS AMERICAS,PRIVADA,SPAQUIRA,CALLE,JOSE FRANCISCO CORDOBA,0.0,SN,PASEO VENTURA,PLANTA BAJA,4.0,R04,CONDOMINIO,LAS AMERICAS,CENTRO Y PLAZA COMERCIAL,PASEO VENTURA,R04,55076.0,15,México,33,Ecatepec de Morelos,1,Ecatepec de Morelos                                                                                           ,4941,2,,ALEJANDRO.GONZALEZ@ECATEPEC.MEDICAMAC.COM,,Fijo,19.58116377,-99.01807219,2024-11
9390761,15104622111000165000000000U7,MEDIMAC,MEDIMAC TLALNEPANTLA SA DE CV,622111,Hospitales generales del sector privado,51 a 100 personas,CALLE,VÍA GUSTAVO BAZ,CALLE,ROBERTO FULTON,CALLE,L. M. ERICSSON,OTRO(ESPECIFIQUE),VÍA GUSTAVO BAZ,309.0,,,,,,ZONA INDUSTRIAL,LA LOMA,,,,54060.0,15,México,104,Tlalnepantla de Baz,1,Tlalnepantla                                                                                                  ,1885,1,,CALIDAD@TLALNEPANTLA.MEDICAMAC.COM,HOSPITALESMAC.COM/MEDICAMAC/,Fijo,19.53372346,-99.20767368,2022-11
6266556,15013622111000025002000000U6,NOVUS MEDICA HOSPITAL DE ESPECIALIDADES,HOSPITAL NOVUS MEDICA SC,622111,Hospitales generales del sector privado,11 a 30 personas,CALLE,ADOLFO LOPEZ MATEOS,CALLE,LEANDRO VALLE,CALLE,COPORO,CALLE,ADOLFO LOPEZ MATEOS,49.0,,,,0.0,,COLONIA,BARRIO NORTE,,,,52960.0,15,México,13,Atizapán de Zaragoza,1,Ciudad López Mateos                                                                                           ,1732,26,,IRMAE@INOVAMEDICA.COM,,Fijo,19.56280697,-99.25137977,2010-07
2122932,15057621211000231000000000U6,OBRA SOCIAL TECAMACHALCO,OBRA SOCIAL TECAMACHALCO AC,622112,Hospitales generales del sector público,0 a 5 personas,CALLE,FUENTE DE NEZAHUALCOYTL,CALLE,FUENTE DE LAS PIRAMIDES,CERRADA,FUENTE DEL RETIRO,CALLE,FUENTE DEL MIRADOR,81.0,,,,0.0,,MANZANA,TECAMACHALCO,,,,53950.0,15,México,57,Naucalpan de Juárez,1,Naucalpan de Juárez                                                                                           ,0512,15,,,,Fijo,19.42246368,-99.23042826,2010-07
2102591,15099622111000114001000000U7,OPERADORA HOSPITAL FUTURA ,OPERADORA HOSPITAL FUTURA SA DE CV,622111,Hospitales generales del sector privado,51 a 100 personas,CALLE,FRAY PEDRO DE GANTE,CALLE,MANUEL GONZALEZ,CALLE,MIGUEL NEGRETE,AVENIDA,BENITO JUAREZ,226.0,,,,0.0,,COLONIA,CENTRO,,,,56100.0,15,México,99,Texcoco,1,Texcoco de Mora                                                                                               ,1309,11,5959540495.0,,,Fijo,19.51785911,-98.88377439,2010-07
2212165,15013622111000032001000000U2,PABELLON MEDICO ATIZAPAN,MEDICOS CIRUJANOS DE ATIZAPAN S DE RL S DE RL DE CV,622111,Hospitales generales del sector privado,11 a 30 personas,CALLE,AVENIDA DEL TRABAJO,CALLE,CALLE DEL PARQUE,CALLE,PASEO DE ZARAGOZA,CALLE,JACARANDAS,98.0,,,,0.0,,COLONIA,JARDINES DE ATIZAPAN,,,,52978.0,15,México,13,Atizapán de Zaragoza,1,Ciudad López Mateos                                                                                           ,1094,35,5516681259.0,,WWW.PABELLONMEDICOATIZAPAN.COM,Fijo,19.55590362,-99.2428971,2014-12
11319922,15095622111000021000000000U2,PEDIATRA EL PEQUEÑO EDU,,622111,Hospitales generales del sector privado,0 a 5 personas,AVENIDA,LICENCIADO ADOLFO LOPEZ MATEOS,PRIVADA,DEL CERRO,CALLE,VILLALPANDO,CALLE,LA HERA,0.0,SN,,,,,BARRIO,SAN MARTIN,,,,54605.0,15,México,95,Tepotzotlán,1,Tepotzotlán                                                                                                   ,0246,16,,,,Fijo,19.71948416,-99.22466119,2024-11
11678298,15013622111000103000000000U1,PLATAFORMA VASCULARES PREMIUM,PLATAFORMAS VASCULARES PREMIUM SA DE CV,622111,Hospitales generales del sector privado,11 a 30 personas,CALLE,PASEO DE LAS ALAMEDAS,CALLE,CALLE DEL PINZON,CALLE,SAN FRANCISCO DE ASIS,CALLE,SAN FRANCISCO DE ASIS,72.0,D,1,PISO 3,3.0,,FRACCIONAMIENTO,LAS ALAMEDAS,,,,52790.0,15,México,13,Atizapán de Zaragoza,1,Ciudad López Mateos                                                                                           ,0202,37,5585836823.0,JACOB.URRUPIA@PLATAFORMASBASCULARES.COM,,Fijo,19.55100477,-99.24127791,2024-11
2001672,15020622311000053000000000U9,POLICLINICA COACALCO,POLICLINICA COACALCO SA DE CV,622311,Hospitales del sector privado de otras especialidades médicas,11 a 30 personas,CALLE,FRANCISCO I MADERO,CALLE,16 DE SEPTIEMBRE,CALLE,MIGUEL HIDALGO,CALLE,MIGUEL HIDALGO,60.0,,,,,,LOCALIDAD,SAN FRANCISCO,,,,55700.0,15,México,20,Coacalco de Berriozábal,1,San Francisco Coacalco                                                                                        ,0048,11,,,,Fijo,19.63122627,-99.10437943,2010-07
6736362,15106622311000205001058579M2,REINA MADRE CLINICAS DE LA MUJER TOLUCA,HOSPITALES FAMILIARES SA DE CV,622311,Hospitales del sector privado de otras especialidades médicas,31 a 50 personas,AVENIDA,PASEO TOLLOCAN,CALLE,DOCTOR ANDRÉS BENAVIDES,CALLE,CARMEN SERDÁN,CALLE,FRAY JUAN PÉREZ,402.0,,,,,,COLONIA,COLON Y COL. CIPRES,,,,50120.0,15,México,106,Toluca,1,Toluca de Lerdo                                                                                               ,0580,29,,VICTOR.BOLIO@REINAMADRE.MX,WWW.REINAMADRE.MX,Fijo,19.27330069,-99.6615183,2016-10
9404785,15121622311000224000058579S2,REINA MADRE CUATITLAN IZCALLI,HOSPITALES FAMILIARES SA DE CV,622311,Hospitales del sector privado de otras especialidades médicas,11 a 30 personas,CALLE,NINGUNO,CALLE,NINGUNO,OTRO(ESPECIFIQUE),NINGUNO,OTRO(ESPECIFIQUE),NINGUNO,,MZ C44 A,,,,LOTE 2,COLONIA,CENTRO URBANO,,,,54700.0,15,México,121,Cuautitlán Izcalli,1,Cuautitlán Izcalli                                                                                            ,1547,27,,VICTOR.BOLIO@REINAMADRE.MX,WWW.REINAMADRE.MX,Fijo,19.6590385,-99.20973428,2023-11
9404787,15054622311000093000058579S4,REINA MADRE METEPEC,HOSPITALES FAMILIARES SA DE CV,622311,Hospitales del sector privado de otras especialidades médicas,11 a 30 personas,CALLE,FRONTERA SAN ISIDRO,CALLE,CANAL,CALLE,JOSÉ MARÍA MORELOS Y PAVÓN,CALLE,EMILIANO ZAPATA,907.0,,,,,,COLONIA,ALVARO OBREGON,,,,52105.0,15,México,76,San Mateo Atenco,1,San Mateo Atenco                                                                                              ,0306,15,,VICTOR.BOLIO@REINAMADRE.MX,WWW.REINAMADRE.MX,Fijo,19.27761608,-99.5557456,2023-11
9423449,15057622311000263000058579S6,REINA MADRE SATELITE,HOSPITALES FAMILIARES SA DE CV,622311,Hospitales del sector privado de otras especialidades médicas,11 a 30 personas,CALLE,PANUNCIO PADILLA,CALLE,PANUNCIO PADILLA,CALLE,NINGUNO,CALLE,MANUEL IZAGUIRRE,2.0,,,,,,CIUDAD,SATELITE,,,,53100.0,15,México,57,Naucalpan de Juárez,1,Naucalpan de Juárez                                                                                           ,121A,37,,JORGE.BAUTISTA@REINAMADRE.MX,WWW.REINAMADRE.MX,Fijo,19.51323694,-99.23371982,2023-11
9417248,15104622311000233000058579S9,REINA MADRE TLANEPANTLA,HOSPITALES FAMILIARES SA DE CV,622311,Hospitales del sector privado de otras especialidades médicas,11 a 30 personas,CALLE,AHUEHUETES,AVENIDA,TLÁLOC,AVENIDA,ACUEDUCTO DE TENAYUCA,CALLE,JACARANDAS,,SN,,,,,COLONIA,SAN BARTOLO TENAYUCA,CENTRO Y PLAZA COMERCIAL,PLAZA AHUEHUETES,1,54150.0,15,México,104,Tlalnepantla de Baz,1,Tlalnepantla                                                                                                  ,0590,36,,VICTOR.BOLIO@REINAMADRE.MX,WWW.REINAMADRE.MX,Fijo,19.53201168,-99.1724809,2023-11
2387993,15106519122000011000000000U1,SALUDIF SAN PEDRO TOTOLTEPEC,DESARROLLO INTEGRAL DE LA FAMILIA AYUNTAMIENTO DE TOLUCA ,622112,Hospitales generales del sector público,11 a 30 personas,CALLE,NINGUNO,CALLE,JUSTO GARCIA FLORES,CALLE,REVOLUCION,OTRO(ESPECIFIQUE),NINGUNO,0.0,SN,,,,,LOCALIDAD,SAN PEDRO TOTOLTEPEC,,,,50200.0,15,México,106,Toluca,233,Crespa Floresta                                                                                               ,4475,3,,,,Fijo,19.30997388,-99.58425683,2010-07
8332903,15093622111000012000000000U6,SAN SEBASTIAN CENTRO DE ESPECIALIDADES MEDICAS,MARCO ANTONIO GONZALEZ VELARDE SC,622111,Hospitales generales del sector privado,11 a 30 personas,CALLE,CUAUHTEMOC,CALLE,TEJOCOTE,CALLE,GRANADITAS,CALLE,TETITLA,0.0,SN,,,,,BARRIO,EL CALVARIO,,,,56077.0,15,México,93,Tepetlaoxtoc,1,Tepetlaoxtoc de Hidalgo                                                                                       ,0063,39,,CENTRO_MEDICOCMS@HOTMAIL.COM,,Fijo,19.56860816,-98.81649068,2019-11
2215116,15121622311000172000000000U3,SANATORIO CASA BLANCA,,622311,Hospitales del sector privado de otras especialidades médicas,6 a 10 personas,CALLE,TOLUCA,CALLE,CALIMAYA,CALLE,COATEPEC,CALLE,TEXCOCO,2.0,,,,0.0,,COLONIA,CUMBRIA,,,,54740.0,15,México,121,Cuautitlán Izcalli,1,Cuautitlán Izcalli                                                                                            ,2282,37,,SANATORIO.CASABLANCA1975@GMAIL.COM,,Fijo,19.65329874,-99.21005239,2010-07
2404436,15106622111000193000000000U4,SANATORIO DE CRISTO,SANATORIO DE CRISTO SA DE CV,622111,Hospitales generales del sector privado,6 a 10 personas,AVENIDA,PASEO COLON,CALLE,GENERAL MANUEL GONZALEZ,CALLE,FRANCISCO MONTEJO,CALLE,JOSE CLARK FLORES,1011.0,,,,,,COLONIA,MORERNA DE LA CRUZ,,,,50180.0,15,México,106,Toluca,1,Toluca de Lerdo                                                                                               ,2055,4,,MARINANERIPERALTA@HOTMAIL.COM,,Fijo,19.25942542,-99.66239543,2010-07
1972847,15033622311000273000000000U6,SANATORIO DE ESPECIALIDADES MEDICAS SAN VICENTE DE PAUL,,622311,Hospitales del sector privado de otras especialidades médicas,11 a 30 personas,CALLE,SUR 26,AVENIDA,SAN FELIPE (DOCTOR ATL.),AVENIDA,LA PIEDAD,CALLE,SUR 28,0.0,SN,,,,,COLONIA,SAN AGUSTIN TERCERA SECCION,,,,55130.0,15,México,33,Ecatepec de Morelos,1,Ecatepec de Morelos                                                                                           ,0686,30,5557555750.0,NOHEMICO@GMAIL.COM,,Fijo,19.53537154,-99.04147894,2010-07
2507554,15001467111000011001000000U9,SANATORIO DE JESUS,,622111,Hospitales generales del sector privado,11 a 30 personas,CALLE,PANAMERICANA,PRIVADA,IGNACIO ZARAGOZA,CALLE,MARIA LUISA OCHOA,CERRADA,16 DE SEPTIEMBRE,0.0,SN,,,0.0,,COLONIA,INDEPENDENCIA,,,,50300.0,15,México,1,Acambay de Ruíz Castañeda,1,Villa de Acambay de Ruíz Castañeda                                                                            ,0127,14,,HOSPITALSJACAMBAY@TODITO.COM,,Fijo,19.95302153,-99.84579652,2010-07
2400970,15106622111000153001000000U8,SANATORIO DE URGENCIAS COLON,JORGE PATRICIO FLORES DAVILA SA DE CV,622111,Hospitales generales del sector privado,11 a 30 personas,CALLE,CIRILO T CANCELADA,CALLE,GUILLERMO MENESES SERDAN,CALLE,MARIANO MATAMOROS,CALLE,GENERAL ALVARO OBREGON,105.0,,,,,,COLONIA,MODERNA DE LA CRUZ,,,,50180.0,15,México,106,Toluca,1,Toluca de Lerdo                                                                                               ,0631,19,,SANATORIOURGENCIASCOLON@HOTMAIL.COM,,Fijo,19.27148672,-99.65689217,2010-07
2481105,15082622111000033000000000U5,SANATORIO DEL CARMEN,,622111,Hospitales generales del sector privado,6 a 10 personas,CALLE,27 DE SEPTIEMBRE,CALLE,16 DE SEPTIEMBRE,CALLE,5 DE MAYO,CALLE,5 DE FEBRERO,16.0,,,,0.0,,COLONIA,CENTRO,,,,51400.0,15,México,82,Tejupilco,1,Tejupilco de Hidalgo                                                                                          ,0110,22,,DELCARMENSANATORIO@HOTMAIL.COM,,Fijo,18.90699448,-100.15204321,2014-12
2139025,15058622111000102000000000U8,SANATORIO DOCTOR TEJEDA,SANATORIO DOCTOR TEJEDA SA DE CV,622111,Hospitales generales del sector privado,6 a 10 personas,AVENIDA,MEXICO,CALLE,BENITO JUAREZ,CALLE,IGNACIO ZARAGOZA,CALLE,MIGUEL HIDALGO,96.0,,,,0.0,,COLONIA,RAUL ROMERO,,,,57630.0,15,México,58,Nezahualcóyotl,1,Ciudad Nezahualcóyotl                                                                                         ,1202,6,5557979691.0,,,Fijo,19.39797435,-99.04216096,2010-07
6439127,15106622311000197000000000U1,SANATORIO FLORENCIA,SANATORIO FLORENCIA S DE RL DE CV,622311,Hospitales del sector privado de otras especialidades médicas,251 y más personas,AVENIDA,GENERAL VICENTE GUERRERO,PROLONGACION,PASEOS DE SAN BUENAVENTURA,AVENIDA,VALENTÍN GÓMEZ FARÍAS,CALLE,LEONARDO BRAVO,205.0,,,,,,COLONIA,MORELOS,,,,50080.0,15,México,106,Toluca,1,Toluca de Lerdo                                                                                               ,0434,40,,CONTABILIDAD@SANATORIOFLORENCIA.COM,WWW.SANATORIOFLORENCIA.COM.MX,Fijo,19.28438171,-99.67405132,2010-07
2545490,15067622111000011001000000U2,SANATORIO HUMANA,,622111,Hospitales generales del sector privado,6 a 10 personas,CALLE,ACUEDUCTO,PRIVADA,PAULINO PORTILLO,AVENIDA,INDEPENDENCIA,CALLE,GALEANA,4.0,,,,0.0,,LOCALIDAD,VILLA CUAUHTEMOC,,,,52080.0,15,México,67,Otzolotepec,1,Villa Cuauhtémoc                                                                                              ,0190,59,,,,Fijo,19.42038996,-99.56063617,2010-07
2503661,15118622111000023000000000U8,SANATORIO JESUS MEDICO ZINACANTEPEC,ROMAN FLORES HERNANDEZ SA DE CV,622111,Hospitales generales del sector privado,11 a 30 personas,PRIVADA,VILLA HERMOSA,BOULEVARD,LICENCIADO ADOLFO LOPEZ MATEOS,CALLE,NINGUNO,CARRETERA,A ZITACUARO,0.0,SN,,,,,EJIDO,SAN LORENZO CUAUHTENCO,,,,51355.0,15,México,118,Zinacantepec,1,San Miguel Zinacantepec                                                                                       ,0685,13,,,,Fijo,19.29962776,-99.74482941,2010-07
7156832,15104622111000151000000000U7,SANATORIO LA ESPERANZA,,622111,Hospitales generales del sector privado,0 a 5 personas,CERRADA,PRIMERA CERRADA NORTE DE GALEANA,CALLE,SEGUNDA CERRADA NORTE DE GALEANA,CALLE,VIA GUSTAVO BAZ,CALLE,HERMENEGILDO GALEANA,192.0,,,,0.0,,COLONIA,LA LOMA,,,,54060.0,15,México,104,Tlalnepantla de Baz,1,Tlalnepantla                                                                                                  ,189A,9,,,,Fijo,19.53118876,-99.20643575,2019-11
6356131,15074622111000033001048970M2,SANATORIO M GANDHI,GRUPO GANDHI SA DE CV,622111,Hospitales generales del sector privado,11 a 30 personas,CALLE,MIGUEL HIDALGO,CALLE,PROLONGACION LA PALMA,AVENIDA,JOSE MARIA MORELOS,CALLE,MARGARITO ESQUIVEL,108.0,,,,0.0,,COLONIA,CENTRO,,,,50640.0,15,México,74,San Felipe del Progreso,1,San Felipe del Progreso                                                                                       ,0142,8,,,,Fijo,19.71471741,-99.95172647,2014-12
2144651,15104622311000133000000000U1,SANATORIO MATERNIDAD DE JESUS,,622311,Hospitales del sector privado de otras especialidades médicas,6 a 10 personas,AVENIDA,BENITO JUAREZ,CALLE,ZANJA,CALLE,VICENTE GUERRERO,CALLE,VICENTE GUERRERO,80.0,,,,0.0,,COLONIA,SAN LUCAS PATONI,,,,54100.0,15,México,104,Tlalnepantla de Baz,1,Tlalnepantla                                                                                                  ,0603,67,5559264232.0,BJC.CONTADORESPUBLICO@HOTMAIL.COM,,Fijo,19.53445003,-99.15876757,2010-07
2193404,15070622311000062000000000U5,SANATORIO MATERNIDAD METROPOLITANO,,622311,Hospitales del sector privado de otras especialidades médicas,6 a 10 personas,AVENIDA,AVENIDA DEL TRABAJO,CALLE,MIGUEL HIDALGO,CERRADA,NINGUNO,CALLE,EMILIANO ZAPATA,15.0,,,,,,COLONIA,LOS REYES CENTRO,,,,56400.0,15,México,70,La Paz,1,Los Reyes Acaquilpan                                                                                          ,0035,13,5558556770.0,,,Fijo,19.35680837,-98.97634005,2010-07
2121995,15033622111000233001000000U4,SANATORIO MB,,622111,Hospitales generales del sector privado,11 a 30 personas,AVENIDA,CARLOS HANK GONZALEZ,AVENIDA,SAN FELIPE,AVENIDA,LA PIEDAD,CALLE,SUR 98,,SN,,,,B,COLONIA,NUEVO PASEO DE SAN AGUSTIN TERCERA SECCION,,,,55130.0,15,México,33,Ecatepec de Morelos,1,Ecatepec de Morelos                                                                                           ,0703,33,,SANATORIOMB.CONTACTO@GMAIL.COM,,Fijo,19.52996149,-99.02989903,2010-07
6438723,15019622311000022011000000U6,SANATORIO MEDICO SANTA INES,,622111,Hospitales generales del sector privado,0 a 5 personas,AVENIDA,5 DE MAYO,CALLE,DOCTOR EULOGIO RUIZ,CALLE,LICENCIADO CRUZ ARMAS,AVENIDA,NIÑOS HEROES,507.0,,,,0.0,,COLONIA,CENTRO,,,,52700.0,15,México,19,Capulhuac,1,Capulhuac de Mirafuentes                                                                                      ,009A,9,,,,Fijo,19.18961009,-99.46392367,2010-07
2430586,15106812410002351000000000S2,SANATORIO MEXICO,SANATORIO MEXICO GRUPO MEDIC TDT SA DE CV,622111,Hospitales generales del sector privado,0 a 5 personas,CALLE,REPUBLICA DE NICARAGUA,CALLE,JOSE MARIA ARTEAGA,AVENIDA,MEXICO,CALLE,REPUBLICA DE COLOMBIA,210.0,,,,0.0,,COLONIA,AMERICAS,,,,50130.0,15,México,106,Toluca,1,Toluca de Lerdo                                                                                               ,0504,4,,,,Fijo,19.28271187,-99.64548156,2014-12
2430584,15106622111000163001000000U7,SANATORIO MEXICO DE TOLUCA,GRUPO MEDIC TDT SA,622111,Hospitales generales del sector privado,11 a 30 personas,AVENIDA,MÉXICO,CALLE,REPÚBLICA DE NICARAGUA,CALLE,REPÚBLICA DE EL SALVADOR,CALLE,JOSÉ MARÍA ARTEAGA,507.0,,,,,,COLONIA,AMERICAS,,,,50130.0,15,México,106,Toluca,1,Toluca de Lerdo                                                                                               ,0504,12,,DIRECCION.GENERAL@SANATORIOMEXICO.COM,,Fijo,19.28268651,-99.64554621,2010-07
2196062,15057622111000144001000000U2,SANATORIO PRIVADO SANTA CLARA,SANATORIO PRIVADO SANTA CLARA SC,622111,Hospitales generales del sector privado,31 a 50 personas,CALLE,GARDENIAS,CIRCUITO,MARGARITAS,CALLE,RIO VERDE,CIRCUITO,MARGARITAS,13.0,,,,,,COLONIA,JARDINES DEL MOLINITO,,,,53530.0,15,México,57,Naucalpan de Juárez,1,Naucalpan de Juárez                                                                                           ,1563,28,5616652420.0,COMPRAS@SPSANTACLARA.COM.MX,WWW.SPSANTACLARA.COM.MX,Fijo,19.45951587,-99.24020126,2012-06
2155366,15057622311000122001000000U4,SANATORIO SAN BERNARDO,,622311,Hospitales del sector privado de otras especialidades médicas,11 a 30 personas,BOULEVARD,ADOLFO LOPEZ MATEOS,CALLE,CIPRESES,AVENIDA,FRESNOS,CALLE,OLIVOS,40.0,,,,,,COLONIA,JARDINES DE SAN MATEO,,,,53240.0,15,México,57,Naucalpan de Juárez,1,Naucalpan de Juárez                                                                                           ,0160,7,5555605399.0,SANATORIOSNBER@HOTMAIL.COM,WWW.SANATORIOSANBERNARDO.COM,Fijo,19.49019436,-99.25579663,2010-07
2162060,15057622111000041000000000U0,SANATORIO SAN CARLOS,,622111,Hospitales generales del sector privado,11 a 30 personas,AVENIDA,LAS TORRES,CALLE,ROSAL,CALLE,SAN LORENZO,CALLEJON,CIRCUNVALACION,,SN,,,,,COLONIA,LOMAS DE SAN AGUSTIN,,,,53490.0,15,México,57,Naucalpan de Juárez,1,Naucalpan de Juárez                                                                                           ,192A,38,,SANATORIO.SANCARLOS.SC@GMAIL.COM,,Fijo,19.46038377,-99.25421289,2010-07
2444335,15087621111000051001000000U7,SANATORIO SAN JOSE,,622111,Hospitales generales del sector privado,6 a 10 personas,CALLE,LUIS RIVERA MONTES DE OCA,AVENIDA,MEXICO,CALLE,OTOMI,CALLE,REFORMA AGRARIA,0.0,SN,,,,,LOCALIDAD,MOLINO ARRIBA,,,,50874.0,15,México,87,Temoaya,1,Temoaya                                                                                                       ,0070,17,7223902221.0,,,Fijo,19.46537106,-99.59349691,2010-07
6354093,15106622111000255000000000U1,SANATORIO SANTA CRUZ DE TOLUCA,SANATORIO SANTA CRUZ DE TOLUCA,622111,Hospitales generales del sector privado,51 a 100 personas,CALLE,LERMA,CALLE,TEXCOCO,CALLE,TOLUCA,CALLE,ATLACOMULCO,401.0,,,,0.0,SN,COLONIA,SECTOR POPULAR,,,,50040.0,15,México,106,Toluca,1,Toluca de Lerdo                                                                                               ,3195,22,,SANATORIOSTACRUZ@GMAIL.COM,,Fijo,19.29343645,-99.66975121,2010-07
2068762,15057621113001112001000000U5,SANATORIO SANTA ESPERANZA,,622111,Hospitales generales del sector privado,0 a 5 personas,AVENIDA,GUADALUPE,CALLE,JUAN ESCUTIA,CALLE,MAYAPAN,PRIVADA,PALOMAS,54.0,,,,0.0,,COLONIA,SAN LORE TOTOLINGA SEGUNDA SECCION,,,,53426.0,15,México,57,Naucalpan de Juárez,1,Naucalpan de Juárez                                                                                           ,2148,5,5621977037.0,DEREMENDIETA84@GMAIL.COM,,Fijo,19.45288889,-99.27626312,2010-07
2527545,15042622111000032001000000U1,SANATORIO SANTA FE,,622111,Hospitales generales del sector privado,6 a 10 personas,CALLE,20 DE NOVIEMBRE,PRIVADA,VENUSTIANO CARRANZA,CALLE,NICOLAS BRAVO,CALLE,20 DE NOVIEMBRE,0.0,SN,,,,,EJIDO,SAN JOAQUIN,,,,50740.0,15,México,42,Ixtlahuaca,1,Ixtlahuaca de Rayón                                                                                           ,0312,24,,,,Fijo,19.56512842,-99.76117562,2010-07
2383483,15106622111000102001000000U5,SANATORIO SANTA MARIA,,622311,Hospitales del sector privado de otras especialidades médicas,6 a 10 personas,CALLE,IGNACIO LOPEZ RAYON,PRIVADA,ATZAYACATL,CALLE,5 DE MAYO,CALLE,5 DE FEBRERO,0.0,SN,,,0.0,,PUEBLO,SAN PABLO AUTOPAN,,,,50290.0,15,México,106,Toluca,83,San Pablo Autopan                                                                                             ,2727,38,7222965176.0,DRDUARDOARZATE@OUTLOOK.COM,,Fijo,19.35340906,-99.6567074,2010-07
1987728,15099622111000093000000000U3,SANATORIO SANTA ROSA,,622111,Hospitales generales del sector privado,11 a 30 personas,CALLE,FRAY PEDRO DE GANTE,CALLE,RAYON,CALLE,SILVERIO PEREZ,AVENIDA,BENITO JUAREZ,223.0,,,,0.0,,COLONIA,DEL CARMEN,,,,56100.0,15,México,99,Texcoco,1,Texcoco de Mora                                                                                               ,0813,25,5959544757.0,JANGOCHARLES@YAHOO.COM,,Fijo,19.51009437,-98.88432439,2010-07
2522404,15082622311000033001000000U1,SANATORIO TEJUPILCO,,622311,Hospitales del sector privado de otras especialidades médicas,11 a 30 personas,CALLE,A AMATEPEC,CALLE,INSURGENTES,CALLE,VICENTE GUERRERO,CALLE,LIBERTAD,64.0,,,,0.0,,COLONIA,INDEPENDENCIA,,,,51412.0,15,México,82,Tejupilco,1,Tejupilco de Hidalgo                                                                                          ,0430,4,,,,Fijo,18.8911172,-100.14128013,2010-07
2396468,15106622111000072000000000U0,SANATORIO TOLLOCAN,CENTRAL MEDICOQUIRURGICA TOLLOCAN SA DE CV,622111,Hospitales generales del sector privado,6 a 10 personas,CALLE,LAGUNA 7 COLORES,CALLE,LAGUNA 7 COLORES,CALLE,LAGO CAIMANERO,CALLE,PARQUE SACROMONTE,101.0,,,,,,COLONIA,NUEVA OXTOTITLAN,,,,50100.0,15,México,106,Toluca,1,Toluca de Lerdo                                                                                               ,1926,23,7222780371.0,SANATORIOTOLLOCAN@YAHOO.COM.MX,,Fijo,19.28738049,-99.68377325,2010-07
6266186,15106622111000265001000000U0,SANATORIO TOLUCA,SERVICIOS MEDICOS QUIRURGICOS DE TOLUCA SA,622111,Hospitales generales del sector privado,51 a 100 personas,CALLE,PROFESORA EULALIA PEÑALOZA,AVENIDA,GENERAL VICENTE GUERRERO,CALLE,RODOLFO SANCHEZ,CALLE,FELIPE VILLANUEVA,233.0,,,,,,COLONIA,COLONIA FEDERAL,,,,50120.0,15,México,106,Toluca,1,Toluca de Lerdo                                                                                               ,0576,13,,DANIEL.ROSAS@WEARUMAN.COM,,Fijo,19.27573366,-99.66775018,2010-07
11787378,15054622111000102000062410S7,SANATORIO VENECIA METEPEC,SANATORIO VENECIA  SA DE CV,622111,Hospitales generales del sector privado,6 a 10 personas,AVENIDA,Tecnológico,CALLE,5 de Febrero,CALLE,Antiguo Camino a San Mateo,CALLE,Ignacio Zaragoza,725.0,,,,,,COLONIA,SAN SALVADOR TIZATLALLI,,,,52172.0,15,México,54,Metepec,49,San Salvador Tizatlalli                                                                                       ,1241,18,,MAR_LUCY@HOTMAIL.COM,WWW.SANATORIOVENECIA.COM.MX,Fijo,19.26193996,-99.57704063,2025-04
2400888,15106622111000173001062410M6,SANATORIO VENECIA TOLUCA,SANATORIO VENECIA SA DE CV,622111,Hospitales generales del sector privado,11 a 30 personas,AVENIDA,PASEO TOLLOCAN,CALLE,IGNACIO LÓPEZ RAYÓN,CALLE,PABLO SIDAR,CALLE,GENERAL FRANCISCO VILLA,113.0,,,,,,COLONIA,UNIVERSIDAD,,,,50130.0,15,México,106,Toluca,1,Toluca de Lerdo                                                                                               ,0608,15,,MAR_LUCY@HOTMAIL.COM,WWW.SANATORIOVENECIA.COM.MX,Fijo,19.27245262,-99.65258758,2010-07
1995475,15033622311000253001000000U8,SANATORIO Y MATERNIDAD DOCTOR LAURO JUAREZ,MEDICA QUIRURGICA TULPETLAC SA DE CV,622311,Hospitales del sector privado de otras especialidades médicas,11 a 30 personas,AVENIDA,ACUEDUCTO,CALLE,PROLONGACION AVENIDA MEXICO,CERRADA,CERRADA DE LOS REYES,CARRETERA,MEXICO-PACHUCA,12.0,,,,0.0,,COLONIA,AMPLIACION TULPETLAC,,,,55418.0,15,México,33,Ecatepec de Morelos,1,Ecatepec de Morelos                                                                                           ,0262,3,5551260743.0,,,Fijo,19.57076666,-99.05352714,2012-06
1990921,15099622111000032000000000U1,SANATORIO Y MATERNIDAD SAN RAFAEL,GABRIEL DE LA CRUZ ESPINOSA SA DE CV,622111,Hospitales generales del sector privado,6 a 10 personas,CALLE,LEANDRO VALLE,CALLE,OLIVOS,CALLE,SILVERIO PEREZ,CALLE,CACAMATZIN,314.0,,,,,,COLONIA,SAN PEDRO,,,,56105.0,15,México,99,Texcoco,1,Texcoco de Mora                                                                                               ,0813,3,5951092183.0,SANRAFAEL06UV3@HOTMAIL.COM,,Fijo,19.5086588,-98.88635515,2010-07
2369042,15015622112000024000000000U2,SEAPS ATLAUTLA,GOBIERNO DEL ESTADO DE MEXIO ,622112,Hospitales generales del sector público,51 a 100 personas,CALLE,EMILIO CARRANZA,AVENIDA,FRANCISCO I. MADERO,AVENIDA,JUAREZ,CALLE,CORREGIDORA,0.0,SN,,,0.0,,BARRIO,SAN LORENZO,,,,56970.0,15,México,15,Atlautla,1,Atlautla de Victoria                                                                                          ,0211,6,,,,Fijo,19.02800462,-98.78141794,2014-12
2482125,15082622112000055000000000U6,SEAPS BEJUCOS,ISEM ,622112,Hospitales generales del sector público,31 a 50 personas,PRIVADA,TULIPANES,OTRO(ESPECIFIQUE),NINGUNO,CALLE,NINGUNO,CALLE,NINGUNO,0.0,SN,,,,,LOCALIDAD,BEJUCOS,,,,51430.0,15,México,82,Tejupilco,22,Bejucos                                                                                                       ,0394,22,,,,Fijo,18.7823757,-100.42891343,2014-12
2379988,15070622112000061001000000U9,SEGURO MUNICIPAL DE LA PAZ 465,,622112,Hospitales generales del sector público,6 a 10 personas,CALLE,TULIPAN,CALLE,CAMINO AL CERRITO,CALLE,NINGUNO,CALLE,BENITO JUAREZ,0.0,SN,,,5.0,,COLONIA,LOMAS DE SAN SEBASTIAN,,,,56512.0,15,México,70,La Paz,38,Lomas de San Sebastián                                                                                        ,1226,5,,,,Fijo,19.37190341,-98.92102622,2014-12
9392032,15104622111000181000055347S4,SERME SANTA MONICA,SERVICIOS MEDICOS Y DE EQUIPAMIENTO SA DE CV,622111,Hospitales generales del sector privado,251 y más personas,CALLE,CONVENTO DE SANTA MONICA,CIRCUITO,SANTA ISABEL,CALLE,CONVENTO DE LA CONCEPCION,CALLE,CONVENTO DE SANTA MONICA,125.0,B,,,0.0,,FRACCIONAMIENTO,JARDINES DE SANTA MONICA,,,,54050.0,15,México,104,Tlalnepantla de Baz,1,Tlalnepantla                                                                                                  ,0497,23,,,,Fijo,19.53733023,-99.22753465,2022-11
11030388,15106622311000231000000000U8,SERVICIO GINECOLOGICO CEDIMAFE,,622311,Hospitales del sector privado de otras especialidades médicas,0 a 5 personas,CALLE,GENERAL ALVARO OBREGON,AVENIDA,PASEO COLON,CALLE,JESUS CARRANZA,AVENIDA,PASEO TOLLOCAN,324.0,,,,0.0,,COLONIA,MODERNA DE LA CRUZ,,,,50180.0,15,México,106,Toluca,1,Toluca de Lerdo                                                                                               ,0631,5,,CEDIMAFE@LIVE.COM.MX,,Fijo,19.27033786,-99.6600885,2024-11
10153451,15075622111000021000000000U4,SERVICIO MEDICO ESPECIALIZADO,,622111,Hospitales generales del sector privado,0 a 5 personas,CALLE,AVENIDA TUXPAN,CALLE,AVENIDA JUSTO SIERRA,CALLE,ALHONDIGA DE GRANADITAS,CALLE,ALHONDIGA DE GRANADITAS,,SN,,,,,PUEBLO,SAN MARTIN DE LAS PIRAMIDES,,,,55850.0,15,México,75,San Martín de las Pirámides,1,San Martín de las Pirámides                                                                                   ,0135,12,5554679689.0,,,Fijo,19.70611259,-98.83510714,2024-11
2396802,15106622311000092001000000U4,SERVICIO MEDICO LOS SAUCES,,622311,Hospitales del sector privado de otras especialidades médicas,6 a 10 personas,CALLE,GUILLERMO ROJAS,AVENIDA,GENERAL VICENTE GUERRERO,CALLE,LAGUNA DE TIXTLA,CALLE,JOSE MARIA LAFRAGUA,413.0,,,,,,COLONIA,VICENTE GUERRERO,,,,50110.0,15,México,106,Toluca,1,Toluca de Lerdo                                                                                               ,0561,18,,,,Fijo,19.277907,-99.67092251,2010-07
11779600,15054622311000115000000000S5,SERVICIOS ESPECIALIZADOS EN NEFROLOGIA TOLUCA S.C.,SERVICIOS ESPECIALIZADOS EN NEFROLOGIA TOLUCA SC SA DE CV,622311,Hospitales del sector privado de otras especialidades médicas,51 a 100 personas,CALLE,Pino Suárez,CALLE,Leona Vicario,CALLE,Salvador Sánchez Colín,CALLE,Antiguo Camino a Metepec,556.0,,,,,,COLONIA,HIPICO,,,,52177.0,15,México,54,Metepec,34,San Francisco Coaxusco                                                                                        ,0826,16,,,,Fijo,19.26122407,-99.62864764,2025-04
6800049,15058621113001511010000000U6,SERVICIOS MEDICOS Y DE EQUIPAMIENTO SERME,SERVICIOS MEDICOS Y DE EQUIPAMIENTO SERME SA DE CV,622111,Hospitales generales del sector privado,101 a 250 personas,AVENIDA,AVENIDA ÁNGEL DE LA INDEPENDENCIA,CALLE,INDIO TRISTE,CALLE,ESCALERILLAS,CALLE,MONUMENTO A LA RAZA,87.0,,,,,,COLONIA,METROPOLITANA 2A SECCION,,,,57740.0,15,México,58,Nezahualcóyotl,1,Ciudad Nezahualcóyotl                                                                                         ,1255,6,,NEZA.ADMINISTRACION@SERME.COM.MX,WWW.SERME.COM.MX,Fijo,19.39284577,-99.02917055,2017-11
2237041,15091622112000025000000000U0,SISTEMA PARA EL DESARROLLO INTEGRAL DE LA FAMILIA,MARGARITA PALOMINO PEREZ ,622112,Hospitales generales del sector público,101 a 250 personas,AVENIDA,HIDALGO,AVENIDA,JACARANDAS,CALLE,URUAPAN,CALLE,NINGUNO,19.0,,,,,,BARRIO,TLATILCO,,,,54783.0,15,México,91,Teoloyucan,1,Teoloyucan                                                                                                    ,0196,6,,,,Fijo,19.74492543,-99.17880109,2014-12
2233692,15035622112000041000000000U4,SUBSISTEMA DIF URBI VILLA DEL REY,,622112,Hospitales generales del sector público,6 a 10 personas,CALLE,ALARCIA,CALLE,NINGUNO,CALLE,PASEO DEL REY,CALLE,NINGUNO,0.0,SN,,,,,FRACCIONAMIENTO,URBI VILLA DEL REY,,,,54693.0,15,México,35,Huehuetoca,30,URBI Villa del Rey                                                                                            ,0430,53,,,,Fijo,19.83716802,-99.26304889,2014-12
9572959,15039622311000041000000000U4,TERAPIAS PARA NIÑOS PALABRITAS DE AMOR,,622311,Hospitales del sector privado de otras especialidades médicas,0 a 5 personas,CALLE,JOSE MARIA MORELOS Y PAVON MANZANA 8 LOTE 17,CALLE,JOSE MARIA MORELOS Y PAVON,CALLE,NINGUNO,CALLE,JOSE MARIA MORELOS Y PAVON MANZANA 8 LOTE 18,31.0,,,,,,COLONIA,LOS HEROES,,,,56585.0,15,México,39,Ixtapaluca,1,Ixtapaluca                                                                                                    ,1457,5,5585610763.0,,,Fijo,19.32440189,-98.87377117,2024-11
2188940,15070622311000093000000000U0,TORRE DE ESPECIALIDADES TORRE MAYA,TORRE DE ESPECIALIDADES TORRE MAYA SA DE CV,622311,Hospitales del sector privado de otras especialidades médicas,31 a 50 personas,CALLE,SIMON BOLIVAR BUGAMBILIA,CALLE,ALFREDO DEL MAZO,AVENIDA,FEDERAL MEXICO-PUEBLA,CALLE,2 DE ABRIL,47.0,,,,,,COLONIA,LOS REYS CENTRO,,,,56408.0,15,México,70,La Paz,1,Los Reyes Acaquilpan                                                                                          ,0020,22,,,,Fijo,19.35581525,-98.98008602,2010-07
8631634,15106622111000331000000000U0,TORRE GENESIS,,622111,Hospitales generales del sector privado,0 a 5 personas,CALLE,CRISTOBAL OLMEDO,CALLE,ANDRES QUINTANA ROO,CALLE,LUCAS ALAMAN,CALLE,18 DE MARZO,,SN,,,,,COLONIA,LA RETAMA,,,,50040.0,15,México,106,Toluca,1,Toluca de Lerdo                                                                                               ,0379,29,,SHELELIBIER@HOTMAIL.COM,WWW.TORREGENESIS.COM,Fijo,19.29501388,-99.66262178,2019-11
8696828,15104622111000143000000000U4,TORRE MEDICA,COORPORATIVO MEDIJAMP SA DE CV,622111,Hospitales generales del sector privado,6 a 10 personas,CALLE,CONVENTO DE SANTA MONICA,CIRCUITO,SANTA ISABEL,CALLE,CONVENTO DE LA CONCEPCION,CALLE,CONVENTO DE SANTA MONICA,119.0,,,,,,FRACCIONAMIENTO,JARDINES DE SANTA MONICA,,,,54050.0,15,México,104,Tlalnepantla de Baz,1,Tlalnepantla                                                                                                  ,0497,23,,ADTORREMEDICA@HOTMAIL.COM,,Fijo,19.53749525,-99.22760648,2019-11
8549630,15031622111000053000000000S0,TORRE MEDICA SANTA MARIA,CLINICA MATERNA INFANTIL SANTA MARIA SA DE CV,622111,Hospitales generales del sector privado,11 a 30 personas,AVENIDA,ARENAL,CALLE,NARANJOS,AVENIDA,DE LOS PATOS,CALLE,FRAGUA,0.0,SN,,,,,BARRIO,FUNDIDORES,,,,56334.0,15,México,31,Chimalhuacán,1,Chimalhuacán                                                                                                  ,0821,42,,CSM.CHIMALHUACAN@GMAIL.COM,,Fijo,19.44075503,-98.94672365,2019-11
2543156,15051622112000026000000000U2,UMF 223 IMSS,INSTITUTO MEXICANO DEL SEGURO SOCIAL ,622112,Hospitales generales del sector público,101 a 250 personas,AVENIDA,MIGUEL HIDALGO,CALLE,RICARDO FLORES MAGON,PRIVADA,HIDALGO,AVENIDA,REOLIN BAREJON,0.0,SN,,,0.0,,COLONIA,LA MOTA,,,,52004.0,15,México,51,Lerma,1,Lerma de Villada                                                                                              ,0241,30,7282851181.0,,,Fijo,19.28678786,-99.51564626,2010-07
9906255,15037622311000113000000000U5,UNEME DEDICAM,GOBIERNO DEL ESTADO DE MEXICO ,622311,Hospitales del sector privado de otras especialidades médicas,11 a 30 personas,CERRADA,LUIS PASTEUR,CERRADA,BELLAVISTA,CALLE,JOSEFA ORTIZ DE DOMINGUEZ,CERRADA,LUIS PASTEUR,29.0,,,,,,BARRIO,SAN JUAN BAUTISTA,,,,52760.0,15,México,37,Huixquilucan,1,Huixquilucan de Degollado                                                                                     ,0577,2,,,,Fijo,19.36353479,-99.34066515,2024-11
1973968,15104622112000137001063176S4,UNIDA MEDICA DE MEDICINA FAMILIAR 64,IMSS ,622112,Hospitales generales del sector público,51 a 100 personas,CALLE,BOMBEROS,AVENIDA,FRANCISCO MARQUEZ,CALLE,PASILLO DE LOS PENSIONADOS,AVENIDA,DEL SEGURO SOCIAL,0.0,SN,,,,,COLONIA,UNIDAD DEL IMSS,,,,54030.0,15,México,104,Tlalnepantla de Baz,1,Tlalnepantla                                                                                                  ,1743,28,5553102018.0,,,Fijo,19.55919715,-99.20082613,2010-07
2425785,15106931610002714002000000U2,UNIDAD DE ATENCION AL DERECHOHABIENTE TOLUCA,INSTITUTO DE SEGURIDAD SOCIAL DEL ESTADO DE MEXICO Y MUNICIPIOS ,622112,Hospitales generales del sector público,51 a 100 personas,CALLE,DOCTOR NICOLAS SAN JUAN,CALLE,CUAUHTEMOC,PRIVADA,DOCTOR HECTOR FIX ZAMUDIO,CALLE,DAVID ALVARADO GUERRERO,0.0,SN,,,0.0,,LOCALIDAD,SANTA CRUZ ATZCAPOTZALTONGO,,,,50010.0,15,México,106,Toluca,87,Santa Cruz Atzcapotzaltongo                                                                                   ,4047,9,,,,Semifijo,19.32082357,-99.63391829,2014-12
2435848,15106622312000053001000000U4,UNIDAD DE ESPECIALIDAD MEDICA EN LA DETENCION Y DIAGNOSTICO DEL CANCER DE MAMA,ISEM ,622312,Hospitales del sector público de otras especialidades médicas,11 a 30 personas,BOULEVARD,SOLIDARIDAD LAS TORRES BOULEVARD LAZARO CARDENAS,CALLE,BENITO JUAREZ,CALLE,JUAN ALDAMA,CALLE,DOROTEO ARANGO,0.0,SN,,,,,COLONIA,DEL PARQUE,,,,50180.0,15,México,106,Toluca,1,Toluca de Lerdo                                                                                               ,206A,19,7222126426.0,UNEME_DEDICAM@HOTMAIL.COM,,Fijo,19.2680556,-99.65450692,2014-12
2013788,15020622111000031000063176S9,UNIDAD DE MEDICINA FAMILIAR,IMSS ,622112,Hospitales generales del sector público,251 y más personas,CALLE,JUANA MARIA PAVON,CALLE,NINGUNO,CALLE,NINGUNO,CALLE,MIGUEL FLORES,0.0,SN,SAN RAFAEL,PLANTA BAJA,,,UNIDAD HABITACIONAL,SAN RAFAEL,MERCADO PUBLICO,SAN RAFAEL,SN,55719.0,15,México,20,Coacalco de Berriozábal,1,San Francisco Coacalco                                                                                        ,032A,10,5558913737.0,,,Fijo,19.65273478,-99.07959649,2010-07
8968120,15057622112000147000000000U3,UNIDAD DE MEDICINA FAMILIAR 61 IMSS,INSTITUTO MEXICANO DEL SEGURO SOCIAL ,622112,Hospitales generales del sector público,51 a 100 personas,AVENIDA,16 DE SEPTIEMBRE,AVENIDA,F.C. ACAMBARO,CALLE,JARDIN,AVENIDA,F.C. ACAMBARO,39.0,,,,0.0,,COLONIA,JARDIN,,,,53000.0,15,México,57,Naucalpan de Juárez,1,Naucalpan de Juárez                                                                                           ,1455,9,,,,Fijo,19.47323989,-99.23042513,2019-11
2169913,15058622112000137001000000U2,UNIDAD DE MEDICINA FAMILIAR 78,UNIDAD DE MEDICINA FAMILIAR 78 ,622112,Hospitales generales del sector público,101 a 250 personas,AVENIDA,CARMELO PEREZ,CALLE,ANA LUISA PELUFO,CALLE,ESCONDIDA,CALLE,INDUSTRIAL,0.0,SN,,,,,COLONIA,VICENTE VILLADA,,,,57710.0,15,México,58,Nezahualcóyotl,1,Ciudad Nezahualcóyotl                                                                                         ,101A,33,,,,Fijo,19.3934864,-99.00068836,2010-07
10538501,15058621112000147000000000U2,UNIDAD DE MEDICINA FAMILIAR CLINICA 75,INSTITUTO MEXICANO DEL SEGURO SOCIAL ,622112,Hospitales generales del sector público,251 y más personas,AVENIDA,ADOLFO LOPEZ MATEOS,AVENIDA,CHIMALHUACAN,AVENIDA,HORTENSIA,CALLE,LAGO ALBERTO,,SN,,,,,COLONIA,AGUA AZUL,,,,57500.0,15,México,58,Nezahualcóyotl,1,Ciudad Nezahualcóyotl                                                                                         ,0736,25,,,,Fijo,19.41040209,-99.0230081,2024-11
2103746,15122622112000026001000000U1,UNIDAD DE MEDICINA FAMILIAR CON ATENCION MEDICA AMBULATORIA NUMERO 180 INSTITUTO MEXICANO DEL SEGURO SOCIAL,INSTITUTO MEXICANO DEL SEGURO SOCIAL ,622112,Hospitales generales del sector público,11 a 30 personas,AVENIDA,SOLIDARIDAD TEJONES,AVENIDA,BENITO JUAREZ,AVENIDA,ADOLFO LOPEZ MATEOS,CALLE,NORTE 8,,SN,,,,,COLONIA,PROVIDENCIA,,,,56616.0,15,México,122,Valle de Chalco Solidaridad,1,Xico                                                                                                          ,071A,10,5559713339.0,,,Fijo,19.28770938,-98.91642512,2010-07
2441278,15054622112000067000000000U0,UNIDAD DE MEDICINA FAMILIAR CON UNIDAD MEDICA DE ATENCION AMBULATORIA NUMERO 231 DEL INSTITUTO MEXICANO DEL SEGURO SOCIAL,GOBIERNO FEDERAL ,622112,Hospitales generales del sector público,51 a 100 personas,AVENIDA,HACIENDA LA QUEMADA,CALLE,PRIMERO DE MAYO,CALLE,EL HERRADERO,CALLE,MARIANO MATAMOROS,304.0,,,,,,COLONIA,SAN SALVADOR TIZATLALLI,,,,52149.0,15,México,54,Metepec,49,San Salvador Tizatlalli                                                                                       ,1218,48,,,WWW.IMSS.COM.MX,Fijo,19.25927079,-99.5959361,2014-12
2326245,15099622112000106000000000U1,UNIDAD DE MEDICINA FAMILIAR NO. 69,INSTITUTO MEXICANO DEL SEGURO SOCIAL ,622112,Hospitales generales del sector público,101 a 250 personas,CALLE,JOSE MARIA MORELOS,CALLE,2 DE MARZO,CALLE,VICENTE GUERRERO,CALLE,NEZAHUALCOYOTL,0.0,SN,,,,,COLONIA,SAN JUAN DE DIOS,,,,56100.0,15,México,99,Texcoco,1,Texcoco de Mora                                                                                               ,0796,23,5959541293.0,,,Fijo,19.51529856,-98.88018749,2014-12
2238646,15024622112000047000000000U5,UNIDAD DE MEDICINA FAMILIAR NUMERO 62,DIRECTOR OSCAR GOMEZ GOMEZ ,622112,Hospitales generales del sector público,251 y más personas,AVENIDA,16 DE SEPTIEMBRE,CALLE,ALFONSO REYES,PRIVADA,NINGUNO,CALLE,ALFONSO REYES,39.0,,,,0.0,,COLONIA,NECAPA,,,,54800.0,15,México,24,Cuautitlán,1,Cuautitlán                                                                                                    ,0051,3,,,,Fijo,19.66533127,-99.1812972,2014-12
2191750,15044622112000011000000000U9,UNIDAD DE REHABILITACION DIF,GOBIERNO DEL ESTADO ,622112,Hospitales generales del sector público,0 a 5 personas,CALLE,IGNACIO ZARAGOZA,CALLE,MELECIO MARQUEZ,CALLE,PEDRO DE GANTE,CALLE,IGNACIO ZARAGOZA,0.0,SN,,,,,COLONIA,JALTENCO,,,,55780.0,15,México,44,Jaltenco,1,Jaltenco                                                                                                      ,004A,12,5592391056.0,,,Fijo,19.75033133,-99.09318015,2010-07
2449130,15051622112000042001000000U9,UNIDAD DE REHABILITACION E INTEGRACION SOCIAL URIS SOUMAYA DOMIT,DIF GOBIERNO MUNICIPAL DE LERMA ,622112,Hospitales generales del sector público,31 a 50 personas,CALLE,B DOMINGUEZ V,CALLE,EMILIANO ZAPATA,AVENIDA,MIGUEL HIDALGO,CALLE,29 DE MARZO,7.0,,,,,,COLONIA,VALLE LERMA,,,,52000.0,15,México,51,Lerma,1,Lerma de Villada                                                                                              ,0260,4,,SUBSALUD.DIFLERMA.URIS@GMAIL.COM,,Fijo,19.28753336,-99.51454792,2014-12
2108322,15122622111000032001000000U1,UNIDAD MATERNO INFANTIL PROVIDENCIA,,622111,Hospitales generales del sector privado,6 a 10 personas,CALLE,NORTE 1,CALLE,ORIENTE 30,CALLE,ORIENTE 31,CALLE,NORTE 2,10.0,M 22 L 10,,,0.0,,COLONIA,COLONIA PROVIDENCIA,,,,56616.0,15,México,122,Valle de Chalco Solidaridad,1,Xico                                                                                                          ,0601,9,5528882537.0,SANATORIO_PROVIDENCIA@HOTMAIL.COM,,Fijo,19.28410794,-98.92347694,2010-07
2239193,15024622112000031001000000U9,UNIDAD MEDICA BICENTENARIO,GOBIERNO DEL ESTADO DE MEXICO ,622112,Hospitales generales del sector público,0 a 5 personas,AVENIDA,ANDADOR,CALLE,SAMUEL GUTIERREZ BARAJAS,CALLE,PASEO DE SAN LUIS,PRIVADA,MISION DE JALALCINGO,0.0,SN,,,,,COLONIA,MISIONES 2,,,,54870.0,15,México,24,Cuautitlán,1,Cuautitlán                                                                                                    ,0348,1,,,,Fijo,19.65955004,-99.163469,2014-12
2416764,15006622112000012000000000U6,UNIDAD MEDICA CEAPS ALMOLOYA DEL RIO LEONARDO BRAVO BICENTENARIO,ISEM ,622112,Hospitales generales del sector público,31 a 50 personas,CALLE,HERIBERTO ENRIQUEZ,CALLE,PRIVADA HERIBERTO ENRIQUEZ,CALLE,NINGUNO,CALLE,HERIBERTO ENRIQUEZ,32.0,,,,0.0,,LOCALIDAD,ALMOLOYA DEL RIO,,,,52540.0,15,México,6,Almoloya del Río,1,Almoloya del Río                                                                                              ,0049,30,,ALMOLOYACEAPS@GMAIL.COM,,Fijo,19.16285369,-99.48848696,2014-12
2206159,15057622312000017000000000U4,UNIDAD MEDICA DE ALTA ESPECIALIDAD HOSPITAL DE TRAUMATOLOGIA Y ORTOPEDIA LOMAS VERDES,INSTITUTO MEXICANO DEL SEGURO SOCIAL ,622312,Hospitales del sector público de otras especialidades médicas,251 y más personas,AVENIDA,SUPER AVENIDA LOMAS VERDES,AVENIDA,SUPER AVENIDA LOMAS VERDES,CALLE,NINGUNO,CALLE,HACIENDA DE QUIRICEO,52.0,,,,0.0,,FRACCIONAMIENTO,BOSQUES DE ECHEGARAY,,,,53310.0,15,México,57,Naucalpan de Juárez,1,Naucalpan de Juárez                                                                                           ,018A,30,,,,Fijo,19.48774765,-99.2383688,2014-12
2328469,15099622111000142000000000U8,UNIDAD MEDICA DE DIABETES MELLITUS,,622111,Hospitales generales del sector privado,0 a 5 personas,CALLE,MARTE R GOMEZ,CALLE,ADOLFO LOPEZ MATEOS,CERRADA,EMILIANO ZAPATA,CALLE,A LOS AHUEHUETES,5.0,,,,0.0,,COLONIA,NEZAHUALCOYOTL,,,,56263.0,15,México,99,Texcoco,14,Colonia Nezahualcóyotl (Boyeros)                                                                              ,1597,9,5959570385.0,DRGILBERTOTELLEZ53@HOTMAIL.COM,,Fijo,19.49468981,-98.9051966,2014-12
8105479,15058622111000291000000000U9,UNIDAD MEDICA DE ESPECIALIDADES,,622111,Hospitales generales del sector privado,6 a 10 personas,CALLE,BOULEVARD BOSQUE DE LAS NACIONES,CALLE,BOSQUE DE JAPON,CALLE,BOSQUE DE LIBANO,CALLE,BOULEVARD BOSQUE DE LAS NACIONES,63.0,A,,,0.0,,COLONIA,BOSQUES DE ARAGON,,,,57170.0,15,México,58,Nezahualcóyotl,1,Ciudad Nezahualcóyotl                                                                                         ,0219,36,,,,Fijo,19.46415364,-99.05264688,2019-11
2498855,15101622112000011001000000U7,UNIDAD MEDICA GUADALUPE YANCUITLALPAN,ISEM INSTITUTO DE SALUD DEL ESTADO DE MEXICO ,622112,Hospitales generales del sector público,6 a 10 personas,CALLE,5 DE MAYO,CALLE,HIDALGO,CALLE,LA CORREGIDORA,CALLE,5 DE MAYO,0.0,SN,,,,,PUEBLO,GUADALUPE YANCUICTLALPAN,,,,52600.0,15,México,101,Tianguistenco,6,Guadalupe Yancuictlalpan (Gualupita)                                                                          ,0368,25,,,,Fijo,19.18337855,-99.45268798,2010-07
11152815,15058622111000321000000000U4,UNIDAD MEDICA HEMEDIK,,622111,Hospitales generales del sector privado,0 a 5 personas,CALLE,MEXICO LINDO,CALLE,CIELITO LINDO,AVENIDA,AMANECER RANCHERO,CALLE,LA MARIQUITA,185.0,,,,,,COLONIA,BENITO JUAREZ,,,,57000.0,15,México,58,Nezahualcóyotl,1,Ciudad Nezahualcóyotl                                                                                         ,0774,9,,,,Fijo,19.40388059,-99.00249513,2024-11
2132110,15058621111000841000000000U2,UNIDAD MEDICA ORIENTE,,622111,Hospitales generales del sector privado,11 a 30 personas,CALLE,13,CALLE,AVENIDA 2,AVENIDA,TEXCOCO,CALLE,11,14.0,,,,0.0,,COLONIA,LAS AGUILAS,,,,57900.0,15,México,58,Nezahualcóyotl,1,Ciudad Nezahualcóyotl                                                                                         ,1344,28,5557320018.0,MEDICA_ORIENTE_EJV@HOTMAIL.COM,,Fijo,19.37553493,-99.00493461,2010-07
9628596,15057622311000272000000000U7,UNIDAD MEDICA SATELITE,,622311,Hospitales del sector privado de otras especialidades médicas,6 a 10 personas,CALLE,NINGUNO,CALLE,FRANCISCO DIAZ COBARRUBIAS,PRIVADA,NINGUNO,CIRCUITO,INGENIEROS,15.0,,,,,,COLONIA,CD SATELITE,,,,53100.0,15,México,57,Naucalpan de Juárez,1,Naucalpan de Juárez                                                                                           ,0048,75,,,,Fijo,19.5154234,-99.23417646,2024-11
2061540,15109622112000036000000000U7,UNIDAD MEDICINA FAMILIAR 185,INSTITUTO MEXICANO DEL SEGURO SOCIAL IMSS ,622112,Hospitales generales del sector público,101 a 250 personas,CALLE,EJE 7,CALLE,3,CALLE,NINGUNO,CALLE,CAPIRO,0.0,SN,,,,,COLONIA,EL PARAJE,,,,54959.0,15,México,109,Tultitlán,3,Buenavista                                                                                                    ,1595,27,,,WWW.IMSS.COM.MX,Fijo,19.59816089,-99.17746092,2010-07
2499645,15045622112000045000000000U4,UNIDAD MEDICO FAMILIAR,INSTITUTO MEXICANO DEL SEGURO SOCIAL ,622112,Hospitales generales del sector público,51 a 100 personas,CALLE,MARIANO ESCOBEDO,CALLE,MIGUEL ALEMAN,AVENIDA,ANDRES MOLINA ENRIQUEZ,CALLE,BENITO JUAREZ,0.0,SN,,,0.0,SN,PUEBLO,JILOTEPEC DE MOLINA ENRIQUEZ,,,,54240.0,15,México,45,Jilotepec,1,Jilotepec de Molina Enríquez                                                                                  ,0390,10,,HIPOLITO.VERA@IMSS.GOB.MX,WWW.IMSS.COM.MX,Fijo,19.95137135,-99.53080387,2010-07
11201771,15106622112000497000000000U7,UNIDAD MEDICO FAMILIAR 222,DR SIMON ENRIQUE OLGUIN ZAVALA ,622112,Hospitales generales del sector público,251 y más personas,AVENIDA,JOSE MARIA MORELOS Y PAVON,CALLE,JOSEFA ORTIZ DE DOMINGUEZ,CALLE,ISABEL LA CATOLICA,AVENIDA,MIGUEL HIDALGO,0.0,SN,,,,,COLONIA,SAN SEBASTIAN,,,,50150.0,15,México,106,Toluca,1,Toluca de Lerdo                                                                                               ,0468,56,,SIMON.OLGUIN@IMSS.GOB.MX,,Fijo,19.28836295,-99.64602051,2024-11
1969926,15058622111000082000000000U2,UNIDAD MEDICO QUIRURGICA DR SALAS Y ASOCIADOS,UNIDAD MEDICO QUIRURGICA DR SALAS Y ASOCIADOS SC,622111,Hospitales generales del sector privado,6 a 10 personas,AVENIDA,ADOLFO LOPEZ MATEOS,CALLE,GLORIETA FUENTES,CALLE,AVENIDA PANTITLAN,CALLE,MONUMENTO A LA REVOLUCION,297.0,,,,0.0,,COLONIA,EVOLUCION,,,,57700.0,15,México,58,Nezahualcóyotl,1,Ciudad Nezahualcóyotl                                                                                         ,0948,18,5531847242.0,UMQDRSALASYASOCIADOSSC@HOTMAIL.COM,,Fijo,19.40056273,-99.02827094,2010-07
2464537,15048622112000091000000000U2,UNIDAD MEDICO RURAL 01 SAN JUAN COAJOMULCO,INSTITUTO MEXICANO DEL SEGURO SOCIAL BIENESTAR DEL GOBIERNO FEDERAL ,622112,Hospitales generales del sector público,0 a 5 personas,CALLE,REFORMA,CALLE,REFORMA,PRIVADA,NINGUNO,CALLE,NINGUNO,0.0,SN,,,,,BARRIO,JUAREZ,,,,50715.0,15,México,48,Jocotitlán,12,San Juan Coajomulco                                                                                           ,0195,21,,,,Fijo,19.74806519,-99.96624704,2014-12
9806451,15106622111000413000000000U6,UNIDAD QUIRURGICA,UNIDAD QUIRURGICA VIE SA DE CV,622111,Hospitales generales del sector privado,11 a 30 personas,AVENIDA,GENERAL VICENTE GUERRERO,CALLE,ENRIQUE CARNIADO,CALLE,GUILLERMO ROJAS,CALLE,ENRIQUE CARNIADO,331.0,,,,,,COLONIA,UTB FEDERAL ADOLFO LOPEZ MATEOS,,,,50120.0,15,México,106,Toluca,1,Toluca de Lerdo                                                                                               ,0576,42,7222386020.0,UQVIEVIE@GMAIL.COM,,Fijo,19.27805483,-99.67001893,2024-11
