id,clee,nom_estab,raz_social,codigo_act,nombre_act,per_ocu,tipo_vial,nom_vial,tipo_v_e_1,nom_v_e_1,tipo_v_e_2,nom_v_e_2,tipo_v_e_3,nom_v_e_3,numero_ext,letra_ext,edificio,edificio_e,numero_int,letra_int,tipo_asent,nomb_asent,tipoCenCom,nom_CenCom,num_local,cod_postal,cve_ent,entidad,cve_mun,municipio,cve_loc,localidad,ageb,manzana,telefono,correoelec,www,tipoUniEco,latitud,longitud,fecha_alta
9468851,09007622111000313000000000U6,911 MED,911 MED SA DE CV,622111,Hospitales generales del sector privado,31 a 50 personas,CIRCUITO,INTERIOR AVENIDA RIO CHURUBUSCO,EJE VIAL,2 ORIENTE (CALZADA DE LA VIGA),CALLE,ARQUEOLOGOS,AVENIDA,EMILIO CARRANZA,824.0,,,,502.0,,COLONIA,EL RETOÑO,,,,9440.0,9,Ciudad de México,7,Iztapalapa,1,Iztapalapa                                                                                                    ,0515,17,,GVEGA@LIFE.COM,WWW.LIFE.COM,Fijo,19.36959742,-99.12306352,2023-11
11793222,09016622311000331000000000U5,ACERCATE FEM,,622311,Hospitales del sector privado de otras especialidades médicas,0 a 5 personas,AVENIDA,Observatorio,CALLE,Sur 138,CALLE,Sur 132,CALLE,Poniente 75-B,334.0,,,,330.0,,COLONIA,16 DE SEPTIEMBRE,,,,11820.0,9,Ciudad de México,16,Miguel Hidalgo,1,Miguel Hidalgo                                                                                                ,1090,10,,FEDRITAMTZMTZ@GMAIL.COM,,Fijo,19.4014396,-99.20401319,2025-04
10831947,09003622311000221000000000U6,AIDEM,,622311,Hospitales del sector privado de otras especialidades médicas,0 a 5 personas,CALLE,4,CALLE,1,CALLE,3,CALLE,2,0.0,SN,,,,,COLONIA,ESPARTACO,,,,4870.0,9,Ciudad de México,3,Coyoacán,1,Coyoacán                                                                                                      ,086A,28,,,,Fijo,19.31922403,-99.13685975,2024-11
8564683,09010622111000131000000000U6,ANCIC,ASOCIACION NACIONAL CONTRA EL INFARTO CEREBRAL AC,622111,Hospitales generales del sector privado,0 a 5 personas,CALLE,RICARDO CASTRO,CALLE,ABUNDIO MARTINEZ,CALLE,MANUEL M PONCE,CALLE,VALVERDE,54.0,,,,,,COLONIA,GUADALUPE INN,,,,1020.0,9,Ciudad de México,10,Álvaro Obregón,1,Álvaro Obregón                                                                                                ,1059,7,,,,Fijo,19.355203,-99.18737531,2019-11
9427658,09007622311000352000058480S0,APEC ATLALILCO,ASOCIACION PARA EVITAR LA CEGUERA EN MEXICO,622311,Hospitales del sector privado de otras especialidades médicas,6 a 10 personas,EJE VIAL,8 SUR (CALZADA ERMITA IZTAPALAPA),AVENIDA,TLÁHUAC,CALLE,ANTIGUO CAMINO A LOS REYES,CALLE,PASTORES,941.0,,,,,LOCALES 4,COLONIA,SANTA ISABEL INDUSTRIAL,CENTRO Y PLAZA COMERCIAL,PLAZA ARISTEUM,4 Y 5,9820.0,9,Ciudad de México,7,Iztapalapa,1,Iztapalapa                                                                                                    ,1208,6,,COMUNICACION@APEC.COM.MX,WWW.APEC.ORG.MX,Fijo,19.35565881,-99.10223104,2023-11
9457931,09002622311000042000058480S8,APEC AZCAPOTZALCO,ASOCIACION PARA EVITAR LA CEGUERA EN MEXICO,622311,Hospitales del sector privado de otras especialidades médicas,11 a 30 personas,AVENIDA,AZCAPOTZALCO,EJE VIAL,3 NORTE (MANUEL ACUÑA),CALLE,AZTECAS,CALLE,REFORMA,552.0,,,,,,COLONIA,CENTRO DE AZCAPOTZALCO,,,,2000.0,9,Ciudad de México,2,Azcapotzalco,1,Azcapotzalco                                                                                                  ,0468,21,,COMUNICACION@APEC.COM.MX,WWW.APEC.ORG.MX,Fijo,19.4786468,-99.18700445,2023-11
9427659,09005622311000382000058480S1,APEC CLINICA QUIRURGICA LINDAVISTA,ASOCIACION PARA EVITAR LA CEGUERA EN MEXICO,622311,Hospitales del sector privado de otras especialidades médicas,11 a 30 personas,AVENIDA,INSTITUTO POLITÉCNICO NACIONAL,EJE VIAL,5 NORTE (MONTEVIDEO),AVENIDA,OTAVALO,CALLE,PAYTA,363.0,,,,101.0,,COLONIA,LINDAVISTA,CENTRO Y PLAZA COMERCIAL,PLAZA LINDAVISTA,101,7300.0,9,Ciudad de México,5,Gustavo A. Madero,1,Gustavo A. Madero                                                                                             ,0949,22,,COMUNICACION@APEC.COM.MX,WWW.APEC.ORG.MX,Fijo,19.49097996,-99.13363832,2023-11
9406148,09005622311000392000058480S0,APEC LA VILLA,ASOCIACION PARA EVITAR LA CEGUERA EN MEXICO,622311,Hospitales del sector privado de otras especialidades médicas,6 a 10 personas,EJE VIAL,1 ORIENTE (AVENIDA FERROCARRIL HIDALGO),CALLE,HENRY FORD,AVENIDA,VICTORIA ORIENTE,EJE VIAL,2 ORIENTE (HONORABLE CONGRESO DE LA UNIÓN),0.0,SN,,,,,COLONIA,TRES ESTRELLAS,CENTRO Y PLAZA COMERCIAL,CHEDRAUI TEPEYAC,SN,7820.0,9,Ciudad de México,5,Gustavo A. Madero,1,Gustavo A. Madero                                                                                             ,1805,5,,COMUNICACION@APEC.COM.MX,WWW.APEC.ORG.MX,Fijo,19.46915991,-99.11546807,2023-11
9397290,09012622311000212000058480S6,APEC MIRAMONTES,ASOCIACION PARA EVITAR LA CEGUERA EN MEXICO,622311,Hospitales del sector privado de otras especialidades médicas,6 a 10 personas,EJE VIAL,2 ORIENTE (AVENIDA CANAL DE MIRAMONTES),CALLE,CARRARA,CALLE,CANNES,CALLE,SAN REMO,3243.0,,,,,,COLONIA,FRACCIONAMIENTO RESIDENCIAL ACOXPA,,,,14300.0,9,Ciudad de México,12,Tlalpan,1,Tlalpan                                                                                                       ,0248,9,,COMUNICACION@APEC.COM.MX,WWW.APEC.ORG.MX,Fijo,19.29785184,-99.12527933,2023-11
905470,09003622311000146001058480M5,ASOCIACION PARA EVITAR LA CEGUERA EN MEXICO HOSPITAL DR LUIS SANCHEZ BU,ASOCIACION PARA EVITAR LA CEGUERA EN MEXICO,622311,Hospitales del sector privado de otras especialidades médicas,251 y más personas,CALLE,VICENTE GARCÍA TORRES,CALLE,PRIVADA GARCÍA TORRES,CALLE,MANUEL GUTIÉRREZ ZAMORA,CALLE,PILATENCO,46.0,,,,0.0,SN,COLONIA,BARRIO SAN LUCAS,,,,4030.0,9,Ciudad de México,3,Coyoacán,1,Coyoacán                                                                                                      ,015A,7,,MONICA.MONSALVO@APEC.COM.MX,WWW.APEC.ORG.MX,Fijo,19.34676199,-99.15638867,2014-12
6696517,09016337110000021000000000S4,BODEGAS EXTERNAS DEL HOSPITAL A B C,HOSPITAL ABC SA DE CV,622111,Hospitales generales del sector privado,0 a 5 personas,CALLE,SUR 138,CALLE,PONIENTE 75-A,CALLE,PONIENTE 75,CALLE,SUR 140,43.0,,,,,,COLONIA,16 DE SEPTIEMBRE,,,,11810.0,9,Ciudad de México,16,Miguel Hidalgo,1,Miguel Hidalgo                                                                                                ,1090,2,,,,Fijo,19.40274976,-99.20497715,2016-01
9804537,09016622311000322000000000M4,BRAIN CONECCTION,BRAIN CONECCTION SA DE CV,622311,Hospitales del sector privado de otras especialidades médicas,6 a 10 personas,CALLE,SOCRATES,AVENIDA,EJERCITO NACIONAL MEXICANO,AVENIDA,HOMERO,CALLE,SOFOCLES,141.0,,SOCRATES 141,PISO 1,5.0,B,COLONIA,POLANCO II SECCION,EDIFICIO COMERCIAL Y DE SERVICIOS,SOCRATES 141,5A,11530.0,9,Ciudad de México,16,Miguel Hidalgo,1,Miguel Hidalgo                                                                                                ,0637,8,,BRAINCONECCTION.MX@OUTLOOK.COM,,Fijo,19.43711024,-99.20394681,2024-11
9425550,09014622111000386000000000U8,C. SALUD T-III MIXCOAC,C. SALUD T-III MIXCOAC ,622112,Hospitales generales del sector público,101 a 250 personas,CALLE,REMBRANDT,CALLE,JUAN A. INGRES,CALLE,MIGUEL ANGEL BUONARROTI,CALLE,JUAN A. INGRES,32.0,,,,0.0,,COLONIA,NONOALCO,,,,3700.0,9,Ciudad de México,14,Benito Juárez,1,Benito Juárez                                                                                                 ,0543,3,,HPUGA@SERSALUD.CDMX.GOB.MX,,Fijo,19.38120115,-99.18888292,2023-11
774072,09016622111000244001000000U4,CASA ALEJANDRO Y LILI SALTIEL,ASOCIACION DE ASISTENCIA PRIVADA OSE ORGANICACION DE SERVICIOS A ENFERMOS I.A.P SC,622111,Hospitales generales del sector privado,11 a 30 personas,CALLE,GOBERNADOR IGNACIO ESTEVA,CALLE,GOBERNADOR GREGORIO V GELATI,CALLE,GOBERNADOR RAFAEL REBOLLAR,CALLE,GENERAL JUAN CANO,81.0,,,,,,COLONIA,SAN MIGUEL CHAPULTEPEC,,,,11850.0,9,Ciudad de México,16,Miguel Hidalgo,1,Miguel Hidalgo                                                                                                ,1160,16,,JAIME@CLINICAOSE.ORR.MX,WWW.CLINICAOSE.ORG.MX,Fijo,19.41139372,-99.18650682,2010-07
9010680,09014622211000023000052427M5,CASA SUR COMUNIDAD TERAPEUTICA,CASA SUR COMUNIDAD TERAPEUTICA SC,622211,Hospitales psiquiátricos y para el tratamiento por adicción del sector privado,11 a 30 personas,CALLE,MITLA,CALLE,TORRES ADALID,CALLE,CONCEPCION BEISTEGUI,CALLE,LA QUEMADA,312.0,,,,0.0,,COLONIA,NARVARTE ORIENTE,,,,3023.0,9,Ciudad de México,14,Benito Juárez,1,Benito Juárez                                                                                                 ,0435,7,,CASAAZULCONTAC@GMAIL.COM,,Fijo,19.38816778,-99.15011382,2019-11
7718795,09003622111000171000000000U7,CENTRO DE ESPECIALIDADES MEDICAS,,622111,Hospitales generales del sector privado,0 a 5 personas,AVENIDA,AVENIDA DEL IMAN,CALLE,COSCOMATE,CALLE,CALLE DEL IMAN,CALLE,COSCOMATE,47.0,,,,0.0,,COLONIA,BOSQUE TETLAMAYA,,,,4850.0,9,Ciudad de México,3,Coyoacán,1,Coyoacán                                                                                                      ,1124,3,,,,Fijo,19.30089976,-99.1516097,2019-11
10217733,09007622112000312000000000U6,CENTRO DE SALUD FRANCISCO VILLA,SECRETARIA DE SALUD DE LA CIUDAD DE MEXICO ,622112,Hospitales generales del sector público,6 a 10 personas,CALLE,BACHIMBA,CALLE,AGUA PRIETA,CALLE,FELIPE ANGELES,CALLE,AGUA PRIETA,1.0,,,,0.0,,COLONIA,FRANCISCO VILLA,,,,9720.0,9,Ciudad de México,7,Iztapalapa,1,Iztapalapa                                                                                                    ,287A,11,,,,Fijo,19.33747563,-99.05879235,2024-11
9178255,09007711312000335000061107S5,CENTRO DE SALUD GABRIELA MISTRAL,GOBIERNO DE LA CIUDAD DE MEXICO ,622112,Hospitales generales del sector público,11 a 30 personas,CALLE,SUR 27,CALLE,8,CALLE,6,CALLE,SUR 27,,SN,,,,,COLONIA,LEYES DE REFORMA PRIMERA SECCION,,,,9310.0,9,Ciudad de México,7,Iztapalapa,1,Iztapalapa                                                                                                    ,1000,23,,,,Fijo,19.35958618,-99.06899652,2019-11
637986,09005622112000011001000000U8,CENTRO DE SALUD T-1 FELIPE BERRIOZABAL,SECRETARIA DE SALUD PUBLICA DE LA CIUDAD DE MEXICO ,622112,Hospitales generales del sector público,0 a 5 personas,CALLE,APANGO,PRIVADA,CUARTA APANGO,CALLE,FELIPE BERRIOZABAL,CALLE,CORONA DEL ROSAL,,SN,,,,,COLONIA,FELIPE BERRIOZABAL,,,,7180.0,9,Ciudad de México,5,Gustavo A. Madero,1,Gustavo A. Madero                                                                                             ,2625,27,,,,Fijo,19.55532981,-99.12998951,2010-07
10418392,09010622112000143000000000U9,CENTRO DE SALUD TII SANTA ROSA XOCHIAC,SECRETARIA DE SALUD ,622112,Hospitales generales del sector público,11 a 30 personas,AVENIDA,DESIERTO DE LOS LEONES,CALLE,CAMINO REAL A MIXCOAC,CALLE,AZOYAPAN,CALLE,CAMINO REAL A MIXCOAC,0.0,SN,,,,,PUEBLO,SANTA ROSA XOCHIAC,,,,1830.0,9,Ciudad de México,10,Álvaro Obregón,1,Álvaro Obregón                                                                                                ,1769,40,,,,Fijo,19.32903632,-99.28091128,2024-11
658021,09002622112000175001063176S8,CENTRO DE SEGURIDAD SOCIAL AZCAPOTZALCO,IMSS ,622112,Hospitales generales del sector público,11 a 30 personas,CALLE,REFORMA,CALLE,AZTECAS,CALLE,MIGUEL HIDALGO,AVENIDA,AQUILES SERDAN,0.0,SN,,,,,COLONIA,CENTRO DE AZCAPOTZALCO,,,,2000.0,9,Ciudad de México,2,Azcapotzalco,1,Azcapotzalco                                                                                                  ,0468,13,,,,Fijo,19.48016126,-99.18775721,2011-03
704461,09006622111000033000000000U2,CENTRO DIME,CENTRO DE DESARROLLO INFANTIL Y MEDICINA DE ESPECIALIDAD SA DE CV,622111,Hospitales generales del sector privado,11 a 30 personas,CALLE,MARCOS CARRILLO,AVENIDA,CORUÑA,CALZADA,SANTA ANITA,CALLE,JOSE ANTONIO TORRES,321.0,,,,0.0,,COLONIA,VIADUCTO PIEDAD,,,,8200.0,9,Ciudad de México,6,Iztacalco,1,Iztacalco                                                                                                     ,0221,2,5555192659.0,DIRECCION@CENTRODIME.COM.MX,WWW.CENTRODIME.COM.MX,Fijo,19.4001426,-99.13403374,2014-12
9636320,09017622112000112000000000U9,CENTRO MEDICO FELIPE ANGELES,CENTRO MEDICO FELIPE ANGELES ,622112,Hospitales generales del sector público,6 a 10 personas,CALLE,PLATINO,CALLE,CIENEGUILLAS,CALLE,BONANZA,CIRCUITO,INTERIOR (AVENIDA RIO CONSULADO),332.0,,,,1.0,,COLONIA,FELIPE ANGELES,,,,15310.0,9,Ciudad de México,17,Venustiano Carranza,1,Venustiano Carranza                                                                                           ,0047,6,,,,Fijo,19.45322303,-99.11282735,2024-11
714078,09007622311000323001000000U1,CENTRO MEDICO FUEGO NUEVO,CENTRO MEDICO FUEGO NUEVO SA DE CV,622311,Hospitales del sector privado de otras especialidades médicas,11 a 30 personas,CALLE,VICTORIA,CALLE,VICTORIA,CALLE,PORFIRIO DIAZ,CALLE,CERRADA ITURBIDE,4.0,,,,0.0,,BARRIO,SAN LUCAS,,,,9000.0,9,Ciudad de México,7,Iztapalapa,1,Iztapalapa                                                                                                    ,0977,7,5562795125.0,FUEGO_NUEVO@GMAIL.COM,,Fijo,19.3602273,-99.09387414,2014-12
7444535,09016622111000353000000000U3,CENTRO MEDICO QUIRURGICO ESCANDON,CLINICA MEDICO QUIRURGICA NARVARTE SC,622111,Hospitales generales del sector privado,31 a 50 personas,CALLE,AVENIDA PROGRESO,CALLE,AGRARISMO,CALLE,SINDICALISMO,CALLE,CERRADA AGRARISMO,231.0,,,,,,CIUDAD,ESCANDON II SECCION,,,,11800.0,9,Ciudad de México,16,Miguel Hidalgo,1,Miguel Hidalgo                                                                                                ,1226,15,5571592555.0,QUIRURGICO.ESCANDON@GMAIL.COM,QUIRURGICOESCANDON.COM,Fijo,19.40238487,-99.17233319,2019-11
938085,09013622111000083000000000U3,CENTRO MEDICO SANTA FE,,622111,Hospitales generales del sector privado,6 a 10 personas,CALLE,AVENIDA MEXICO,PRIVADA,NINGUNO,CALLEJON,NINGUNO,PRIVADA,INSURGENTES,89.0,,,,0.0,,PUEBLO,SANGREGORIO ATLAPULCO,,,,16600.0,9,Ciudad de México,13,Xochimilco,1,Xochimilco                                                                                                    ,0353,1,5558432628.0,CENTROMEDICOSANTAFEXOCH@GMAIL.COM,WWW.CENTROMEDICOSANTAFEXOCH.COM,Fijo,19.25349483,-99.05940704,2014-12
1020824,09015622111000203001000000U2,CENTRO MEDICO TEBER,SERVICIOS HOSPITALARIOS PALACE ATHENEA SA,622111,Hospitales generales del sector privado,31 a 50 personas,EJE VIAL,2 PONIENTE RIO TIBER,CALLE,RIO GRIJALVA,CALLE,RIO BALSAS,CALLE,RIO EBRO,21.0,,,,,,COLONIA,CUAUHTEMOC,,,,6500.0,9,Ciudad de México,15,Cuauhtémoc,1,Cuauhtémoc                                                                                                    ,0822,7,5552083975.0,CENTROHOSPITALARIOTIBER@HOTMAIL.COM,,Fijo,19.4325705,-99.17068937,2010-07
11312249,09016622212000023000000000U8,CENTRO NACIONAL DE SALUD MENTAL Y ATENCION PALIATIVA,CENTO NACIONAL DE SALUD MENTAL ,622212,Hospitales psiquiátricos y para el tratamiento por adicción del sector público,11 a 30 personas,CIRCUITO,INTERIOR CALZADA MELCHOR OCAMPO,CALLE,TIZOC,CALLE,IZCOATL,CALLE,QUETZALCOATL,0.0,SN,,,,,COLONIA,TLAXPANA,,,,11370.0,9,Ciudad de México,16,Miguel Hidalgo,1,Miguel Hidalgo                                                                                                ,050A,9,,,,Fijo,19.43756755,-99.16914812,2024-11
11388528,09005622311000413000000000U4,CER CARDIO,GOTE MEDICA SA DE CV,622311,Hospitales del sector privado de otras especialidades médicas,11 a 30 personas,EJE VIAL,5 NORTE MONTEVIDEO,AVENIDA,PUENTE DE CALDERON,CALLE,6 DE OCTUBRE,CALLE,AHUEHUETES,605.0,,,,,,COLONIA,SAN BARTOLO ATEPEHUACAN,,,,7730.0,9,Ciudad de México,5,Gustavo A. Madero,1,Gustavo A. Madero                                                                                             ,092A,25,5536667538.0,ASISTENTRS@CERCARDIO.COM,WWW.CERCARDIO.COM,Fijo,19.49308986,-99.14428351,2024-11
956230,09014622311000343000000000U5,CICER CENTRO INTEGRAL DE CIRUGIA ESTETICA Y RECONSTRUCTIVA,CENTRO INTEGRAL DE CIRUGIA ESTETICA Y RECONSTRUCTIVA SA DE CV,622311,Hospitales del sector privado de otras especialidades médicas,0 a 5 personas,CALLE,PATRICIO SANZ,EJE VIAL,4 SUR (XOLA),VIADUCTO,PRESIDENTE MIGUEL ALEMAN,EJE VIAL,4 SUR (XOLA),14.0,,,,,,COLONIA,DEL VALLE NORTE,,,,3103.0,9,Ciudad de México,14,Benito Juárez,1,Benito Juárez                                                                                                 ,0045,7,,CARRANZA@CICER.COM.MX,WWW.CICER.COM.MX,Fijo,19.39899418,-99.16833261,2010-07
668305,09002624411000413010000000U7,CIDET CENTRO INFANTIL DE DESARROLLO Y ESTIMULACION TEMPRANA,,622311,Hospitales del sector privado de otras especialidades médicas,11 a 30 personas,CALLE,NORTE 79 A,CALLE,NILO,CALLE,HELIOPOLIS,CALLE,NORTE 81,236.0,,,,0.0,,MANZANA,CLAVERIA,,,,2080.0,9,Ciudad de México,2,Azcapotzalco,1,Azcapotzalco                                                                                                  ,0699,12,,CIDET_2016@YAHOO.COM.MX,,Fijo,19.46785414,-99.17791676,2014-12
989144,09003622112000067000000000U5,CLINICA 15 IMSS,DELEGACION SUR DF IMSS ,622112,Hospitales generales del sector público,101 a 250 personas,EJE VIAL,8 SUR CALZADA ERMITA IZTAPALAPA,OTRO(ESPECIFIQUE),NINGUNO,CALLE,CAPRICORNIO,EJE VIAL,8 SUR (CALZADA ERMITA IZTAPALAPA),411.0,,,,,,COLONIA,PRADOS CHURUBUSCO,,,,4230.0,9,Ciudad de México,3,Coyoacán,1,Coyoacán                                                                                                      ,0107,8,,,,Fijo,19.35780955,-99.12444845,2010-07
1029345,09015622112000074000000000U5,CLINICA 38 IMSS,UNIDAD DE MEDICINA FAMILIAR DEL IMSS 38 ,622112,Hospitales generales del sector público,51 a 100 personas,AVENIDA,ALVARO OBREGON,AVENIDA,OAXACA,CALLE,COZUMEL,EJE VIAL,3 PONIENTE (SALAMANCA),131.0,,,,,,COLONIA,ROMA NORTE,,,,6700.0,9,Ciudad de México,15,Cuauhtémoc,1,Cuauhtémoc                                                                                                    ,1093,12,,DANIEL.PAZ@IMSS.GOB.MX,WWW.IMSS.GOB.MX,Fijo,19.41636588,-99.17005909,2010-07
10992109,09012622211000052000000000U8,CLINICA AJUSCO,CLINICA AJUSCO AC,622211,Hospitales psiquiátricos y para el tratamiento por adicción del sector privado,6 a 10 personas,CERRADA,SAN JUDAS TADEO,PRIVADA,CAPULINES,CALLE,PROLONGACION NARCISO MENDOZA,CALLE,CAMINO VIEJO A SAN ANDRES,0.0,SN,,,,,PUEBLO,SAN MIGUEL AJUSCO,,,,14700.0,9,Ciudad de México,12,Tlalpan,26,San Miguel Ajusco                                                                                             ,1674,19,,,,Fijo,19.23256147,-99.20243333,2024-11
867763,09015622311000493001000000U5,CLINICA ANAHUAC,GABINETE DE RADIOLOGIA E IMAGEN ORIENTE SA DE CV,622311,Hospitales del sector privado de otras especialidades médicas,6 a 10 personas,CALLE,ANAHUAC,CALLE,BAJIO,VIADUCTO,PRESIDENTE MIGUEL ALEMAN,CALLE,TUXPAN,61.0,,,,0.0,,COLONIA,ROMA SUR,,,,6760.0,9,Ciudad de México,15,Cuauhtémoc,1,Cuauhtémoc                                                                                                    ,145A,22,,INFO@CLINICAANAHUAC.COM.MX,,Fijo,19.40276372,-99.16633977,2010-07
7732803,09015622111000454000052054M1,CLINICA BERLIN MEDICA BOUTIQUE,CLINICA QUIRURGICA BERLIN SA DE CV,622111,Hospitales generales del sector privado,31 a 50 personas,CALLE,BERLIN,CALLE,LIVERPOOL,CALLE,LONDRES,CALLE,BRUSELAS,14.0,,,,0.0,,COLONIA,JUAREZ,,,,6600.0,9,Ciudad de México,15,Cuauhtémoc,1,Cuauhtémoc                                                                                                    ,0841,11,,ADMISION@OUTLOOK.COM,,Fijo,19.42822642,-99.157396,2019-11
827141,09007622111000092001000000U6,CLINICA CASA DE ANGELES,CLINICA CASA DE ANGELES SC,622111,Hospitales generales del sector privado,11 a 30 personas,CALLE,LEONA VICARIO,CALLE,FELIPE ANGELES,AVENIDA,MORELOS,CALLE,JUSTO SIERRA,1176.0,,,,0.0,,EJIDO,SANTA MARIA AZTAHUACAN,,,,9500.0,9,Ciudad de México,7,Iztapalapa,1,Iztapalapa                                                                                                    ,1706,5,5556420225.0,,,Fijo,19.34872259,-99.02916081,2010-07
6430108,09005622111000223001000000U1,CLINICA CHULAVISTA,,622111,Hospitales generales del sector privado,11 a 30 personas,CALLE,CHULA VISTA,CALLE,UNION,CALLE,TALARA,CALLE,LINDAVISTA,48.0,,,,0.0,,COLONIA,TEPEYAC INSURGENTES,,,,7020.0,9,Ciudad de México,5,Gustavo A. Madero,1,Gustavo A. Madero                                                                                             ,1129,10,5557483985.0,,,Fijo,19.48785876,-99.11975532,2010-07
10915261,09008622311000023000000000U5,CLINICA CORAZON Y MEDICINA,CORAZON Y MEDICINA SC,622311,Hospitales del sector privado de otras especialidades médicas,11 a 30 personas,CALLE,SAN RAMON,AVENIDA,SAN JERONIMO,CALLE,RIO CHICO,CALLE,SAN RAMON,234.0,,,,5.0,A,COLONIA,SAN JERONIMO LIDICE,,,,10200.0,9,Ciudad de México,8,La Magdalena Contreras,1,La Magdalena Contreras                                                                                        ,0086,7,5570976450.0,IRAZEMA@CYMED.MX,WWW.CYMED.MX,Fijo,19.32967013,-99.21736887,2024-11
767605,09005622111000172001000000U0,CLINICA DE ALTA ESPECIALIDAD MEDIDA FATIMA SA DE CV,JOSE DE JESUS CANALES MARTINEZ SA DE CV,622111,Hospitales generales del sector privado,6 a 10 personas,EJE VIAL,3 ORIENTE AVENIDA INGENIERO EDUARDO MOLINA,CALLE,308,CALLE,306,CALLE,303,1871.0,,,,,,COLONIA,NUEVA ATZACOALCO,,,,7420.0,9,Ciudad de México,5,Gustavo A. Madero,1,Gustavo A. Madero                                                                                             ,1186,18,5557576569.0,CLINICAMEDICAFATIMA@HOTMAIL.COM,WWW.CLINICAMEDICAFATIMA.COM.MX,Fijo,19.49462094,-99.09077921,2010-07
789418,09005622112000254000000000U4,CLINICA DE ATENCION INTEGRAL A LA MUJER,CLINICA DE ATENCION INTEGRAL A LA MUJER ,622112,Hospitales generales del sector público,51 a 100 personas,EJE VIAL,1 ORIENTE AVENIDA FERROCARRIL HIDALGO,CALLE,GOLONDRINAS,EJE VIAL,2 ORIENTE (HONORABLE CONGRESO DE LA UNION),EJE VIAL,2 ORIENTE (HONORABLE CONGRESO DE LA UNION),0.0,SN,,,,,COLONIA,FERROCARRIL HIDALGO,,,,7460.0,9,Ciudad de México,5,Gustavo A. Madero,1,Gustavo A. Madero                                                                                             ,1453,12,5555771592.0,,,Fijo,19.48043089,-99.10734076,2010-07
643074,09002622111000042000000000U2,CLINICA DE ATENCION INTENGRAL,,622111,Hospitales generales del sector privado,6 a 10 personas,CALLE,MIXES,CALLE,XOCHIMILCAS,CALLE,PIMAS,CALLE,TOTONACAS,9.0,,,,,,COLONIA,TEZOZOMOC,,,,2459.0,9,Ciudad de México,2,Azcapotzalco,1,Azcapotzalco                                                                                                  ,0275,10,,,WWW.PRENACER.COM,Fijo,19.48997872,-99.19700294,2010-07
9097682,09004622311000143000000000U0,CLINICA DE ATENCION PEDIATRICAY ESPECIALIDADES,CLINICA DE ATENCION PEDRIATICA Y ESPECIALIDADES SC,622311,Hospitales del sector privado de otras especialidades médicas,0 a 5 personas,CALLE,SEGUNDA VASCO DE QUIROGA,CALLE,AVENIDA CARLOS GRAFF FERNANDEZ,AVENIDA,JUAN SALVADOR GRAS,CALLE,SEGUNDA VASCO DE QUIROGA,154.0,,,,336.0,,COLONIA,SANTA FE,,,,5300.0,9,Ciudad de México,4,Cuajimalpa de Morelos,1,Cuajimalpa de Morelos                                                                                         ,0369,4,,NEOPED.SANTAFE@GMAIL.COM,,Fijo,19.3576668,-99.28295081,2019-11
740731,09005622311000152000000000U8,CLINICA DE DIAGNOSTICO LINDAVISTA,CLINICA DE DIAGNOSTICO LINDAVISTA SA DE CV,622311,Hospitales del sector privado de otras especialidades médicas,6 a 10 personas,CALLE,RIOBAMBA,EJE VIAL,5 NORTE (MONTEVIDEO),CALLE,BUENAVISTA,CALLE,LATACUNGA,752.0,,,,,,COLONIA,LINDAVISTA,,,,7300.0,9,Ciudad de México,5,Gustavo A. Madero,1,Gustavo A. Madero                                                                                             ,0953,18,,CONTACTO@CDLMEDICINAPREVENTIVA.COM.MX,WWW.CDLMEDICINAPREVENTIVA.COM.MX,Fijo,19.49063866,-99.12732026,2010-07
803028,09007622112000051000000000U0,CLINICA DE DISPLACIAS SANTA MARTHA,CLINICA DE DISPLACIAS SANTA MARTHA ,622112,Hospitales generales del sector público,11 a 30 personas,EJE VIAL,8 SUR CALZADA ERMITA IZTAPALAPA,CALLE,EMILIANO ZAPATA,AVENIDA,SANTIAGO,CALLE,AGUSTIN MELGAR,0.0,SN,,,,,COLONIA,LOMAS DE ZARAGOZA,,,,9620.0,9,Ciudad de México,7,Iztapalapa,1,Iztapalapa                                                                                                    ,1335,1,,,,Fijo,19.35831511,-99.00016415,2010-07
7958806,09005622112000303000000000U9,CLINICA DE ESPECIALIDADES DE LA POLICIA BANCARIA INDUSTRIAL,SECRETARIA DE SEGURIDAD PUBLICA DE LA CIUDAD DE MEXICO ,622112,Hospitales generales del sector público,0 a 5 personas,CALLE,NORTE 13 A,CALLE,PONIENTE 126,AVENIDA,SUR DE LOS 100 METROS,CALLE,NORTE 13,5221.0,,,,0.0,,COLONIA,NUEVA VALLEJO,,,,2630.0,9,Ciudad de México,5,Gustavo A. Madero,1,Gustavo A. Madero                                                                                             ,1237,27,,,,Fijo,19.48515183,-99.14543542,2019-11
1060101,09015931610001455000000000U4,CLINICA DE ESPECIALIDADES DE NEUROPSIQUIATRIA,INSTITTO DE SEGURIDAD SOCAIAL Y SERVICIOS PARA LOS TRABAJADORES DEL ESTADO ,622212,Hospitales psiquiátricos y para el tratamiento por adicción del sector público,51 a 100 personas,OTRO(ESPECIFIQUE),MANZANA O EDIFICACION CONTIGUA,OTRO(ESPECIFIQUE),MANZANA O EDIFICACION CONTIGUA,OTRO(ESPECIFIQUE),MANZANA O EDIFICACION CONTIGUA,OTRO(ESPECIFIQUE),MANZANA O EDIFICACION CONTIGUA,346.0,,,,0.0,SN,CONJUNTO HABITACIONAL,TLATELOLCO,,,,6900.0,9,Ciudad de México,15,Cuauhtémoc,1,Cuauhtémoc                                                                                                    ,0377,7,,,,Fijo,19.4542845,-99.14640078,2010-07
1030059,09015622112000206000000000U3,CLINICA DE ESPECIALIDADES INDIANILLA,INSTITUTO DE SEGURO SOCIAL AL SERVICIO DE LOS TRABAJADORES DEL ESTADO ,622112,Hospitales generales del sector público,101 a 250 personas,CALLE,CLAUDIO BERNARD,CALLE,DOCTOR C. LICEAGA,CALLE,DOCTOR MIGUEL FRANCISCO JIMENEZ,CALLE,DOCTOR C. LICEAGA,85.0,,,,0.0,,COLONIA,DOCTORES,,,,6720.0,9,Ciudad de México,15,Cuauhtémoc,1,Cuauhtémoc                                                                                                    ,1534,10,5541905117.0,,,Fijo,19.42173607,-99.14913208,2010-07
9304880,09012622111000151000000000U2,CLINICA DE ESPECIALIDADES MEDICAS DEL SUR,CLINICA DE ESPECIALIDADES MEDICAS DEL SUR SC,622111,Hospitales generales del sector privado,31 a 50 personas,CALLE,EL BORDO,CALZADA,ACOXPA,OTRO(ESPECIFIQUE),ÁREA VERDE,RETORNO,1 DE ACOXPA,20.0,,,,,,COLONIA,COAPA,,,,14370.0,9,Ciudad de México,12,Tlalpan,1,Tlalpan                                                                                                       ,045A,26,,CONTABILIDAD@HOSPITALTLALPAN.COM,WWW.HOSPITALTLALPAN.COM,Fijo,19.29904314,-99.14306486,2020-11
1041971,09015622112000145001000000U3,CLINICA DE ESPECIALIDADES NUMERO 5,SERVICIOS DE SALUD PUBLICA DEL D F ,622112,Hospitales generales del sector público,101 a 250 personas,AVENIDA,ARCOS DE BELEN,CALLE,ARANDA,CALLE,BUEN TONO,CALLE,DELICIAS,17.0,,,,0.0,,COLONIA,CENTRO,,,,6070.0,9,Ciudad de México,15,Cuauhtémoc,1,Cuauhtémoc                                                                                                    ,0875,3,,,,Fijo,19.42700332,-99.14341677,2010-07
652583,09005622311000252010000000U6,CLINICA DE ESPECIALIDADES SANTA ROSA,,622111,Hospitales generales del sector privado,6 a 10 personas,CALLE,LIMA,CALLE,SIERRAVISTA,CALZADA,TICOMAN,CALLE,LATACUNGA,905.0,,,,0.0,,COLONIA,LINDAVISTA,,,,7300.0,9,Ciudad de México,5,Gustavo A. Madero,1,Gustavo A. Madero                                                                                             ,0741,1,5555867053.0,CLINICA.SANTAROSA@LIVE.COM.MX,,Fijo,19.49538267,-99.12500371,2010-07
10005580,09015622311000891000000000U0,CLINICA DE HERNIA Y VESICULA,VANGUARDIA QUIRURGICA MED SA DE CV,622311,Hospitales del sector privado de otras especialidades médicas,0 a 5 personas,AVENIDA,ALVARO OBREGON,CALLE,JALAPA,CALLE,TONALA,CALLE,TABASCO,151.0,,ALVARO OBREGON 151,PISO 12,3.0,,COLONIA,ROMA NORTE,EDIFICIO COMERCIAL Y DE SERVICIOS,ALVARO OBREGON 151,3,6700.0,9,Ciudad de México,15,Cuauhtémoc,1,Cuauhtémoc                                                                                                    ,1002,20,,,,Fijo,19.41798369,-99.16180123,2024-11
789312,09005622112000106000000000U6,CLINICA DE MEDICINA FAMILIAR ARAGON,CLINICA DE MEDICINA FAMILIAR ARAGON ,622112,Hospitales generales del sector público,101 a 250 personas,CALLE,MOCTEZUMA,CALLE,MIER Y PESADO,CALLE,NINGUNO,CALLE,MIER Y PESADO,178.0,,,,,,COLONIA,ARAGON LA VILLA,,,,7000.0,9,Ciudad de México,5,Gustavo A. Madero,1,Gustavo A. Madero                                                                                             ,1627,2,,LETICIA.FIGUERO.@ISSSTE.GOB.MX,,Fijo,19.47801796,-99.11013201,2010-07
759722,09007931610000707011000000U6,CLINICA DE MEDICINA FAMILIAR ORIENTE,I S S S T E ,622112,Hospitales generales del sector público,101 a 250 personas,AVENIDA,ENRIQUE CONTEL,CALLE,EMILIO BALLI,AVENIDA,TELECOMUNICACIONES,CALLE,EMILIO BALLI,2.0,,,,0.0,,COLONIA,EJERCITO CONSTITUCIONALISTA,,,,9220.0,9,Ciudad de México,7,Iztapalapa,1,Iztapalapa                                                                                                    ,3558,1,5557486466.0,,,Fijo,19.38647296,-99.04491579,2010-07
898849,09015622311000742001000000U5,CLINICA DE SALUD,SERVICIOS DE SALUD SEXUAL Y REPRODUCTIVA NAISET SA DE CV,622311,Hospitales del sector privado de otras especialidades médicas,11 a 30 personas,CALLE,AGUASCALIENTES,EJE VIAL,2 PONIENTE (MONTERREY),CALLE,TONALA,CALLE,TLAXCALA,6.0,,,,0.0,,COLONIA,ROMA SUR,,,,6760.0,9,Ciudad de México,15,Cuauhtémoc,1,Cuauhtémoc                                                                                                    ,1375,8,,FUNDACION.DANIELADMON@YAHOO.COM,,Fijo,19.40938619,-99.16097764,2014-12
836743,09007622111000233000000000U6,CLINICA DE URGENCIAS MEDICO QUIRURGICAS DE ORIENTE,,622111,Hospitales generales del sector privado,11 a 30 personas,CALZADA,DEL VERGEL,CALLE,RODOLFO FIERRO,CALLE,DURANGO,CALLE,DURANGO,15.0,,,,0.0,,COLONIA,FRANCISCO VILLA,,,,9720.0,9,Ciudad de México,7,Iztapalapa,1,Iztapalapa                                                                                                    ,287A,4,,C.URGENCIASORIENTE@GMAIL.COM,,Fijo,19.33393638,-99.05699047,2010-07
775447,09016622112000046010000000U1,CLINICA DEL INSTITUTO DE SEGURIDAD Y SERVICIOS SOCIALES DE LOS TRABAJADORES DEL ESTADO DR ALBERTO PISANTY,INSTITUTO DE SEGURIDAD Y SERVICIOS SOCIALES DE LOS TRABAJADORES DEL ESTADO ,622112,Hospitales generales del sector público,101 a 250 personas,CALLE,DOCTORA,CIRCUITO,INTERIOR (AVENIDA REVOLUCION),AVENIDA,PARQUE LIRA,CALLE,JOSE MARIA VIGIL,28.0,,,,,,COLONIA,TACUBAYA,,,,11870.0,9,Ciudad de México,16,Miguel Hidalgo,1,Miguel Hidalgo                                                                                                ,1194,19,5552713140.0,,,Fijo,19.40210402,-99.18570164,2010-07
964639,09014622112000011000000000U0,CLINICA DEL ISSSTE,CLINICA DE MEDICINA FAMILIAR ERMITA ,622112,Hospitales generales del sector público,101 a 250 personas,EJE VIAL,8 SUR CALZADA ERMITA IZTAPALAPA,CALLE,ALFONSO CASO,CALLE,FRANCISCO ROJAS GONZALEZ,CIRCUITO,INTERIOR (AVENIDA RIO CHURUBUSCO),67.0,,,,,,COLONIA,ERMITA,,,,3590.0,9,Ciudad de México,14,Benito Juárez,1,Benito Juárez                                                                                                 ,1024,15,,,,Fijo,19.35953301,-99.14031732,2010-07
9977775,09007622111000321000000000U9,CLINICA DEL VALLE,,622111,Hospitales generales del sector privado,0 a 5 personas,AVENIDA,AVENIDA DE LAS TORRES,CALLE,EMILIANO ZAPATA (SAN IGNACIO),CALLE,ANDADOR SAN IGNACIO,CALLE,RINCONADA SAN IGNACIO,9.0,MZ108,,,,,COLONIA,LOMAS DE ZARAGOZA,,,,9620.0,9,Ciudad de México,7,Iztapalapa,1,Iztapalapa                                                                                                    ,262A,16,,,,Fijo,19.34874792,-98.99908692,2024-11
989995,09003622112000046000000000U9,CLINICA DR IGNACIO CHAVEZ,C.M.F. DR. IGNACIO CHAVEZ ,622112,Hospitales generales del sector público,101 a 250 personas,CALLE,ORIENTAL,CALLE,TORRE DE PISA,CALLE,TEPETLAPA,CALLE,TEPETLAPA,0.0,SN,,,,,COLONIA,ALIANZA POPULAR REVOLUCIONARIA,,,,4800.0,9,Ciudad de México,3,Coyoacán,1,Coyoacán                                                                                                      ,093A,2,,,,Fijo,19.31547364,-99.11442444,2010-07
867322,09015622112000196000000000U6,CLINICA ESPECIAIZADA CONDESA,SECRETARIA DE SALUD ,622112,Hospitales generales del sector público,101 a 250 personas,CALLE,CARLOS B ZETINA,EJE VIAL,4 SUR (BENJAMIN FRANKLIN),CALLE,GENERAL BENJAMIN HILL,CIRCUITO,INTERIOR (JOSE VASCONCELOS),0.0,SN,,,,,COLONIA,CUAUHTEMOC,,,,6170.0,9,Ciudad de México,15,Cuauhtémoc,1,Cuauhtémoc                                                                                                    ,1411,24,5550381700.0,CLINICACONDESA@YAHOO.COM.MX,,Fijo,19.40878181,-99.18196887,2010-07
6258310,09012622111000116001000000U3,CLINICA ESPECIALIDADES MEDICAS,CLINICA ESPECIALIDADES MEDICAS DEL SUR SC,622111,Hospitales generales del sector privado,51 a 100 personas,CALLE,EL BORDO,CALZADA,ACOXPA,OTRO(ESPECIFIQUE),AREA VERDE,RETORNO,1 DE ACOXPA,20.0,,,,,,COLONIA,VILLA LAZARO CARDENAS,,,,14370.0,9,Ciudad de México,12,Tlalpan,1,Tlalpan                                                                                                       ,045A,26,5559655284.0,CONTABILIDAD@HOSPITALTLALPAN.COM,WWW.HOSPITALTLALPAN.COM,Fijo,19.29916342,-99.14297817,2010-07
7760712,09003622112000103000061107S8,CLINICA GERIATRICA,GOBIERNO DE LA CIUDAD DE MEXICO ,622112,Hospitales generales del sector público,31 a 50 personas,CALLE,CANDELARIA PEREZ,CALZADA,CALZADA DE LAS BOMBAS,CALLE,NINGUNO,AVENIDA,CANAL NACIONAL,,SN,,,,,UNIDAD HABITACIONAL,CANAL NACIONAL,,,,4909.0,9,Ciudad de México,3,Coyoacán,1,Coyoacán                                                                                                      ,1463,21,,CLINICAGERIATRICACOYOACAN@GMAIL.COM,,Fijo,19.31057819,-99.1010543,2019-11
6306280,09005622111000255000000000U3,CLINICA GUADALUPE TEPEYAC,CLINICA GUADALUPE TEPEYAC SA DE CV,622111,Hospitales generales del sector privado,101 a 250 personas,CALZADA,TICOMÁN,CALLE,CALI,CALLE,AREQUIPA,CALLE,SIERRAVISTA,128.0,,,,,,COLONIA,LINDAVISTA,,,,7300.0,9,Ciudad de México,5,Gustavo A. Madero,1,Gustavo A. Madero                                                                                             ,0741,12,,FABACHELI@HOTMAIL.COM,,Fijo,19.49296942,-99.12116269,2010-07
657760,09017622111000051000000000U1,CLINICA HORUS,SALUD INTEGRA MOCTEZUMA SC,622111,Hospitales generales del sector privado,11 a 30 personas,CALZADA,GENERAL IGNACIO ZARAGOZA,CALLE,JESUS GAONA,CALLE,JUAN GUTIERREZ,CALLE,JOSE RIVERA,66.0,,,,0.0,,COLONIA,MOCTEZUMA 1A SECCION,,,,15500.0,9,Ciudad de México,17,Venustiano Carranza,1,Venustiano Carranza                                                                                           ,062A,4,,ROSVALT2@HOTMAIL.COM,WWW.HORUSCLINICA.COM.MX,Fijo,19.42596175,-99.10724535,2012-06
657638,09007622112000061000000000U9,CLINICA HOSPITAL EMILIANO ZAPATA,SECRETARIA DE SALUD ES DE LA CIUDAD DE MEXICO ,622112,Hospitales generales del sector público,251 y más personas,CALLE,CUCO SANCHEZ,CALLE,ENRIQUE RAMBAL,CALLE,LUCHA REYES,CALLE,PEDRO INFANTE,1.0,MZA 143-71,,,71.0,,COLONIA,AMPLIACION EMILIANO ZAPATA,,,,9638.0,9,Ciudad de México,7,Iztapalapa,1,Iztapalapa                                                                                                    ,5037,4,,,,Fijo,19.33942887,-98.97834822,2012-06
760151,09005622111000213001000000U2,CLINICA HOSPITAL LUIS PASTEUR,DR. EDMUNDO SANCHEZ PEREZ SA DE CV,622111,Hospitales generales del sector privado,6 a 10 personas,CALLE,FRAY BERNARDINO DE LA TORRE,CALLE,FRAY TORIBIO DE BENAVENTE,EJE VIAL,3 ORIENTE (AVENIDA INGENIERO EDUARDO MOLINA),CALLE,VASCO DE QUIROGA,0.0,SN,,,,,COLONIA,VASCO DE QUIROGA,,,,7440.0,9,Ciudad de México,5,Gustavo A. Madero,1,Gustavo A. Madero                                                                                             ,1006,22,5557670218.0,,,Fijo,19.4960528,-99.09120873,2010-07
865803,09015622112000186000000000U7,CLINICA IMSS,INSTITUTO MEXICANO DEL SEGURO SOCIAL ,622112,Hospitales generales del sector público,101 a 250 personas,CALLE,GONZALEZ BOCANEGRA,EJE VIAL,CENTRAL (LAZARO CARDENAS),CALLE,ALLENDE,CALLE,MATAMOROS,10.0,,,,0.0,,COLONIA,GUERRERO,,,,6300.0,9,Ciudad de México,15,Cuauhtémoc,1,Cuauhtémoc                                                                                                    ,0521,3,,,,Fijo,19.44666722,-99.13841792,2010-07
1012853,09008622112000046001000000U8,CLINICA IMSS 140,UNIDAD DE MEDICINA FAMILIAR NO 140 ,622112,Hospitales generales del sector público,251 y más personas,CALLE,LA TEJA,CALLE,GUADALUPE,CALLE,DEL ROSAL,PRIVADA,BUENAVISTA,50.0,,,,0.0,SN,COLONIA,PUEBLO,,,,10640.0,9,Ciudad de México,8,La Magdalena Contreras,1,La Magdalena Contreras                                                                                        ,0300,21,,,,Fijo,19.30434628,-99.24843378,2010-07
10688687,09005622112000336000000000U9,CLINICA IMSS NO 36,INSTITUTO MEXICANO DEL SEGURO SOCIAL ,622112,Hospitales generales del sector público,101 a 250 personas,CALLE,5 DE MAYO,CALLE,CERRADA EJIDO,CALLE,5 DE MAYO,AVENIDA,CENTENARIO,0.0,SN,,,,,COLONIA,PUEBLO DE SANTIAGO ATZACOALCO,,,,7040.0,9,Ciudad de México,5,Gustavo A. Madero,1,Gustavo A. Madero                                                                                             ,3163,1,5557539698.0,,,Fijo,19.49939943,-99.09414027,2024-11
1042509,09015622112000115000000000U6,CLINICA ISSTE 5DE FEBRERO,GOBIERNO FEDERAL ,622112,Hospitales generales del sector público,51 a 100 personas,CALLE,5 DE FEBRERO,AVENIDA,FRAY SERVANDO TERESA DE MIER,CALLE,NEZAHUALCOYOTL,CALLE,ISABEL LA CATOLICA,111.0,,,,0.0,SN,COLONIA,CENTRO,,,,6080.0,9,Ciudad de México,15,Cuauhtémoc,1,Cuauhtémoc                                                                                                    ,0964,3,,ARMANDO.CASTILLO@ISSSTE.GOB.MX,,Fijo,19.42469147,-99.1355306,2010-07
927313,09010622111000093000000000U8,CLINICA MADRE TERESA DUEÑAS,CLINICA MADRE TERESA DUEÑAS AC,622111,Hospitales generales del sector privado,11 a 30 personas,CALLE,TRANSMISIONES,CALLE,PROLONGACION MIMOSA,CALLE,LICENCIADO FERNANDO GONZALEZ PIÑON,CALLE,PROLONGACION MIMOSA,1.0,,,,0.0,,COLONIA,LA ANGOSTURA,,,,1770.0,9,Ciudad de México,10,Álvaro Obregón,1,Álvaro Obregón                                                                                                ,1858,23,5555852051.0,CLINICAMTERESA1974@GMAIL.COM,,Fijo,19.33384619,-99.23395948,2014-12
828240,09007622311000273000074451M8,CLINICA MEDICA DEL VALLE,MEDICA DEL VALLE SA DE CV,622311,Hospitales del sector privado de otras especialidades médicas,31 a 50 personas,AVENIDA,INSURGENTES,CALLE,REFORMA JUVENIL,CALLE,REFORMA TECNICA,CALLE,REFORMA DEPORTIVA,18.0,MZ22 L18,,,,,COLONIA,REFORMA POLITICA,,,,9730.0,9,Ciudad de México,7,Iztapalapa,1,Iztapalapa                                                                                                    ,4999,6,,FACTURAS@MEDICADELVALLE.MX,WWW.MEDICADELVALLE.MX,Fijo,19.34094858,-99.02995965,2010-07
814192,09005622311000263000000000U3,CLINICA MEDICA DR ORTEGA,CMD9202072S1 CLINICA MEDICA DOCTOR ORTEGA SA DE CV,622311,Hospitales del sector privado de otras especialidades médicas,6 a 10 personas,CALLE,PUERTO MARQUEZ,CALLE,PUERTO DE MAZATLAN,CALLE,PUERTO TAMPICO,CALLE,CAMINO A LA SECRETARIA A,70.0,,,,68.0,,COLONIA,MAZATLAN,,,,7580.0,9,Ciudad de México,5,Gustavo A. Madero,1,Gustavo A. Madero                                                                                             ,1913,22,5555779913.0,,,Fijo,19.47693248,-99.08376034,2010-07
7746967,09017622111000122000000000S0,CLINICA MEDICA EDYBE,CLINICA MEDICA EDYBE SC,622111,Hospitales generales del sector privado,31 a 50 personas,EJE VIAL,3 ORIENTE FRANCISCO DEL PASO Y TRONCOSO,CALLE,RETORNO 9 DE FRANCISCO DEL PASO Y TRONCOSO,CALLE,RETORNO 7 DE FRANCISCO DEL PASO Y TRONCOSO,CALLE,RETORNO 7,137.0,,,,,,COLONIA,JARDIN BALBUENA,,,,15900.0,9,Ciudad de México,17,Venustiano Carranza,1,Venustiano Carranza                                                                                           ,0723,8,5568293101.0,,WWW.EDYBE.COM,Fijo,19.4224498,-99.11199723,2019-11
994281,09013622112000036000000000U9,CLINICA MEDICA FAMILIAR XOCHIMILCO,INSTITUTO DE SEGURIDAD Y SERVICIOS SOCIALES DE TRABAJADORES DEL ESTADO ,622112,Hospitales generales del sector público,31 a 50 personas,CALLE,FRANCISCO GOYTIA,CALLE,GLADIOLAS,CALLE,PEDRO RAMIREZ DEL CASTILLO,CALLE,CUITLAHUAC,158.0,,,,0.0,SN,BARRIO,SAN PEDRO,,,,16090.0,9,Ciudad de México,13,Xochimilco,1,Xochimilco                                                                                                    ,0230,4,5556759669.0,,WWW.ISSSTE.GOB.MX,Fijo,19.25656252,-99.10842077,2010-07
836839,09007622111000263001000000U3,CLINICA MEDICA PAOLA,CLINICA MEDICA PAOLA SA DE CV,622111,Hospitales generales del sector privado,11 a 30 personas,PERIFERICO,CANAL DE GARAY,CALLE,20,CALLE,21,CALLE,2,8.0,MANZANA 43,,,,,COLONIA,JOSE LOPEZ PORTILLO,,,,9920.0,9,Ciudad de México,7,Iztapalapa,1,Iztapalapa                                                                                                    ,3488,15,5558408014.0,,,Fijo,19.30751332,-99.08435287,2010-07
1014929,09003622112000035000000000U2,CLINICA MEDICO FAMILIAR COYOACAN,CLINICA DE MEDICINA FAMILIAR COYOACAN ,622112,Hospitales generales del sector público,51 a 100 personas,CALLE,FERNANDEZ LEAL,CALLE,PLAZA DE LA CONCHITA,AVENIDA,MIGUEL HIDALGO,CALLE,VALLARTA,11.0,,,,0.0,,COLONIA,BARRIO DE LA CONCEPCION,,,,4020.0,9,Ciudad de México,3,Coyoacán,1,Coyoacán                                                                                                      ,0145,6,,,,Fijo,19.34969145,-99.15814469,2010-07
814626,09006622111000011000000000U8,CLINICA ORIENTAL,,622111,Hospitales generales del sector privado,6 a 10 personas,CALLE,ORIENTE 245,CALLE,SUR 12,CALLE,SUR 16,CALLE,ORIENTE 243-A,271.0,,,,0.0,,COLONIA,AGRICOLA ORIENTAL,,,,8500.0,9,Ciudad de México,6,Iztacalco,1,Iztacalco                                                                                                     ,0344,1,5557006624.0,CLINICAORIENTAL01@GMAIL.COM,WWW.CLINICAORIENTAL.COM.MX,Fijo,19.39494767,-99.0706365,2010-07
10091365,09014622311000423000000000U5,CLINICA PLENNA,MUJER PLENNA SALUD SA DE CV,622311,Hospitales del sector privado de otras especialidades médicas,11 a 30 personas,CALLE,ADOLFO PRIETO,AVENIDA,DIVISION DEL NORTE,CALLE,PEDRO ROMERO DE TERREROS,CALLE,PROVIDENCIA,411.0,,,,3.0,,COLONIA,DEL VALLE NORTE,,,,3130.0,9,Ciudad de México,14,Benito Juárez,1,Benito Juárez                                                                                                 ,0045,3,,,,Fijo,19.3948258,-99.16685537,2024-11
9986287,09007622311000371000000000U0,CLINICA TAKAHASHI,,622311,Hospitales del sector privado de otras especialidades médicas,0 a 5 personas,CALLE,2 EUSEBIO GARCIA,EJE VIAL,6 SUR (AVENIDA LUIS MENDEZ),CALLE,4 EUSEBIO GARCIA,CALLE,1 EUSEBIO GARCIA,0.0,SN,,,7.0,,UNIDAD HABITACIONAL,VICENTE GUERRERO,,,,9200.0,9,Ciudad de México,7,Iztapalapa,1,Iztapalapa                                                                                                    ,3721,8,5532008912.0,,,Fijo,19.36278842,-99.06222079,2024-11
10988932,09007622311000362000000000U9,CLINICA ULTRAMED,CLINICA ULTRAMED SA DE CV,622311,Hospitales del sector privado de otras especialidades médicas,6 a 10 personas,EJE VIAL,M BUENDIA 5 SUR LEYES DE REFORMA,CALLE,16 DE MARZO DE 1861,CALLE,15 DE JUNIO DE 1861,CALLE,BATALLA PASO DE OVEJAS,1211.0,A,,,,,COLONIA,LEYES DE REFORMA TERCERA SECCION,,,,9310.0,9,Ciudad de México,7,Iztapalapa,1,Iztapalapa                                                                                                    ,0214,16,5545353677.0,,,Fijo,19.37656351,-99.06469976,2024-11
10896779,09005622111000351000000000U0,CLINICA VETERINARIA SAN FRANCISCO,,622111,Hospitales generales del sector privado,0 a 5 personas,CALLE,GARRIDO,CALLE,UNION,CALLE,TICOMAN,CALLE,MONTIEL,251.0,C,,,251.0,B,COLONIA,TEPEYAC INSURGENTES,,,,7020.0,9,Ciudad de México,5,Gustavo A. Madero,1,Gustavo A. Madero                                                                                             ,1260,6,5571604664.0,SANFRANCISCO.CLINVET@GMAIL.COM,,Fijo,19.48377525,-99.12067353,2024-11
956227,09014622112000045001000000U8,CMF DEL VALLE,INSTITUTO DE SEGURIDAD Y SERVICIOS SOCIALES DE LOS TRABAJADORES DEL ESTADO ,622112,Hospitales generales del sector público,11 a 30 personas,CALLE,PATRICIO SANZ,VIADUCTO,PRESIDENTE MIGUEL ALEMAN,EJE VIAL,4 SUR (XOLA),AVENIDA,SAN FRANCISCO,51.0,,,,,,COLONIA,DEL VALLE NORTE,,,,3130.0,9,Ciudad de México,14,Benito Juárez,1,Benito Juárez                                                                                                 ,0045,6,5556874098.0,CLIDELVALLE@ISSSTE.COM.MX,,Fijo,19.39796913,-99.16872903,2010-07
9010592,09005722515006786000063176S2,COMEDOR EMPLEADOS IMSS,IMSS ,622112,Hospitales generales del sector público,101 a 250 personas,EJE VIAL,4 NORTE AVENIDA FORTUNA,AVENIDA,INSTITUTO POLITECNICO NACIONAL,AVENIDA,HOSPITAL JUAREZ (NORTE 1C),CALLE,LICENCIADO JOSE URBANO FONSECA,0.0,SN,,,,,COLONIA,MAGDALENA DE LAS SALINAS,,,,7760.0,9,Ciudad de México,5,Gustavo A. Madero,1,Gustavo A. Madero                                                                                             ,1256,2,,,,Fijo,19.48510283,-99.13648198,2019-11
10288461,09015622311000871000000000U2,CONSULTORIO GINECOLOGICO,,622311,Hospitales del sector privado de otras especialidades médicas,0 a 5 personas,CALLE,MANZANILLO,CALLE,AGUASCALIENTES,CALLE,TLAXCALA,CALLE,TAXCO,83.0,,EDIFICIO COMERCIAL Y DE SERVICIOS,PISO 1,502.0,,COLONIA,ROMA SUR,EDIFICIO COMERCIAL Y DE SERVICIOS,EDIFICIO COMERCIAL Y DE SERVICIOS,502,6760.0,9,Ciudad de México,15,Cuauhtémoc,1,Cuauhtémoc                                                                                                    ,1356,7,5559680193.0,NANDO44@GMAIL.COM,,Fijo,19.408012,-99.16544612,2024-11
1026074,09010931610000433001059793S3,CONTROL DE PRESTACIONES AL DERECHOHABIENTE,INSTITUTO MEXICANO DEL SEGURO SOCIAL ,622111,Hospitales generales del sector privado,11 a 30 personas,CALLE,CAMINO REAL DE TOLUCA,CIRCUITO,DE LA UNIDAD,AVENIDA,ROQUE VELASCO CERON,CIRCUITO,DE LA UNIDAD,15.0,,E-G45,,,,UNIDAD HABITACIONAL,IMSS SANTA FE,,,,1170.0,9,Ciudad de México,10,Álvaro Obregón,1,Álvaro Obregón                                                                                                ,0239,18,,,IMSS.GOB.MX,Fijo,19.38762998,-99.20490992,2010-07
704000,09017622111000103001000000U0,CORPORATIVO JARDIN,,622111,Hospitales generales del sector privado,0 a 5 personas,AVENIDA,GENARO GARCIA,CALLE,CECILIO ROBELO,CALLE,NINGUNO,CALLE,RETORNO 25 DE CECILIO ROBELO,415.0,,CORPORATIVO JARDIN,PLANTA BAJA,,,COLONIA,JARDIN BALBUENA,"HOSPITAL, CENTRO MEDICO O CLINICA",CORPORATIVO JARDIN,01,15900.0,9,Ciudad de México,17,Venustiano Carranza,1,Venustiano Carranza                                                                                           ,0954,7,,,,Fijo,19.42178234,-99.10688907,2014-12
10514435,09003622311000203000000000U4,CREPID CLINICA DE FIBROSIS PULMONAR,CREPID AIRE Y SALUD SA DE CV,622311,Hospitales del sector privado de otras especialidades médicas,11 a 30 personas,AVENIDA,MIGUEL ANGEL DE QUEVEDO,CALLE,VICENTE GARCIA TORRES,CALLE,OHIO,CALLE,JARDIN DE LAS ROSAS,963.0,,,,,,COLONIA,EL ROSEDAL,,,,4330.0,9,Ciudad de México,3,Coyoacán,1,Coyoacán                                                                                                      ,0291,7,5530416556.0,,,Fijo,19.34307384,-99.15308218,2024-11
8149458,09014621311000336000000000U0,DIRECCION Y ADMINISTRACION DE SERVICIOS MEDICOS GMT,DIRECCION Y ADMINISTRACION DE SERVICIOS MEDICOS GMT SA DE CV,622111,Hospitales generales del sector privado,101 a 250 personas,CALLE,JOSE MARIA IGLESIAS,CALLE,IGNACIO MARISCAL,CALLE,AVENIDA MEXICO TENOCHTITLAN,CALLE,EZEQUIEL MONTES,21.0,,,,,,COLONIA,TABACALERA,,,,6030.0,9,Ciudad de México,15,Cuauhtémoc,1,Cuauhtémoc                                                                                                    ,070A,11,,LETICIA.BASURTO@AZURA.MX,WWW.AZURA.MX,Fijo,19.43858773,-99.15504277,2019-11
8613174,09007622111000302000000000U9,ECOFEM,,622111,Hospitales generales del sector privado,6 a 10 personas,CALLE,FLOR CAMPOMO,CALLE,ROSA,CALLE,VIRIDIANA,CALLE,VERANO,10.0,,,,,,COLONIA,2 AMPLIACION SANTIAGO ACAHUALTEPEC,,,,9609.0,9,Ciudad de México,7,Iztapalapa,1,Iztapalapa                                                                                                    ,2600,3,,COLSULTORIOAIEDER@HOTMAIL.COM,,Fijo,19.34888264,-99.01569424,2019-11
775468,09016622111000172001000000U7,EL HOSPITALITO,EL HOSPITALITO S DE RL DE CV,622111,Hospitales generales del sector privado,0 a 5 personas,CALLE,MARTIRES DE LA CONQUISTA,AVENIDA,TRÁNSITO,AVENIDA,JALISCO,CALLE,JOSÉ MARÍA VIGIL,15.0,,,,,,COLONIA,TACUBAYA,,,,11870.0,9,Ciudad de México,16,Miguel Hidalgo,1,Miguel Hidalgo                                                                                                ,1194,4,,HOSPITALITOINESMARIA1881@GMAIL.COM,,Fijo,19.40069248,-99.18732066,2010-07
11587752,09013622112000051000000000U8,ENFERMERIA DE PRIMEROS AUXILIOS DEPORTIVO CUEMANCO,ALCALDIA XOCHIMILCO ,622112,Hospitales generales del sector público,0 a 5 personas,OTRO(ESPECIFIQUE),CANAL,CALLE,NINGUNO,OTRO(ESPECIFIQUE),NINGUNO,OTRO(ESPECIFIQUE),NINGUNO,2000.0,,DEPORTIVO CUEMANCO XOCHIMILCO,PLANTA BAJA,,,COLONIA,TLACOAPA,PARQUE RECREATIVO,DEPORTIVO CUEMANCO XOCHIMILCO,SN,16000.0,9,Ciudad de México,13,Xochimilco,1,Xochimilco                                                                                                    ,1277,3,,,,Fijo,19.30004827,-99.10049308,2024-11
846501,09002622112000056001000000U0,ESTACIONAMIENTO CENTRAL DEL CENTRO MEDICO LA RAZA,INSTITUTO MEXICANO DEL SEGURO SOCIAL ,622112,Hospitales generales del sector público,6 a 10 personas,CALLE,ZAACHILA,CALLE,TLAXCALTECAS,CALLE,SERIS,AVENIDA,ANTONIO VALERIANO,,SN,,,,,COLONIA,LA RAZA,,,,2990.0,9,Ciudad de México,2,Azcapotzalco,1,Azcapotzalco                                                                                                  ,0788,24,5557245900.0,,,Fijo,19.46661118,-99.14600598,2010-07
911638,09003622311000136000056416M6,FUCAM,FUCAM AC,622311,Hospitales del sector privado de otras especialidades médicas,251 y más personas,AVENIDA,EL BORDO,CALZADA,DEL HUESO,CALLE,EJIDO,CALZADA,DE GUADALUPE,100.0,,,,,,COLONIA,EJIDIO VIEJO DE SANTA URSULA COAPA,,,,4980.0,9,Ciudad de México,3,Coyoacán,1,Coyoacán                                                                                                      ,1410,35,,ZELMA.TEODORI@FUCAM.ORG.MX,WWW.FUCAM.ORG.MX,Fijo,19.30611298,-99.13714645,2014-12
8802045,09003622311000161000000000U4,FUCAM BODEGA,FUCAM AC,622311,Hospitales del sector privado de otras especialidades médicas,0 a 5 personas,AVENIDA,SANTA ROSA,CALZADA,CALZADA DEL HUESO,CALLE,CARRIZAL,AVENIDA,MAR DE LA TRANQUILIDAD,52.0,,,,0.0,,COLONIA,EX HACIENDA COAPA,,,,4850.0,9,Ciudad de México,3,Coyoacán,1,Coyoacán                                                                                                      ,1410,1,,,,Fijo,19.31005556,-99.13776837,2019-11
631696,09015622311000676001000000U5,FUNDACION HOSPITAL NUESTRA SEÑORA DE LA LUZ,FUNDACION HOSPITAL NUESTRA SEÑORA DE LA LUZ,622311,Hospitales del sector privado de otras especialidades médicas,251 y más personas,CALLE,EZEQUIEL MONTES,CALLE,AVENIDA DE LA REPÚBLICA,CALLE,MAESTRO ANTONIO CASO,AVENIDA,INSURGENTES CENTRO,135.0,,,,,,COLONIA,TABACALERA,,,,6030.0,9,Ciudad de México,15,Cuauhtémoc,1,Cuauhtémoc                                                                                                    ,070A,5,,AURORA.GARCIA@HOSPITALDELALUZ.ORG,WWW.HOSPITALDELALUZ.ORG,Fijo,19.43446898,-99.15664035,2010-07
780236,09005621421000011001000000U4,FUNDACION REECUENTRO,FUNDACION REECUENTRO,622211,Hospitales psiquiátricos y para el tratamiento por adicción del sector privado,11 a 30 personas,CALLE,JUJUY,CALLE,MOCTEZUMA,EJE VIAL,4 NORTE (AVENIDA FORTUNA),CALLE,SOLOLA,553.0,BIS,,,,,COLONIA,VALLE DE TEPEYAC,,,,7740.0,9,Ciudad de México,5,Gustavo A. Madero,1,Gustavo A. Madero                                                                                             ,110A,22,,,,Fijo,19.48801569,-99.14212224,2010-07
6325782,09015622111000255001000000U2,GRAN HOSPITAL ROMA,PROVEEDORA DE SERVICIOS PARA LA SALUD SA DE CV,622111,Hospitales generales del sector privado,101 a 250 personas,CALLE,COZUMEL,CALLE,COLIMA,CALLE,CERRADA SALAMANCA,EJE VIAL,3 PONIENTE (SALAMANCA),62.0,,,,,,COLONIA,ROMA NORTE,,,,6700.0,9,Ciudad de México,15,Cuauhtémoc,1,Cuauhtémoc                                                                                                    ,1093,13,,CONTABLE@GRANHOSPITALROMA.MX,WWW.GRANHOSPITALROMA.COM.MX,Fijo,19.41787783,-99.17059761,2012-06
823223,09007622111000213001000000U8,GRUPO MEDICO SANTISIMA TRINIDAD,GRUPO MEDICO SANTISIMA TRINIDAD I I SA DE CV,622111,Hospitales generales del sector privado,6 a 10 personas,AVENIDA,SAN LORENZO,CALLE,BILBAO,CALLE,CATARROJA,CALLE,CANILES,1373.0,,,,0.0,,COLONIA,CERRO DE LA ESTRELLA,,,,9860.0,9,Ciudad de México,7,Iztapalapa,1,Iztapalapa                                                                                                    ,1890,25,,CLINICA_SANTISIMATRINIDAD@HOTMAIL.COM,,Fijo,19.32656404,-99.07532207,2010-07
11635114,09002622111000123000000000U0,GRUPO RAVER APLICACIONES,GRUPO RAVER APLICACIONES SA DE CV,622111,Hospitales generales del sector privado,11 a 30 personas,CALLE,REY MAXTLA,EJE VIAL,3 NORTE (TOCHTLI),CERRADA,SAN FRANCISCO,PRIVADA,SAN FRANCISCO,202.0,,,,,,COLONIA,SAN FRANCISCO TETECALA,,,,2730.0,9,Ciudad de México,2,Azcapotzalco,1,Azcapotzalco                                                                                                  ,1023,2,,,,Fijo,19.47994929,-99.19234644,2024-11
631691,09015622311000696002000000U3,GRUPO TORRE MEDICA,OPERADORA DE HOSPITALES GTM SA,622311,Hospitales del sector privado de otras especialidades médicas,101 a 250 personas,CALLE,JOSÉ MARÍA IGLESIAS,CALLE,IGNACIO MARISCAL,AVENIDA,MÉXICO-TENOCHTITLAN,CALLE,EZEQUIEL MONTES,21.0,,,,,,COLONIA,TABACALERA,,,,6030.0,9,Ciudad de México,15,Cuauhtémoc,1,Cuauhtémoc                                                                                                    ,070A,11,,ATENCION@GRUPOTM.COM.MX,WWW.AZURA.MX,Fijo,19.43852322,-99.15504896,2010-07
9925540,09016622111000413000000000S5,HC MEDICAL MEXICO,HC MEDICAL MEXICO SA DE CV,622111,Hospitales generales del sector privado,11 a 30 personas,CALZADA,LEGARIA,CALLE,IGNACIO ALLENDE,CALLE,FELIPE CARRILLO PUERTO,CALLE,FELIPE CARRILLO PUERTO,207.0,1,,,,,COLONIA,AMPLIACION TORRE BLANCA,,,,11289.0,9,Ciudad de México,16,Miguel Hidalgo,1,Miguel Hidalgo                                                                                                ,0124,11,,,,Fijo,19.45412675,-99.19768878,2024-11
6791946,09004622111000031001003260S1,HOSPITAL ABC,THE AMERICAN BRITISH COWDRAY MEDICAL CENTER SA DE CV,622111,Hospitales generales del sector privado,251 y más personas,CALLE,VASCO DE QUIROGA SEGUNDA ETAPA,CALLE,LIVERPOOL,AVENIDA,TAMAULIPAS,CALLE,AVENIDA CARLOS GRAFF FERNÁNDEZ,154.0,,,,,,COLONIA,CONTADERO,,,,,9,Ciudad de México,4,Cuajimalpa de Morelos,1,Cuajimalpa de Morelos                                                                                         ,0369,4,,RMFERNANDEZT@ABC.HOSPITAL.COM,WWW.ABCHOSPITAL.COM,Fijo,19.35692731,-99.28334658,2017-03
6323050,09012622111000097000003503S5,HOSPITAL ANGELES ACOXPA,OPERADORA DE HOSPITALES ANGELES SA DE CV,622111,Hospitales generales del sector privado,251 y más personas,CALZADA,ACOXPA,CALZADA,ACOXPA,CALLE,EJIDO,CALLE,FEDERACIÓN MEXICANA DE FUTBOL ASOCIACIÓN,430.0,,EDIFICIO SIN NOMBRE,SOTANO 1,,,COLONIA,EX HACIENDA COAPA,,,,14340.0,9,Ciudad de México,12,Tlalpan,1,Tlalpan                                                                                                       ,0214,3,,FISCALGASS@SALUDANGELES.MX,WWW.HOSPITALANGELES.COM,Fijo,19.29992425,-99.13480089,2012-06
6323051,09015622111000347000003503S7,HOSPITAL ANGELES CLINICA LONDRES,OPERADORA DE HOSPITALES ANGELES SA DE CV,622111,Hospitales generales del sector privado,251 y más personas,CALLE,DURANGO,CALLE,FRONTERA,CALLE,MÉRIDA,CALLE,COLIMA,50.0,,,,,,COLONIA,ROMA NORTE,,,,,9,Ciudad de México,15,Cuauhtémoc,1,Cuauhtémoc                                                                                                    ,1017,6,,FISCALGASS@SALUDANGELES.MX,WWW.HOSPITALANGELES.COM,Fijo,19.42179292,-99.15696684,2010-07
6323052,09005622111000277000003503S7,HOSPITAL ANGELES LINDAVISTA,OPERADORA DE HOSPITALES ANGELES SA DE CV,622111,Hospitales generales del sector privado,251 y más personas,CALLE,RIO BAMBA,CALLE,RIOBAMBA,OTRO(ESPECIFIQUE),MANZANA O EDIFICACIÓN CONTIGUA,OTRO(ESPECIFIQUE),NINGUNO,639.0,,,,,,COLONIA,MAGDALENA DE LAS SALINAS,,,,7760.0,9,Ciudad de México,5,Gustavo A. Madero,1,Gustavo A. Madero                                                                                             ,1114,24,,FISCALGASS@SALUDANGELES.MX,WWW.HOSPITALANGELES.COM,Fijo,19.48641811,-99.12983781,2014-12
6866208,09016622111000347001003503S5,HOSPITAL ANGELES MOCEL,OPERADORA DE HOSPITALES ANGELES SA DE CV,622111,Hospitales generales del sector privado,251 y más personas,CALLE,GOBERNADOR GREGORIO V GELATI,CALLE,GENERAL JUAN CANO,CALLE,GOBERNADOR PROTASIO PÉREZ DE TAGLE,CALLE,GOBERNADOR IGNACIO ESTEVA,29.0,,,,,,COLONIA,SAN MIGUEL CHAPULTEPEC,,,,11850.0,9,Ciudad de México,16,Miguel Hidalgo,1,Miguel Hidalgo                                                                                                ,1029,10,,FISCALGASS@SALUDANGELES.MX,WWW.HOSPITALANGELES.COM,Fijo,19.41099871,-99.18480852,2019-04
847197,09016622311000236010003503S6,HOSPITAL ANGELES SANTA MONICA,OPERADORA DE HOSPITALES ANGELES SA DE CV,622111,Hospitales generales del sector privado,251 y más personas,CALLE,TEMÍSTOCLES,AVENIDA,HOMERO,AVENIDA,HORACIO,CALLE,GALILEO,210.0,,,,,,COLONIA,POLANCO,,,,11560.0,9,Ciudad de México,16,Miguel Hidalgo,1,Miguel Hidalgo                                                                                                ,0656,11,,,,Fijo,19.4339936,-99.19168299,2010-07
6305202,09015622111000327000003503S9,HOSPITAL ANGELES SANTELENA,OPERADORA DE HOSPITALES ANGELES SA DE CV,622111,Hospitales generales del sector privado,251 y más personas,EJE VIAL,2 SUR (AVENIDA QUERÉTARO),CALLE,MÉRIDA,CALLE,CÓRDOBA,EJE VIAL,2-A SUR (SAN LUIS POTOSÍ),58.0,,,,,,COLONIA,ROMA NORTE,,,,6700.0,9,Ciudad de México,15,Cuauhtémoc,1,Cuauhtémoc                                                                                                    ,1110,4,,FISCALGASS@SALUDANGELES.COM,WWW.HOSPITALANGELES.COM,Fijo,19.41538914,-99.15694372,2010-07
904287,09014622111000226001003503S6,HOSPITAL ANGELES UNIVERSIDAD,OPERADORA DE HOSPITALES ANGELES SA DE CV,622111,Hospitales generales del sector privado,251 y más personas,AVENIDA,UNIVERSIDAD,AVENIDA,UNIVERSIDAD,CALLE,SAN FELIPE,CIRCUITO,INTERIOR (AVENIDA RÍO CHURUBUSCO),1080.0,,"HOSPITAL, CENTRO MEDICO O CLINICA",PLANTA BAJA,,,COLONIA,XOCO,,,,3339.0,9,Ciudad de México,14,Benito Juárez,1,Benito Juárez                                                                                                 ,0967,3,,FISCALGASS@SALUDANGELES.MX,WWW.HOSPITALANGELES.COM,Fijo,19.36066561,-99.16823723,2014-12
9404599,09015622111000504000058181S3,HOSPITAL AZURA CENTRO,HOSPITAL AZURA SATELITE SA DE CV,622111,Hospitales generales del sector privado,101 a 250 personas,CALLE,JOSÉ MARÍA IGLESIAS,CALLE,IGNACIO MARISCAL,AVENIDA,MÉXICO-TENOCHTITLAN,CALLE,EZEQUIEL MONTES,21.0,,,,,,COLONIA,TABACALERA,,,,6030.0,9,Ciudad de México,15,Cuauhtémoc,1,Cuauhtémoc                                                                                                    ,070A,11,,,,Fijo,19.43878123,-99.15497744,2023-11
9417085,09010622111000164000058181S7,HOSPITAL AZURA SATELITE ,HOSPITAL AZURA SATELITE SA DE CV,622111,Hospitales generales del sector privado,101 a 250 personas,CALLE,ENRIQUE SADA MOGUERZA,CALLE,FERNANDO LEAL NOVELO,CALLE,ENRIQUE SADA MOGUERZA,CIRCUITO,CENTRO COMERCIAL,23.0,,,,,,COLONIA,CIUDAD SATELITE ,"HOSPITAL, CENTRO MEDICO O CLINICA",HOSPITAL AZURA,SN,1000.0,9,Ciudad de México,10,Álvaro Obregón,1,Álvaro Obregón                                                                                                ,1133,33,,,,Fijo,19.35069263,-99.18546071,2023-11
11806926,09010622111000211000000000U6,HOSPITAL BITE MEDICA,PROMOTORA DE HOSPITALES Y SERVICIOS INTEGRALES SAPI DE CV,622111,Hospitales generales del sector privado,101 a 250 personas,PROLONGACION,PASEO DE LA REFORMA,AVENIDA,ERNEST J. PIPER,CALLE,ALBERT EINSTEIN,AVENIDA,PROLONGACION PASEO DE LA REFORMA,19.0,,,,0.0,,COLONIA,PASEO DE LAS LOMAS,,,,1330.0,9,Ciudad de México,4,Cuajimalpa de Morelos,1,Cuajimalpa de Morelos                                                                                         ,0369,27,,AGUILLEN@BUPA.COM.MX,,Fijo,19.36862875,-99.26693172,2025-04
673875,09005622111000283000000000U5,HOSPITAL BOUTIQUE RIOBAMBA,ARQUITECTURA Y PROYECTOS SUSTENTABLES MZ SA DE CV,622111,Hospitales generales del sector privado,11 a 30 personas,CALLE,RIOBAMBA,CALLE,SIERRAVISTA,CALZADA,TICOMAN,CALLE,PERNAMBUCO,927.0,,,,0.0,,COLONIA,LINDAVISTA,,,,7300.0,9,Ciudad de México,5,Gustavo A. Madero,1,Gustavo A. Madero                                                                                             ,0741,4,5565530050.0,INFO@HOSPITALRB.COM.MX,WWW.HOSPITALRB.COM.MX,Fijo,19.49509129,-99.12344424,2014-12
6306839,09017622111000085000000000U9,HOSPITAL CAMI,CENTRO DE ATENCION MEDICA INTEGRAL SA DE CV,622111,Hospitales generales del sector privado,251 y más personas,CALZADA,GENERAL IGNACIO ZARAGOZA,CALLE,MANUEL RIVERA CAMBAS,CALLE,RETORNO 7 GENERAL IGNACIO ZARAGOZA,CALLE,NINGUNO,189.0,,,,,,COLONIA,JARDIN BALBUENA,,,,15900.0,9,Ciudad de México,17,Venustiano Carranza,1,Venustiano Carranza                                                                                           ,0776,11,,SUBDIRECCIONADMINISTRATIVA@CAMIHOSPITAL.COM.MX,WWW.CAMIHOSPITAL.COM.MX,Fijo,19.42407246,-99.1049721,2010-07
760417,09016931810000351010000000U0,HOSPITAL CENTRAL MILITAR,SECRETARIA DE LA DEFENSA NACIONAL ,622112,Hospitales generales del sector público,251 y más personas,PERIFERICO,BOULEVARD MANUEL AVILA CAMACHO,AVENIDA,GENERAL JUAN CABRAL,CALLE,BATALLA DE CELAYA,AVENIDA,GENERAL JUAN CABRAL,0.0,SN,,,,,RESIDENCIAL,MILITAR,,,,11600.0,9,Ciudad de México,16,Miguel Hidalgo,1,Miguel Hidalgo                                                                                                ,0618,1,5555563100.0,HCENTRALM@MAIL.SEDENA.GOB.MX,WWW.SEDENA.GOB.MX,Fijo,19.43752082,-99.21377281,2014-12
6492252,09002622112000167000028292S5,HOSPITAL CENTRAL NORTE,PETROLEOS MEXICANOS ,622112,Hospitales generales del sector público,11 a 30 personas,CALLE,CAMPO MATILLAS,CALLE,CAMPO VERDE,CALLE,CAMPO FORTUNA NACIONAL,CALLE,CAMPO DE LAS PIEDRAS,52.0,,,,,,COLONIA,SAN ANTONIO,,,,2720.0,9,Ciudad de México,2,Azcapotzalco,1,Azcapotzalco                                                                                                  ,0449,6,5555611433.0,SOSORIOM@PEMEX.GOB.MX,WWW.SERVICIOSMEDICOS.PEMEX.COM,Fijo,19.47971247,-99.20015385,2016-01
711725,09007622111000173001000000U4,HOSPITAL CHURUBUSCO,HOSPITAL CHURUBUSCO SA DE CV,622111,Hospitales generales del sector privado,11 a 30 personas,CALLE,SUR 101,CALLE,ATANASIO G. SARABIA,CALLE,JORGE ENCISO,EJE VIAL,2 ORIENTE (CALZADA DE LA VIGA),348.0,,,,,,COLONIA,HEROES DE CHURUBUSCO,,,,9090.0,9,Ciudad de México,7,Iztapalapa,1,Iztapalapa                                                                                                    ,0939,21,,HOSPITALCHURUBUSCO@HOTMAIL.COM,WWW.HOSPITLCHURUBUSCO.COM,Fijo,19.36157037,-99.12133512,2010-07
6483338,09003622111000147001000000U7,HOSPITAL COYOACAN HMG,OPERADORA HMG SA DE CV,622111,Hospitales generales del sector privado,101 a 250 personas,CALLE,SUCHIL,CALLE,MUSEO,CALLE,ARBOL DEL FUEGO,AVENIDA,DIVISION DEL NORTE,152.0,,,,,,COLONIA,EL ROSARIO,,,,4380.0,9,Ciudad de México,3,Coyoacán,1,Coyoacán                                                                                                      ,0681,1,,MIGUEL.CARRILLO@HMGHOSPITAL.COM.MX,WWW.HMGHOSPITAL.COM.MX,Fijo,19.3268981,-99.14484382,2016-01
1060146,09015622112000297000000000U2,HOSPITAL DE CARDIOLOGIA CENTRO MEDICO NACIONAL SIGLO XXI IMSS,HOSPITAL DE CARDIOLOGIA ,622112,Hospitales generales del sector público,251 y más personas,EJE VIAL,1 PONIENTE AVENIDA CUAUHTEMOC,EJE VIAL,3 SUR (DOCTOR IGNACIO MORONES PRIETO),CALLE,DOCTOR MARQUEZ,CALLE,DOCTOR MIGUEL FRANCISCO JIMENEZ,0.0,SN,,,,,COLONIA,DOCTORES,,,,6720.0,9,Ciudad de México,15,Cuauhtémoc,1,Cuauhtémoc                                                                                                    ,1229,1,,,,Fijo,19.4110818,-99.15476366,2010-07
835349,09007622112000105000000000U4,HOSPITAL DE ESPECIALIDADES DE LA CIUDAD DE MEXICO DR BELISARIO DOMINGUEZ,SECRETARIA DE SALUD GOBIERNO DE LA CIUDAD DE MEXICO ,622112,Hospitales generales del sector público,251 y más personas,AVENIDA,TLAHUAC,PRIVADA,NINGUNO,AVENIDA,ZACATLAN,CALLE,CEMPASUCHIL,4866.0,,,,,,COLONIA,LOS OLIVOS,,,,13210.0,9,Ciudad de México,7,Iztapalapa,1,Iztapalapa                                                                                                    ,2121,1,,,SALUD.CDMX.GOB.MX,Fijo,19.30683251,-99.06585873,2010-07
6306200,09005622111000267000000000U8,HOSPITAL DE ESPECIALIDADES MIG,HOSPITAL DE ESPECIALIDADES MIG SA DE CV,622111,Hospitales generales del sector privado,251 y más personas,CALLE,RIOBAMBA,CALLE,LINDAVISTA,CALLE,BUENAVISTA,CALLE,LATACUNGA,800.0,,,,,,COLONIA,LINDAVISTA,,,,7300.0,9,Ciudad de México,5,Gustavo A. Madero,1,Gustavo A. Madero                                                                                             ,0737,15,,GFINANZAS@HOSPITALMIG.MX,WWW.HOSPITALMIG.MX,Fijo,19.49181527,-99.12636419,2010-07
757345,09016622311000173011000000U1,HOSPITAL DE ESPECIALIDADES SAN JUDAS TADEO,HOSPITAL DE ESPECIALIDADES SAN JUDAS TADEO SA DE CV,622111,Hospitales generales del sector privado,11 a 30 personas,CALLE,MAR TIRRENO,CALLE,MAR NEGRO,CALZADA,MEXICO-TACUBA,CALLE,GOLFO DE CALIFORNIA,96.0,,,,,,COLONIA,POPOTLA,,,,11400.0,9,Ciudad de México,16,Miguel Hidalgo,1,Miguel Hidalgo                                                                                                ,0162,8,,HOSPSANJUDASTADEO@YAHOO.COM.MX,,Fijo,19.45636432,-99.1832909,2010-07
855749,09015622112000337000000000U6,HOSPITAL DE GENERAL DE ZONA NUMERO 27,INSTITUTO MEXICANO DEL SEGURO SOCIAL ,622112,Hospitales generales del sector público,251 y más personas,CALLE,NINGUNO,EJE VIAL,2 NORTE (MANUEL GONZALEZ),OTRO(ESPECIFIQUE),MANZANA O EDIFICACION CONTIGUA,CALLE,LERDO,0.0,SN,,,311.0,,COLONIA,TLATELOLCO,,,,6900.0,9,Ciudad de México,15,Cuauhtémoc,1,Cuauhtémoc                                                                                                    ,0273,7,5555839755.0,JOSE.RODRIGUEZC@IMSS.GOB.MX,,Fijo,19.4548356,-99.13943109,2010-07
780520,09005622112000237000000000U9,HOSPITAL DE GINECOPEDIATRIA 3A,INSTITUTO MEXICANO DEL SEGURO SOCIAL ,622112,Hospitales generales del sector público,251 y más personas,AVENIDA,INSTITUTO POLITECNICO NACIONAL,EJE VIAL,4 NORTE (AVENIDA FORTUNA),CALLE,COLECTOR 13,CALLE,CHOSICA,1600.0,,,,0.0,,COLONIA,LINDAVISTA,,,,7300.0,9,Ciudad de México,5,Gustavo A. Madero,1,Gustavo A. Madero                                                                                             ,1256,5,,,WWW.IMSS.GOB.MX,Fijo,19.48568274,-99.13470188,2010-07
846241,09002622111000032001048723S3,HOSPITAL DE LA DIVINA PROVIDENCIA FELIPE Y SANTIAGO,HOSPITAL DE LA DIVINA PROVIDENCIA FELIPE Y SANTIAGO AC,622111,Hospitales generales del sector privado,31 a 50 personas,CALLE,BELISARIO DOMINGUEZ,CALLE,TEPANECAS,CALLE,MORELOS Y PAVON,AVENIDA,22 DE FEBRERO,53.0,,,,,,CONDOMINIO,CENTRO AZCAPOTZALCO,,,,2000.0,9,Ciudad de México,2,Azcapotzalco,1,Azcapotzalco                                                                                                  ,0311,17,5555610660.0,,HOSPITALDELADIVINAPROVIDENCIA.COM,Fijo,19.48083527,-99.18448011,2010-07
648988,09002611151000032011048723M2,HOSPITAL DE LA DIVINA PROVIDENCIA FELIPE Y SANTIAGO,HOSPITAL DE LA DIVINA PROVIDENCIA FELIPE Y SANTIAGO AC,622111,Hospitales generales del sector privado,51 a 100 personas,CALLE,TEPANECAS,CALLE,BELISARIO DOMINGUEZ,AVENIDA,AZCAPOTZALCO,CALLE,MORELOS Y PAVON,47.0,,,,0.0,,COLONIA,CENTRO AZCAPOTZALCO,,,,2000.0,9,Ciudad de México,2,Azcapotzalco,1,Azcapotzalco                                                                                                  ,0311,18,,MICA@YAHOO.COM.MX,,Fijo,19.4811848,-99.1849236,2010-07
845803,09016622112000087000000000U5,HOSPITAL DE LA MUJER,SECRETARIA DE SALUD DEL GOBIERNO FEDERAL ,622112,Hospitales generales del sector público,251 y más personas,CALLE,SALVADOR DIAZ MIRON,CALLE,PRIVADA DIAZ MIRON,CALLE,PLAN DE SAN LUIS,CALLE,MANUEL CARPIO,0.0,SN,,,,,COLONIA,UN HOGAR PARA NOSOTROS,,,,11340.0,9,Ciudad de México,16,Miguel Hidalgo,1,Miguel Hidalgo                                                                                                ,0088,2,,,WWW.HDELAMUJER.SALUD.GOB.MX,Fijo,19.45123723,-99.17094615,2010-07
6304758,09015622111000286000000000U7,HOSPITAL DE LA PURISIMA CONCEPCION Y JESUS NAZARENO HOSPITAL DE JESUS,HOSPITAL DE JESUS,622111,Hospitales generales del sector privado,101 a 250 personas,CALLE,20 DE NOVIEMBRE,CALLE,REPÚBLICA DEL SALVADOR,CALLE,MESONES,AVENIDA,JOSÉ MARÍA PINO SUÁREZ,82.0,,,,,,COLONIA,CENTRO,,,,6090.0,9,Ciudad de México,15,Cuauhtémoc,1,Cuauhtémoc                                                                                                    ,0894,8,,QUIJOTER@YAHOO.COM,WWW.HOSPITALDEJESUS.COM.MX,Fijo,19.42876308,-99.13375142,2010-07
780529,09005621114000047010063176S9,HOSPITAL DE ORTOPEDIA DR VICTORIO DE LA FUENTE NARVAEZ IMSS,IMSS ,622112,Hospitales generales del sector público,251 y más personas,EJE VIAL,4 NORTE AVENIDA FORTUNA,AVENIDA,INSTITUTO POLITECNICO NACIONAL,AVENIDA,HOSPITAL JUAREZ (NORTE 1C),CALLE,LICENCIADO JOSE URBANO FONSECA,0.0,SN,,,,,COLONIA,MAGDALENA DE LAS SALINAS,,,,7760.0,9,Ciudad de México,5,Gustavo A. Madero,1,Gustavo A. Madero                                                                                             ,1256,2,5557473500.0,,,Fijo,19.4851915,-99.13697741,2010-07
6315573,09010622111000054000000000U0,HOSPITAL DE ORTOPEDIA PARA NIÑOS DR. GERMAN DIAZ LOMBARDO,HOSPITAL DE ORTOPEDIA PARA NIÑOS DR. GERMAN DIAZ LOMBARDO AC,622111,Hospitales generales del sector privado,31 a 50 personas,CALLE,CALLE DEL CARMEN,CALLE,JOSEFINA PRIOR,CALLE,FRESNO,CALLE,CALLE DEL SECRETO,18.0,,,,0.0,,COLONIA,CHIMALISTAC,,,,1070.0,9,Ciudad de México,10,Álvaro Obregón,1,Álvaro Obregón                                                                                                ,1133,12,,HOSP_DIAZ_LOMBARDO@HOTMAIL.COM,WWW.HGDL.ORG.MX,Fijo,19.34535715,-99.18695877,2010-07
676387,09005624312000023001000000U7,HOSPITAL DE ZONA NUMERO 24 IMSS,INSTITUTO NACIONAL DEL SEGURO SOCIAL ,622112,Hospitales generales del sector público,251 y más personas,AVENIDA,INSURGENTES NORTE,CALLE,RICARTE,EJE VIAL,4 NORTE (AVENIDA FORTUNA),CALLE,RIOBAMBA,1322.0,,,,,,COLONIA,LINDAVISTA NORTE,,,,7300.0,9,Ciudad de México,5,Gustavo A. Madero,1,Gustavo A. Madero                                                                                             ,1256,7,,,WWW.IMSS.GOB.MX,Fijo,19.48263849,-99.12857322,2014-12
6308184,09016622111000266002000000U7,HOSPITAL DIOMED,HOSPITALES H SA DE CV,622111,Hospitales generales del sector privado,251 y más personas,AVENIDA,OBSERVATORIO,CALLE,SUR 140,CALLE,SUR 144,CALLE,PONIENTE 75-A,354.0,,,,,,COLONIA,16 DE SEPTIEMBRE,,,,11810.0,9,Ciudad de México,16,Miguel Hidalgo,1,Miguel Hidalgo                                                                                                ,1090,4,,RECURSOS.HUMANOS@DIOMED.COM.MX,WWW.DIOMED.COM.MX,Fijo,19.40130335,-99.20520469,2010-07
969521,09015621114000047010000000U8,HOSPITAL DR GREGORIO SALAS,GOBIERNO DE LA CDMX ,622112,Hospitales generales del sector público,251 y más personas,CALLE,CALLE DEL CARMEN,CALLE,REPUBLICA DE COLOMBIA,CALLE,REPUBLICA DE VENEZUELA,CALLE,REPUBLICA DE ARGENTINA,42.0,,,,0.0,,COLONIA,CENTRO,,,,6000.0,9,Ciudad de México,15,Cuauhtémoc,1,Cuauhtémoc                                                                                                    ,0659,19,,,,Fijo,19.43764171,-99.12936455,2010-07
913475,09012622311000192011000000U0,HOSPITAL EL ANGEL,UNIDAD MEDICA SALVATORES PINEDA SC,622111,Hospitales generales del sector privado,6 a 10 personas,CALLE,CANCUN,CALLE,HALACHO,CALLE,TENOSIQUE,CALLE,CONTOY,273.0,,,,0.0,,COLONIA,HEROES DE PADIERNA,,,,14240.0,9,Ciudad de México,12,Tlalpan,1,Tlalpan                                                                                                       ,0642,11,,HOSPITALELANGEL@HOTMAIL.COM,,Fijo,19.28761373,-99.22026801,2014-12
826994,09007622111000203000000000U9,HOSPITAL ERMITA,,622111,Hospitales generales del sector privado,11 a 30 personas,EJE VIAL,8 SUR CALZADA ERMITA IZTAPALAPA,CALLE,SAN MIGUEL,CALLE,CERRADA CEDRO,CALLE,CEDRO,3416.0,,,,,,PUEBLO,SANTA MARIA AZTAHUACAN,,,,9500.0,9,Ciudad de México,7,Iztapalapa,1,Iztapalapa                                                                                                    ,1710,22,5556912876.0,HHOSPITALERMITA@GMAIL.COM,,Fijo,19.34802265,-99.01893732,2010-07
847284,09016622311000226000000000U7,HOSPITAL ESCANDON,FUNDACION MARIA ANA MIER DE ESCANDON AC,622311,Hospitales del sector privado de otras especialidades médicas,251 y más personas,CALLE,GAVIOTA,CALLE,MANUEL DUBLÁN,CALLE,ARQUITECTO CARLOS LAZO,CALLE,RUFINA,27.0,,,,,,COLONIA,TACUBAYA,,,,11870.0,9,Ciudad de México,16,Miguel Hidalgo,1,Miguel Hidalgo                                                                                                ,1156,1,,RECURSOSHUMANOS@HOSPITALESCANDON.ORG,WWW.HOSPITALESCANDON,Fijo,19.40212381,-99.19136868,2010-07
6315088,09016622111000277000011124M4,HOSPITAL ESPAÑOL,SOCIEDAD DE BENEFICENCIA ESPAÑOLA,622111,Hospitales generales del sector privado,251 y más personas,AVENIDA,EJÉRCITO NACIONAL MEXICANO,PROLONGACION,MOLIERE,CALLE,LAGO VICTORIA,AVENIDA,MIGUEL DE CERVANTES SAAVEDRA,613.0,,,,,,COLONIA,GRANADA,"HOSPITAL, CENTRO MEDICO O CLINICA",HOSPITAL ESPAÑOL,SN,11520.0,9,Ciudad de México,16,Miguel Hidalgo,1,Miguel Hidalgo                                                                                                ,0552,1,,,WWW.HOSPITALESPANOL.COM,Fijo,19.4383057,-99.19711023,2010-07
913812,09012622112000197000000000U1,HOSPITAL GENERAL AJUSCO MEDIO DOCTORA OBDULIA RODRIGUEZ RODRIGUEZ,SECRETARIA DE SALUD DEL GOBIERNO DEL DISTRITO FEDERAL ,622112,Hospitales generales del sector público,251 y más personas,CALLE,ENCINOS,CALLE,PIÑANONA,CALLE,HORTENSIAS,CALLE,ENCINOS,41.0,,,,0.0,,COLONIA,MIGUEL HIDALGO 4TA SECCION,,,,14250.0,9,Ciudad de México,12,Tlalpan,1,Tlalpan                                                                                                       ,1462,2,5554467966.0,,,Fijo,19.27181365,-99.20749497,2014-12
988040,09013622311000084001000000U7,HOSPITAL GENERAL CENTRO DE NACIMIENTO NUEVA VIDA,HOSPITAL GENERAL CENTRO DE NACIMIENTO NUEVA VIDA SA DE CV,622311,Hospitales del sector privado de otras especialidades médicas,11 a 30 personas,OTRO(ESPECIFIQUE),NINGUNO,CALLE,NICOLAS BRAVO,CALLE,CALLEJON TZOLTZAHUALZINGO,OTRO(ESPECIFIQUE),NINGUNO,27.0,,,,,,BARRIO,SAN JUAN,,,,16000.0,9,Ciudad de México,13,Xochimilco,1,Xochimilco                                                                                                    ,0226,22,,HSJESTUDIOSXOTEPINGO@GMAIL.COM,,Fijo,19.26495518,-99.10709907,2010-07
957910,09015622112000011000000000U7,HOSPITAL GENERAL DE MEXICO,HOSPITAL GENERAL DE MEXICO ORGANISMO DESCENTRALIZADO DE LA SECRETARIA DE SALUD ,622112,Hospitales generales del sector público,251 y más personas,EJE VIAL,1 PONIENTE AVENIDA CUAUHTEMOC,CALLE,DOCTOR MARQUEZ,CALLE,DOCTOR PASTEUR,EJE VIAL,1 PONIENTE (AVENIDA CUAUHTEMOC),0.0,SN,,,,,COLONIA,DOCTORES,,,,6720.0,9,Ciudad de México,15,Cuauhtémoc,1,Cuauhtémoc                                                                                                    ,1229,3,5527892000.0,,,Fijo,19.4127649,-99.15461994,2010-07
657557,09005622112000137000000000U1,HOSPITAL GENERAL DE TICOMAN SSA,HOSPITAL GENERAL DE TICOMAN ,622112,Hospitales generales del sector público,251 y más personas,CALLE,PLAN DE SAN LUIS,CALLE,BANDERA,CALLE,GUILLERMO MASSIEU HELGUERA,PRIVADA,PLAN DE ACATEMPAN,113.0,,,,0.0,,COLONIA,LA PURISIMA TICOMAN,,,,7330.0,9,Ciudad de México,5,Gustavo A. Madero,1,Gustavo A. Madero                                                                                             ,2860,1,,,,Fijo,19.51500688,-99.1379265,2010-07
786594,09006622112000067000000000U8,HOSPITAL GENERAL DE ZONA 2A TRONCOSO,SECRETARIA DE SALUD ,622112,Hospitales generales del sector público,251 y más personas,VIADUCTO,RIO DE LA PIEDAD,EJE VIAL,3 ORIENTE (AZUCAR),CALLE,AÑIL,VIADUCTO,RIO DE LA PIEDAD,507.0,,,,,,COLONIA,GRANJAS MEXICO,,,,8400.0,9,Ciudad de México,6,Iztacalco,1,Iztacalco                                                                                                     ,0132,17,5556500276.0,,,Fijo,19.40590164,-99.11217359,2010-07
793574,09007622112000197000000000U1,HOSPITAL GENERAL DE ZONA 47. VICENTE GUERRERO,INSTITUTO MEXICANO DEL SEGURO SOCIAL IMSS ,622112,Hospitales generales del sector público,251 y más personas,AVENIDA,MANZANA O EDIFICACION CONTIGUA,PERIFERICO,CANAL DE SAN JUAN,CALLE,COMBATE DE CELAYA,CALLE,COMBATE DE CELAYA,0.0,SN,,,,,COLONIA,UNIDAD VICENTE GUERRERO,,,,9200.0,9,Ciudad de México,7,Iztapalapa,1,Iztapalapa                                                                                                    ,1049,15,,,WWW.IMSS.GOB.MX,Fijo,19.35767118,-99.05386713,2010-07
682372,09002622112000157000000000U6,HOSPITAL GENERAL DE ZONA CON UNIDAD DE ATENCION MEDICA AMBULATORIA NUMERO 48 SAN PEDRO XALPA,INSTITUTO MEXICANO DEL SEGURO SOCIAL ,622112,Hospitales generales del sector público,251 y más personas,CALLE,ELPIDIO CORTEZ,CALLE,FRANCISCO BERTANI,CALLE,MANUEL BOUCHE,CALLE,MANUEL BOUCHE,0.0,SN,,,0.0,,COLONIA,AMPLIACION SAN PEDRO XALPA,,,,2719.0,9,Ciudad de México,2,Azcapotzalco,1,Azcapotzalco                                                                                                  ,0631,24,5526292190.0,EDUARDO.ESPINO@IMSS.GOB.MX,,Fijo,19.48200276,-99.21326455,2014-12
6469863,09005621112000227000000000U1,HOSPITAL GENERAL DE ZONA MEDICINA FAMILIAR NUMERO 29,INSTITUTO MEXICANO DEL SEGURO SOCIAL ,622112,Hospitales generales del sector público,251 y más personas,EJE VIAL,4 NORTE AVENIDA 510,CALLE,EMILIANO ZAPATA,PRIVADA,NINGUNO,CALLE,IGNACIO ALLENDE,110.0,,,,0.0,,COLONIA,PUEBLO SAN JUAN DE ARAGON,,,,7950.0,9,Ciudad de México,5,Gustavo A. Madero,1,Gustavo A. Madero                                                                                             ,2131,9,,,,Fijo,19.46511844,-99.0857393,2016-01
785498,09006622112000047000000000U0,HOSPITAL GENERAL DE ZONA NUMERO 30,INSTITUTO MEXICANO DEL SEGURO SOCIAL ,622112,Hospitales generales del sector público,251 y más personas,EJE VIAL,4 SUR PRESIDENTE PLUTARCO ELIAS CALLES,CALLE,CORREGIDORA,CALLE,PRIMERO DE MAYO,CALLE,ALVARO OBREGON,473.0,,,,,,COLONIA,SANTA ANITA,,,,8300.0,9,Ciudad de México,6,Iztacalco,1,Iztacalco                                                                                                     ,026A,7,5556502055.0,,,Fijo,19.39835249,-99.11755649,2010-07
866124,09015622112000307000000000U9,HOSPITAL GENERAL DE ZONA Y MEDICINA FAMILIAR NO 26,IMSS HOSPITAL GENERAL DE ZONA Y MEDICINA FAMILIAR NO 26 ,622112,Hospitales generales del sector público,251 y más personas,CALLE,TLAXCALA,CALLE,CHILPANCINGO,AVENIDA,INSURGENTES SUR,CALLE,AGUASCALIENTES,165.0,,,,0.0,,COLONIA,HIPODROMO,,,,6100.0,9,Ciudad de México,15,Cuauhtémoc,1,Cuauhtémoc                                                                                                    ,1341,3,5552868000.0,,,Fijo,19.40680268,-99.16935102,2010-07
1038046,09010622112000107000000000U4,HOSPITAL GENERAL DOCTOR ENRIQUE CABRERA,SECRETARIA DE SALUD DEL GOBIERNO DE LA CDMX ,622112,Hospitales generales del sector público,251 y más personas,CALLE,PROLONGACION 5 DE MAYO,AVENIDA,CENTENARIO,CALLE,6,OTRO(ESPECIFIQUE),MANZANA O EDIFICACION CONTIGUA,3170.0,,,,,,COLONIA,EXHACIENDA DE TARANGO,,,,1620.0,9,Ciudad de México,10,Álvaro Obregón,1,Álvaro Obregón                                                                                                ,2288,32,,,,Fijo,19.36166345,-99.22334074,2010-07
10388918,09011622112000067000000000U8,HOSPITAL GENERAL DOCTORA MATILDE PETRA MONTOYA LAFRAGUA,GOBIERNO ,622112,Hospitales generales del sector público,251 y más personas,CALLE,HEBERTO CASTILLO,CALLE,CANAL DE CHALCO,AVENIDA,LA TURBA,CALLE,CALZADA GUILLERMO PRIETO,216.0,,,,,,COLONIA,LA DRAGA,,,,13200.0,9,Ciudad de México,11,Tláhuac,1,Tláhuac                                                                                                       ,1376,35,,,WWW.ISSSTE.GOB.MX,Fijo,19.28037841,-99.0504448,2024-11
1026259,09010622112000117000000000U3,HOSPITAL GENERAL DR FERNANDO QUIROZ GUTIERREZ,INSTITUTO DE SEGURIDAD Y SERVICIOS SOCIALES DE LOS TRABAJADORES DEL ESTADO ,622112,Hospitales generales del sector público,51 a 100 personas,CALLE,GENERAL FELIPE ANGELES,CALLE,CANARIO,CALLE,SUR 112,CALLE,DIVISION DEL NORTE,120.0,,,,0.0,,COLONIA,BELLAVISTA,,,,1140.0,9,Ciudad de México,10,Álvaro Obregón,1,Álvaro Obregón                                                                                                ,1773,12,5555159348.0,,,Fijo,19.39487515,-99.19398953,2014-12
859391,09012622112000167000000000U4,HOSPITAL GENERAL DR MANUEL GEA GONZALEZ,SECRETARIA DE SALUD ,622112,Hospitales generales del sector público,251 y más personas,CALZADA,CALZADA DE TLALPAN,CALZADA,CALZADA DE TLALPAN,AVENIDA,SAN FERNANDO,CALLE,CASINO CASAHONDA,0.0,SN,,,,,COLONIA,BELISARIO DOMINGUEZ SECCION XVI,,,,14080.0,9,Ciudad de México,12,Tlalpan,1,Tlalpan                                                                                                       ,0426,7,,RICARDO.SORIANO@SALUD.GOB.MX,,Fijo,19.29072834,-99.16135063,2010-07
845805,09016622112000107000000000U1,HOSPITAL GENERAL DR RUBEN LEÑERO,SECRETARIA DE SALUD DE LA CIUDAD DE MEXICO ,622112,Hospitales generales del sector público,251 y más personas,CALLE,SALVADOR DIAZ MIRON,CALLE,PRIVADA DIAZ MIRON,CALLE,PLAN DE SAN LUIS,CALLE,MANUEL CARPIO,0.0,SN,,,,,COLONIA,UN HOGAR PARA NOSOTROS,,,,11340.0,9,Ciudad de México,16,Miguel Hidalgo,1,Miguel Hidalgo                                                                                                ,0088,2,,,,Fijo,19.45095241,-99.1691663,2010-07
828296,09007622112000207000000000U8,HOSPITAL GENERAL IZTAPALAPA JUAN RAMON DE LA FUENTE,SECRETARIA DE SALUD DE LA CIUDAD DE MEXICO ,622112,Hospitales generales del sector público,251 y más personas,EJE VIAL,8 SUR CALZADA ERMITA IZTAPALAPA,CALLE,REFORMA A LA SALUD,CALLE,REFORMA AERONAUTICA,CALLE,REFORMA AERONAUTICA,3018.0,,,,,,COLONIA,REFORMA POLITICA,,,,9730.0,9,Ciudad de México,7,Iztapalapa,1,Iztapalapa                                                                                                    ,4999,16,,HGIZTAPALAPA.SEA2019@GMAIL.COM,,Fijo,19.34431492,-99.0274321,2010-07
6430445,09007622112000177000000000U3,HOSPITAL GENERAL JOSE MARIA MORELOS Y PAVON,HOSPITAL GENERAL JOSE MARIA MORELOS Y PAVON ,622112,Hospitales generales del sector público,251 y más personas,AVENIDA,CONGRESO DE CHILPANCINGO SUR,PEATONAL,NINGUNO,CALLE,CHILPANCINGO NORTE,AVENIDA,CONGRESO DE CHILPANCINGO NORTE,0.0,SN,,,,,UNIDAD HABITACIONAL,ERMITA ZARAGOZA,,,,9180.0,9,Ciudad de México,7,Iztapalapa,1,Iztapalapa                                                                                                    ,2494,24,5557321715.0,,,Fijo,19.36375954,-98.99507083,2010-07
798082,09005622112000177000000000U7,HOSPITAL GENERAL LA VILLA,HOSPITAL GENERAL LA VILLA ,622112,Hospitales generales del sector público,251 y más personas,EJE VIAL,5 NORTE CALZADA SAN JUAN DE ARAGON,AVENIDA,SAN JUAN,CALLE,ANZAR,CALLE,PELICANO,285.0,,,,,,COLONIA,EDUARDO MOLINA,,,,7470.0,9,Ciudad de México,5,Gustavo A. Madero,1,Gustavo A. Madero                                                                                             ,1646,6,5555770596.0,,,Fijo,19.48086774,-99.10323889,2010-07
873241,09009622112000075000000000U5,HOSPITAL GENERAL MILPA ALTA,SECRETARIA DE SALUD DE LA CIUDAD DE MEXICO ,622112,Hospitales generales del sector público,251 y más personas,CALLE,BOULEVARD JOSE LOPEZ PORTILLO,CALLE,NUEVO LEON,CALLE,CERRADA TECOXPA,CALLE,TECOXPA,386.0,,,,0.0,,PUEBLO,SAN FRANCISCO TECOXPA,,,,12700.0,9,Ciudad de México,9,Milpa Alta,17,San Francisco Tecoxpa                                                                                         ,0365,18,,DGA.HGMILPAALTA.CEA@GMAIL.COM,,Fijo,19.20021209,-99.01087577,2010-07
980542,09003931810000051010000000U4,HOSPITAL GENERAL NAVAL DE ALTA ESPECIALIDAD,,622112,Hospitales generales del sector público,0 a 5 personas,CALZADA,CALZADA DE LA VIRGEN,EJE VIAL,2 ORIENTE (HEROICA ESCUELA NAVAL MILITAR),CALLE,RAMON RIVERA FERNANDEZ,AVENIDA,SANTA ANA,701.0,,,,0.0,,COLONIA,PRESIDENTES EJIDALES,,,,4470.0,9,Ciudad de México,3,Coyoacán,1,Coyoacán                                                                                                      ,1707,9,,,WWW.SEMART.GOB.MX,Fijo,19.32244076,-99.12579706,2011-03
959824,09014622112000107000000000U6,HOSPITAL GENERAL REGIONAL 01 GABRIEL MANCERA,INSTITUTO MEDICO DEL SEGURO SOCIAL ,622112,Hospitales generales del sector público,101 a 250 personas,EJE VIAL,2 PONIENTE GABRIEL MANCERA,EJE VIAL,4 SUR (XOLA),CALLE,PEDRO ROMERO DE TERREROS,CALLE,NICOLAS SAN JUAN,222.0,,,,,,COLONIA,DEL VALLE NORTE,,,,3103.0,9,Ciudad de México,14,Benito Juárez,1,Benito Juárez                                                                                                 ,0257,28,,,,Fijo,19.39615108,-99.16171423,2010-07
911607,09003621114000077010000000U1,HOSPITAL GENERAL REGIONAL NUMERO 32,INSTITUTO MEXICANO DEL SEGURO SOCIAL ,622112,Hospitales generales del sector público,251 y más personas,CALZADA,CALZADA DEL HUESO,CALLE,RANCHO MIRADORES,CALLE,NINGUNO,CALZADA,CALZADA DE LAS BOMBAS,0.0,SN,,,,,COLONIA,EX HACIENDA SANTA URSULA COAPA,,,,14310.0,9,Ciudad de México,3,Coyoacán,1,Coyoacán                                                                                                      ,168A,1,,GILDARDO.CANO@IMSS.GOB.MX,WWW.IMSS.GOB.MX,Fijo,19.30684389,-99.13114435,2014-12
753030,09016622112000015000000000U6,HOSPITAL GENERAL TACUBA,INSTITUTO DE SEGURIDAD Y SERVICIOS SOCIALES DE LOS TRABAJADORES DEL ESTADO ,622112,Hospitales generales del sector público,251 y más personas,CALLE,LAGO ONTARIO,CALLE,GOLFO DE ADEN,PRIVADA,GOLFO DE SAN LORENZO,CALLE,FELIPE CARRILLO PUERTO,119.0,,,,0.0,,COLONIA,TACUBA,,,,11410.0,9,Ciudad de México,16,Miguel Hidalgo,1,Miguel Hidalgo                                                                                                ,0143,3,,,,Fijo,19.45442256,-99.19123873,2010-07
946620,09011622112000057000000000U9,HOSPITAL GENERAL TLAHUAC DOCTORA,OPD IMSS-BIENESTAR ,622112,Hospitales generales del sector público,251 y más personas,AVENIDA,LA TURBA,CALLE,GABRIELA MISTRAL,AVENIDA,LANGOSTA,CALLE,RAMON LOPEZ VELARDE,655.0,,,,0.0,,COLONIA,VILLA CENTROAMERICANA I,,,,13250.0,9,Ciudad de México,11,Tláhuac,1,Tláhuac                                                                                                       ,1056,1,5558501011.0,,,Fijo,19.28762075,-99.05173133,2014-12
1056634,09012622112000021000000000U3,HOSPITAL GENERAL TOPILEJO,MARTHA PATRICIA MANCILLA VILLEDA ,622112,Hospitales generales del sector público,251 y más personas,CALLE,NINGUNO,PRIVADA,INDEPENDENCIA,CALLE,MOCTEZUMA,CALLE,SANTA CRUZ,0.0,SN,,,0.0,SN,PUEBLO,SAN MIGUEL TOPILEJO,,,,14500.0,9,Ciudad de México,12,Tlalpan,27,San Miguel Topilejo                                                                                           ,2032,26,,,,Fijo,19.19897679,-99.14151977,2010-07
1009976,09012622112000116000000000U1,HOSPITAL GENERAL TORRE MEDICA TEPEPAN,HOSPITAL GENERAL TORRE MEDICA TEPEPAN ,622112,Hospitales generales del sector público,101 a 250 personas,CALLE,JOYA,PRIVADA,NINGUNO,CALLE,MARIANO ABASOLO,CALLE,MARIANO ABASOLO,0.0,SN,,,,,COLONIA,VALLE ESCONDIDO,,,,14600.0,9,Ciudad de México,12,Tlalpan,1,Tlalpan                                                                                                       ,1068,2,,TORREMEDICATEPEPAN@YAHOO.COM.MX,,Fijo,19.27645406,-99.14413242,2010-07
1052227,09010622112000086000000000U0,HOSPITAL GRANERAL DE ZONA CON MEDICINA FAMILIAR NUM 8 GILBERTO FLORES IZQUIERDO,GOBIERNO ,622112,Hospitales generales del sector público,251 y más personas,EJE VIAL,10 SUR RIO MAGDALENA,CALLE,RAMON CORONA,CALLE,MELCHOR OCAMPO,CALLE,CUAUHTEMOC,289.0,,,,289.0,,COLONIA,TIZAPAN SAN ANGEL,,,,1090.0,9,Ciudad de México,10,Álvaro Obregón,1,Álvaro Obregón                                                                                                ,1241,5,,LEONARDO.HERNANDEZM@IMSS.GOB.MX,,Fijo,19.33637322,-99.20065427,2010-07
6317051,09015622311000635002000000U1,HOSPITAL INFANTIL DOLORES SANZ,FUNDACION DOLORES SANZ DE LA VIE,622311,Hospitales del sector privado de otras especialidades médicas,31 a 50 personas,CALLE,ESTRELLA,CALLE,SOTO,CALLE,ZARCO,CALLE,SIRIO,22.0,,,,,,COLONIA,GUERRERO,,,,6300.0,9,Ciudad de México,15,Cuauhtémoc,1,Cuauhtémoc                                                                                                    ,0517,2,,GARREOLA@FDSANZ.ORG,,Fijo,19.4496718,-99.14308348,2010-07
818446,09007622111000062000000000U9,HOSPITAL JOSE MAGNOLIA,HOSPITAL JOSE MAGNOLIA SA,622111,Hospitales generales del sector privado,31 a 50 personas,CALLE,EDUARDO MAGOR MAGNOLIAS,CALLE,CAMINO VIEJO REAL A SAN FRANCISCO,AVENIDA,DEL ROSAL,CALLE,JUAN PEDRO MARTINEZ (MARGARITAS),0.0,SN,,,,,COLONIA,LOS ANGELES,,,,9830.0,9,Ciudad de México,7,Iztapalapa,1,Iztapalapa                                                                                                    ,1424,10,,,,Fijo,19.34451467,-99.06929516,2010-07
846670,09005622112000217000000000U1,HOSPITAL JUAREZ DE MEXICO,HOSPITAL JUAREZ DE MEXICO ,622112,Hospitales generales del sector público,251 y más personas,AVENIDA,INSTITUTO POLITECNICO NACIONAL,CALLE,LICENCIADO JOSE URBANO FONSECA,EJE VIAL,4 NORTE (AVENIDA FORTUNA),AVENIDA,HOSPITAL JUAREZ (NORTE 1C),5160.0,,,,,,COLONIA,MAGDALENA DE LAS SALINAS,,,,7760.0,9,Ciudad de México,5,Gustavo A. Madero,1,Gustavo A. Madero                                                                                             ,1256,2,5557477560.0,MATV74@HOTMAIL.COM,WWW.HOSPITALJUAREZ.SALUD.GOB.MX,Fijo,19.48164542,-99.13547699,2010-07
910098,09003622111000126001024828S1,HOSPITAL MAC PERIFERICO SUR,CENTRO HOSPITALARIO MAC SA DE CV,622111,Hospitales generales del sector privado,101 a 250 personas,PERIFERICO,BOULEVARD ADOLFO RUÍZ CORTINES,CALLE,NINGUNO,CALLE,NINGUNO,AVENIDA,PANAMERICANA,5246.0,,HOSPITAL MAC,PISO 3,,,COLONIA,PEDREGAL DE CARRASCO,EDIFICIO COMERCIAL Y DE SERVICIOS,HOSPITAL SEDNA,3,4700.0,9,Ciudad de México,3,Coyoacán,1,Coyoacán                                                                                                      ,1798,33,,,WWW.HOSPITALESMAC.COM,Fijo,19.30312065,-99.17402162,2014-12
642262,09005622312000026000000000U2,HOSPITAL MATERNO INFANTIL CUAUTEPEC SSGDF,SECRETARIA DE SALUD DE LA CIUDAD DE MEXICO LUIS ANTONIO MARTINEZ ESTRADA ,622312,Hospitales del sector público de otras especialidades médicas,251 y más personas,AVENIDA,EMILIANO ZAPATA,CALLE,CERRADA GABRIEL GUERRA,CALLE,PARAISO,CALLE,RAFAEL RAMIREZ,0.0,SN,,,0.0,,COLONIA,ZONA ESCOLAR ORIENTE,,,,7230.0,9,Ciudad de México,5,Gustavo A. Madero,1,Gustavo A. Madero                                                                                             ,0192,20,,HMICUAUTEPEC@HOTMAIL.COM,,Fijo,19.53908565,-99.14092556,2010-07
846498,09002622312000015000000000U2,HOSPITAL MATERNO INFANTIL DR NICOLAS CEDILLO,GOBIERNO CIUDAD DE MEXICO ,622312,Hospitales del sector público de otras especialidades médicas,251 y más personas,CALLE,GUSTAVO J GARMENDIA,CALLE,VICTOR HERNANDEZ COVARRUBIAS,CALLE,CERRADA DOROTEO ARANGO,CALLE,DOROTEO ARANGO,0.0,SN,,,0.0,,COLONIA,FRANCISCO VILLA,,,,2420.0,9,Ciudad de México,2,Azcapotzalco,1,Azcapotzalco                                                                                                  ,0970,13,5553940536.0,,WWW.SALUD.CDMX.GOB.COM,Fijo,19.4981721,-99.20330324,2010-07
644189,09017622112000077000063089S4,HOSPITAL MATERNO INFANTIL INGUARAN,GOBIERNO DEL DISTRITO FEDERAL ,622112,Hospitales generales del sector público,251 y más personas,CALLE,ESTAÑO,CALLE,SORPRESA,CALLE,FRESNILLO,CALLE,ALUMINIO,0.0,SN,,,,,COLONIA,FELIPE ANGELES,,,,15310.0,9,Ciudad de México,17,Venustiano Carranza,1,Venustiano Carranza                                                                                           ,0047,3,,,,Fijo,19.45242197,-99.11317021,2010-07
1020750,09008622112000067000000000U4,HOSPITAL MATERNO INFANTIL MAGDALENA CONTRERAS,SECRETARIA DE SALUD DEL GOBIERNO DEL DF ,622112,Hospitales generales del sector público,251 y más personas,AVENIDA,LUIS CABRERA,CALLE,PRESA REVENTADA,AVENIDA,SANTIAGO,CALLE,IGLESIA,619.0,,,,0.0,,COLONIA,SAN JERONIMO LIDICE,,,,10200.0,9,Ciudad de México,8,La Magdalena Contreras,1,La Magdalena Contreras                                                                                        ,0160,5,5556835108.0,,WWW.SECRETARIADESALUDDELACDMX.GOB.MX,Fijo,19.31928692,-99.23909925,2010-07
958247,09011622312000017000000000U9,HOSPITAL MATERNO INFANTIL TLAHUAC,SECRETARIA DE SALUD DEL GOBIERNO DE LA CIUDAD DE MEXICO ,622312,Hospitales del sector público de otras especialidades médicas,251 y más personas,AVENIDA,CALZADA TLAHUAC CHALCO,CALLE,PRIMERA CAMINO REAL,CALLE,NINGUNO,AVENIDA,CALZADA TLAHUAC-CHALCO,0.0,SN,,,,,BARRIO,SAN ANDRES,,,,13099.0,9,Ciudad de México,11,Tláhuac,1,Tláhuac                                                                                                       ,0772,1,5558423601.0,,,Fijo,19.2653467,-98.99756465,2010-07
994953,09013622312000017000000000U5,HOSPITAL MATERNO PEDIATRICO XOCHIMILCO,SERVICIOS DE SALUD DEL INSTITUTO MEXICANO DEL SEGURO SOCIAL PARA EL BIENESTAR ,622312,Hospitales del sector público de otras especialidades médicas,251 y más personas,CALLE,CAMINO A NATIVITAS,CALLE,FRANCISCO GOYTIA,CALLEJON,NARDO,CALLE,HELIOTROPO,0.0,SN,,,,,BARRIO,XALTOCAN,,,,16090.0,9,Ciudad de México,13,Xochimilco,1,Xochimilco                                                                                                    ,0334,6,5556764993.0,DIRECCIONHMPX@GMAIL.COM,SALUD.DF.GOB.MX,Fijo,19.25496517,-99.10459937,2010-07
6800798,09015621113018343000000000U3,HOSPITAL MEDICA SAN LUIS,MEDILAP SA DE CV,622111,Hospitales generales del sector privado,31 a 50 personas,EJE VIAL,2 A SUR SAN LUIS POTOSI,CALLE,TONALA,CALLE,JALAPA,AVENIDA,YUCATAN,122.0,,,,,,COLONIA,ROMA NORTE,,,,6700.0,9,Ciudad de México,15,Cuauhtémoc,1,Cuauhtémoc                                                                                                    ,1214,2,5510546790.0,ADMINISTRACION@MEDILAP.MX,,Fijo,19.41386972,-99.16033991,2017-11
6323837,09003621113001865001000000U0,HOSPITAL MERLOS,HOSPITAL MERLOS SA DE CV,622111,Hospitales generales del sector privado,31 a 50 personas,CIRCUITO,ESTADIO AZTECA,CALLE,EDUEVAS,CERRADA,CHICARAS,CARRETERA,CHICARAS,179.0,,,,0.0,SN,COLONIA,EL CARACOL,,,,4739.0,9,Ciudad de México,3,Coyoacán,1,Coyoacán                                                                                                      ,1660,6,,SITEMAS@HOSPITALMERLOS.COM.MX,WWW.HOSPITALMERLOS.COM.MX,Fijo,19.30172591,-99.16199609,2010-07
6318945,09015622111000224002003503S8,HOSPITAL METROPOLITANO,OPERADORA DE HOSPITALES ANGELES SA DE CV,622111,Hospitales generales del sector privado,251 y más personas,CALLE,TLACOTALPAN,CALLE,TLAXCALA,CALLE,TEPIC,CERRADA,TLAXCALA,59.0,,,,,,COLONIA,ROMA SUR,"TIANGUIS, BAZAR O PULGA",HOSPITAL ANGELES,SN,6760.0,9,Ciudad de México,15,Cuauhtémoc,1,Cuauhtémoc                                                                                                    ,1356,17,,FISCALGASS@SALUDANGELES.MX,WWW.HOSPITALANGLES.COM,Fijo,19.40675602,-99.16663908,2010-07
760420,09016931810000391010000000U6,HOSPITAL MILITAR DE ESPECIALIDADES DE LA MUJER Y NEONATOLOGIA,SECRETARIA DE LA DEFENSA NACIONAL ,622312,Hospitales del sector público de otras especialidades médicas,251 y más personas,AVENIDA,INDUSTRIA MILITAR,BOULEVARD,PIPILA,PERIFERICO,BOULEVARD MANUEL AVILA CAMACHO,AVENIDA,INDUSTRIA MILITAR,0.0,SN,,,,,COLONIA,LOMAS DE SOTELO,,,,11610.0,9,Ciudad de México,16,Miguel Hidalgo,1,Miguel Hidalgo                                                                                                ,0514,1,,CEM@WEBMAIL.SEDENA.GOB.MX,WWW.SEDENA.GOB.MX,Fijo,19.4391981,-99.21845202,2011-03
11132102,09016622312000036000000000U8,HOSPITAL MILITAR DE ESPECIALIDADES OFTALMOLOGICAS,HOSPITAL GENERAL DE ESPECIALIDADES OFTANMOLOGICAS ,622312,Hospitales del sector público de otras especialidades médicas,101 a 250 personas,CALLE,ELECTRIFICACION,PERIFERICO,BOULEVARD ADOLFO LOPEZ MATEOS (FERROCARRIL DE CUERNAVACA),AVENIDA,CONSTITUYENTES,AVENIDA,CONSTITUYENTES,240.0,,,,,,COLONIA,AMPLIACION DANIEL GARZA,,,,11580.0,9,Ciudad de México,16,Miguel Hidalgo,1,Miguel Hidalgo                                                                                                ,0798,71,,,,Fijo,19.4120643,-99.19281741,2024-11
897510,09015621114000057010000000U7,HOSPITAL NACIONAL HOMEOPATICO,HOSPITAL NACIONAL HOMEOPATICO ,622112,Hospitales generales del sector público,251 y más personas,CALLE,CHIMALPOPOCA,CALLE,5 DE FEBRERO,CALZADA,SAN ANTONIO ABAD,CALLE,LUCAS ALAMAN,135.0,,,,0.0,,COLONIA,CENTRO,,,,6080.0,9,Ciudad de México,15,Cuauhtémoc,1,Cuauhtémoc                                                                                                    ,1055,7,,INAIHNH@SALUD.GOB.MX,WWW.HNH.GOB.MX,Fijo,19.4223706,-99.1355001,2014-12
6430703,09010622211000031011000000U6,HOSPITAL OMI CEDROS,OPERADORA MEDICA INTEGRAL SA DE CV,622112,Hospitales generales del sector público,11 a 30 personas,AVENIDA,VITO ALESSIO ROBLES,CALLE,TECOYOTITLA,CALLE,LOMBARDO TOLEDANO,CALLE,COMUNAL,23.0,,,,0.0,,COLONIA,COMUNAL CHIMALISTAC,,,,1050.0,9,Ciudad de México,10,Álvaro Obregón,1,Álvaro Obregón                                                                                                ,1133,33,5556612830.0,,WWW.HOSPITALOMICEDROS.COM.MX,Fijo,19.35069122,-99.18546583,2010-07
766915,09005622111000011001000000U0,HOSPITAL PAJEOS,,622111,Hospitales generales del sector privado,0 a 5 personas,CALLE,312,CALLE,317,CALLE,315,CALLE,310,0.0,SN,,,83.0,,COLONIA,NUEVA ATZACOALCO,,,,7550.0,9,Ciudad de México,5,Gustavo A. Madero,1,Gustavo A. Madero                                                                                             ,1025,1,5557693937.0,,,Fijo,19.49864981,-99.08543899,2010-07
648865,09002622312000046000061107S7,HOSPITAL PEDIATRICO,GOBIERNO DE LA CIUDAD DE MEXICO ,622312,Hospitales del sector público de otras especialidades médicas,251 y más personas,AVENIDA,AZCAPOTZALCO,CALLE,CASTILLA ORIENTE,CALLE,NUEVA JERUSALEN,AVENIDA,22 DE FEBRERO,731.0,,,,,,COLONIA,AZCAPOTZALCO CENTRO,,,,2008.0,9,Ciudad de México,2,Azcapotzalco,1,Azcapotzalco                                                                                                  ,0311,5,,DGA.HPAZCAPOTZALCO.CEA@GMAIL.COM,SALUD.DF.GOB.MX,Fijo,19.48430049,-99.18565552,2010-07
1014481,09003622312000017000000000U6,HOSPITAL PEDIATRICO COYOACAN,SECRETARIA DE SALUD ,622312,Hospitales del sector público de otras especialidades médicas,251 y más personas,CALLE,MOCTEZUMA,PRIVADA,SEGUNDO RETORNO MOCTEZUMA,AVENIDA,MIGUEL ANGEL DE QUEVEDO,CALLE,AURORA,18.0,,,,0.0,,COLONIA,BARRIO DE SANTA CATARINA,,,,4010.0,9,Ciudad de México,3,Coyoacán,1,Coyoacán                                                                                                      ,0126,3,,JUDMEDHPC@GMAIL.COM,,Fijo,19.34550334,-99.16771903,2010-07
658242,09017622312000017000000000U6,HOSPITAL PEDIATRICO INFANTIL,SECRETARIA DE SALUD DEL GOBIERNO DEL DISTRITO FEDERAL ,622312,Hospitales del sector público de otras especialidades médicas,251 y más personas,CALLE,ORIENTE 158,CALLE,NORTE 21,CALLE,CALLE DEL MERCADO,CALLE,ORIENTE 164,189.0,,,,1.0,,COLONIA,MOCTEZUMA SEGUNDA SECCION,,,,15530.0,9,Ciudad de México,17,Venustiano Carranza,1,Venustiano Carranza                                                                                           ,055A,26,5555714027.0,,,Fijo,19.4328416,-99.09822429,2010-07
657360,09007621114000057010000000U4,HOSPITAL PEDIATRICO INFANTIL DE IZTAPALAPA,SECRETARIA DE SALUD DE LA CIUDAD DE MEXICO ,622112,Hospitales generales del sector público,251 y más personas,EJE VIAL,8 SUR CALZADA ERMITA IZTAPALAPA,CALLE,TERCER ANILLO DE CIRCUNVALACION,AVENIDA,AÑO DE JUAREZ,CALLE,2,780.0,,,,,SN,COLONIA,GRANJAS SAN ANTONIO,,,,9070.0,9,Ciudad de México,7,Iztapalapa,1,Iztapalapa                                                                                                    ,0727,4,,DIRECCIONHPIZTAPALAPA@GMAIL.COM,,Fijo,19.35630305,-99.10725808,2010-07
6496461,09016622311000216000000000U8,HOSPITAL PEDIATRICO LEGARIA,ADMINISTRACION PUBLICA DEL GOBIERNO DEL DISTRITO FEDERAL ,622312,Hospitales del sector público de otras especialidades médicas,251 y más personas,CALZADA,LEGARIA,CALZADA,LEGARIA,CALZADA,SANTA CRUZ CACALCO,CALLE,NINGUNO,371.0,,,,,,COLONIA,MEXICO NUEVO,,,,11260.0,9,Ciudad de México,16,Miguel Hidalgo,1,Miguel Hidalgo                                                                                                ,0247,3,5550827642.0,DGA.HPLEGARIA.CEA@GMAIL.COM,WWW.SALUD.DF.GOB.MX,Fijo,19.45071195,-99.20294416,2016-01
1059860,09015622312000027001000000U9,HOSPITAL PEDIATRICO PERALVILLO,SECRETARIA DE SALUD DEL GOBIERNO DE LA CIUDAD DE MEXICO ,622312,Hospitales del sector público de otras especialidades médicas,101 a 250 personas,CALLE,TOLNAHUAC,CALLE,PROLONGACION FRANCISCO ZARCO,CALZADA,VALLEJO,CALLE,TOLNAHUAC,14.0,,,,0.0,,COLONIA,PERALVILLO,,,,6220.0,9,Ciudad de México,15,Cuauhtémoc,1,Cuauhtémoc                                                                                                    ,0080,10,5555833823.0,,,Fijo,19.4600794,-99.14133596,2010-07
806825,09005622312000057000000000U7,HOSPITAL PEDIATRICO SAN JUAN DE ARAGON PRIMERA SECCION,SECRETARIA DE SALUD DE LA CIUDAD DE MEXICO ,622312,Hospitales del sector público de otras especialidades médicas,251 y más personas,CALLE,PRIMERA CERRADA AVENIDA 517,CALLE,AVENIDA 517,CALLE,AVENIDA 521,EJE VIAL,3 NORTE (AVENIDA 506),0.0,SN,,,,,COLONIA,SAN JUAN DE ARAGON 1RA SECCION,,,,7969.0,9,Ciudad de México,5,Gustavo A. Madero,1,Gustavo A. Madero                                                                                             ,224A,29,,,,Fijo,19.45811242,-99.09238348,2010-07
846568,09016622312000026000063089S9,HOSPITAL PEDIATRICO TACUBAYA,GOBIERNO DEL DISTRITO FEDERAL ,622312,Hospitales del sector público de otras especialidades médicas,251 y más personas,CALLE,ARQUITECTO CARLOS LAZO,CALLE,ARQUITECTO LUIS RUIZ,CALLE,GAVIOTA,AVENIDA,OBSERVATORIO,25.0,,,,0.0,SN,COLONIA,TACUBAYA,,,,11860.0,9,Ciudad de México,16,Miguel Hidalgo,1,Miguel Hidalgo                                                                                                ,1156,8,,,WWW.SALUD.CDMX.GOB.MX,Fijo,19.40241501,-99.19102399,2010-07
786781,09005622312000047000000000U8,HOSPITAL PEDIATRICO VILLA,SECRETARIA DE SALUD DEL GOBIERNO DE LA CIUDAD DE MEXICO ,622312,Hospitales del sector público de otras especialidades médicas,251 y más personas,CALLE,HIDALGO,AVENIDA,CANTERA,OTRO(ESPECIFIQUE),MANZANA O EDIFICACION CONTIGUA,CALLE,ALLENDE,0.0,SN,,,,,COLONIA,VILLA GUSTAVO A MADERO,,,,7050.0,9,Ciudad de México,5,Gustavo A. Madero,1,Gustavo A. Madero                                                                                             ,1275,1,5557812103.0,DGA.HPLAVILLA.CEA@GMAIL.COM,,Fijo,19.48717529,-99.11407319,2010-07
835990,09007622111000193000000000U2,HOSPITAL POLICLINICA LUCANO,HOSPITAL POLICLINICA LUCANO SA DE CV,622111,Hospitales generales del sector privado,11 a 30 personas,AVENIDA,JOSE CLEMENTE OROZCO,AVENIDA,TLAHUAC,CALLE,FRANCISCO ALVAREZ DEL CASTILLO,CALLE,FRANCISCO ALVAREZ DEL CASTILLO,3.0,,,,,,COLONIA,BARRIO DE GUADALUPE,,,,9900.0,9,Ciudad de México,7,Iztapalapa,1,Iztapalapa                                                                                                    ,3897,16,5558638883.0,HOSPITALPOLICLINICALUCANO@YAHOO.COM.MX,,Fijo,19.31408483,-99.07152408,2010-07
858125,09012622212000016000000000U1,HOSPITAL PSIQUIATRICO,SEGURO SOCIAL ,622212,Hospitales psiquiátricos y para el tratamiento por adicción del sector público,251 y más personas,AVENIDA,SAN FERNANDO,CERRADA,NINGUNO,CALLE,TETITLA,CALLE,TLALAYOTE,201.0,,,,,,COLONIA,TORIELLO GUERRA,,,,14070.0,9,Ciudad de México,12,Tlalpan,1,Tlalpan                                                                                                       ,0144,8,5556068323.0,,,Fijo,19.29487135,-99.17443084,2010-07
858475,09012622312000027000000000U6,HOSPITAL PSIQUIATRICO FRAY BERNARDINO ALVAREZ,SECRETARIA DE SALUD FEDERAL ,622312,Hospitales del sector público de otras especialidades médicas,251 y más personas,CALLE,NIÑO JESUS,CALLE,NIÑO JESUS,AVENIDA,SAN FERNANDO,CALZADA,VIADUCTO TLALPAN,2.0,,,,,,COLONIA,NIÑO DE JESUS,,,,14080.0,9,Ciudad de México,12,Tlalpan,1,Tlalpan                                                                                                       ,0962,8,5550621600.0,HOSP.FRAYCALIDAD@YAHOO.COM.MX,WWW.GOB.MX,Fijo,19.28860576,-99.16109147,2010-07
859373,09012622212000037000000000U7,HOSPITAL PSIQUIATRICO INFANTIL DR JUAN N NAVARRO,SECRETARIA DE SALUD HOSPITAL PSIQUIATRICO INFANTIL DR JUAN N NAVARRO ,622212,Hospitales psiquiátricos y para el tratamiento por adicción del sector público,251 y más personas,AVENIDA,SAN FERNANDO,CALLE,VASCO DE QUIROGA,CALLE,CASINO CASAHONDA,CALLE,8 (LUIS ESPINOZA),86.0,,,,,,COLONIA,BELISARIO DOMINGUEZ,,,,14080.0,9,Ciudad de México,12,Tlalpan,1,Tlalpan                                                                                                       ,0426,6,5548664955.0,,WWW.GOB.MXSALUD.SAP,Fijo,19.28852989,-99.15963839,2010-07
996484,09010622112000045000000000U6,HOSPITAL REGIONAL DE ALTA ESPECIALIDAD LIC. ADOLFO LOPEZ MATEOS,HOSPITAL REGIONAL DE ALTA ESPECIALIDAD LIC. ADOLFO LOPEZ MATEOS ,622112,Hospitales generales del sector público,251 y más personas,AVENIDA,UNIVERSIDAD,CALLE,INDUSTRIA,CIRCUITO,INTERIOR (AVENIDA RIO MIXCOAC),CALLE,INDUSTRIA,1321.0,,,,,,COLONIA,PUEBLO DE AXOTLA,,,,1030.0,9,Ciudad de México,10,Álvaro Obregón,1,Álvaro Obregón                                                                                                ,1006,2,,ATN.HLM@ISSSTE.GOB.MX,,Fijo,19.35891538,-99.17214846,2010-07
11257863,09003622112000117000000000U8,HOSPITAL REGIONAL NUM 2,GOBIERNO CDMX ,622112,Hospitales generales del sector público,251 y más personas,CALZADA,CALZADA DE LAS BOMBAS,CALLE,NINGUNO,CALLE,RANCHO MIRADORES,CALZADA,CALZADA DEL HUESO,117.0,,,,,,COLONIA,EX HACIENDA SANTA URSULA COAPA,,,,14310.0,9,Ciudad de México,3,Coyoacán,1,Coyoacán                                                                                                      ,168A,1,,,,Fijo,19.30949628,-99.12992776,2024-11
764493,09016622111000122001000000U2,HOSPITAL ROSA DEL TEPEYAC,HOSPITAL ROSA DEL TEPEYAC AC,622111,Hospitales generales del sector privado,31 a 50 personas,AVENIDA,MARINA NACIONAL,CALLE,LAGO TEXCOCO,CALLE,LAGO XOCHIMILCO,CALLE,LAGUNA DE TERMINOS,549.0,,,,0.0,,COLONIA,ANAHUAC,,,,11320.0,9,Ciudad de México,16,Miguel Hidalgo,1,Miguel Hidalgo                                                                                                ,0482,8,,,,Fijo,19.44399344,-99.17904831,2010-07
10903715,09011621111001773000000000S3,HOSPITAL SAME,SAME SMIS SC,622111,Hospitales generales del sector privado,11 a 30 personas,CALLE,JACOBO DE LIEJA,CALLE,AIDA,CALLE,ADRIANA DEL SUR,AVENIDA,LA TURBA,0.0,SN,,,0.0,MZ 24 LT 8,COLONIA,AGRICOLA METROPOLITANA,,,,13280.0,9,Ciudad de México,11,Tláhuac,1,Tláhuac                                                                                                       ,0664,17,5519258881.0,ADMINISTRACIONTLAHUAC@CLINICASAME.COM,WWW.HOSPITALSAME.COM,Fijo,19.29147618,-99.05487213,2024-11
884571,09014622111000153001000000U2,HOSPITAL SAN AGUSTIN,COMITE DE SALUBRIDAD DE MIXCOAC E INSTITUCION DE ASISTENCIA PRIVADA,622111,Hospitales generales del sector privado,11 a 30 personas,CALLE,JEREZ,EJE VIAL,7 SUR (EXTREMADURA),CALLE,VALENCIA,CALLE,MALAGA,51.0,,,,,,COLONIA,INSURGENTES MIXCOAC,,,,3920.0,9,Ciudad de México,14,Benito Juárez,1,Benito Juárez                                                                                                 ,0793,16,5555980297.0,HOSPITALSANAGUSTINMIXCOAC@HOTMAIL.COM,WWW.HOSPITALSANAGUSTINMIXCOAC,Fijo,19.37430076,-99.18182493,2010-07
6315218,09010622111000066001000000U4,HOSPITAL SAN ANGEL INN,OPERADORA SAN ANGEL INN SA DE CV,622111,Hospitales generales del sector privado,251 y más personas,CALLE,MÉXICO,CALLE,GUANAJUATO,CALLE,GUERRERO,CALLE,YUCATÁN,2.0,,HOSPITAL SAN ANGEL INN,PLANTA BAJA,,,COLONIA,PROGRESO TIZAPAN,,,,1090.0,9,Ciudad de México,10,Álvaro Obregón,1,Álvaro Obregón                                                                                                ,1222,30,,FERNANDO.GONGORA@HSAI.COM.MX,WWW.HOSPITALSANANGELIINN.COM,Fijo,19.3403324,-99.20005753,2010-07
6318352,09015622111000307000000000U1,HOSPITAL SAN ANGEL INN CHAPULTEPEC,OPERADORA COYOACAN DE CENTROS DE SALUD SA DE CV,622111,Hospitales generales del sector privado,251 y más personas,AVENIDA,CHAPULTEPEC,CALLE,BURDEOS,CALLE,TOLEDO,CALLE,HAMBURGO,489.0,,,,,,COLONIA,JUAREZ,,,,6600.0,9,Ciudad de México,15,Cuauhtémoc,1,Cuauhtémoc                                                                                                    ,0983,7,,CONTADORGENERAL.CHAP@HSAI.COM.MX,WWW.HOSPITALSANANGELINN.MX/SAN-ANGEL-INN-CHAPULTEPEC,Fijo,19.42160675,-99.17304919,2010-07
8488745,09014622111000271000000000U2,HOSPITAL SAN ANGEL INN DEL VALLE,HSAI CORTA ESTANCIA SA DE CV,622111,Hospitales generales del sector privado,0 a 5 personas,CALLE,MIER Y PESADO,EJE VIAL,4 SUR (XOLA),CALLE,PEDRO ROMERO DE TERREROS,EJE VIAL,3 PONIENTE (AMORES),222.0,,,,0.0,CONSULTORIO 311,COLONIA,DEL VALLE NORTE,,,CONSULTORIO 311,3103.0,9,Ciudad de México,14,Benito Juárez,1,Benito Juárez                                                                                                 ,0242,6,,,,Fijo,19.39626534,-99.16482304,2019-11
6810778,09014622111000267000000000U0,HOSPITAL SAN ANGEL INN PATRIOTISMO,CENTRO HOSPITALARIO PATRIOTISMO SA,622111,Hospitales generales del sector privado,251 y más personas,CIRCUITO,INTERIOR (AVENIDA PATRIOTISMO),CALLE,EMPRESA,CALLE,LUIS CARRACCI,CALLE,POUSSIN,67.0,,"HOSPITAL, CENTRO MEDICO O CLINICA",PISO 1,,,COLONIA,SAN JUAN,"HOSPITAL, CENTRO MEDICO O CLINICA",SAN ANGEL INN PATRIOTISMO,SN,3730.0,9,Ciudad de México,14,Benito Juárez,1,Benito Juárez                                                                                                 ,0702,22,,GRIOS@HSAI.COM.MX,WWW.SANANGELINN.COM.MX,Fijo,19.37647772,-99.18634729,2017-11
6313215,09014622111000186000003239M2,HOSPITAL SAN JOSE,SANATORIO SAN JOSE SA DE CV,622111,Hospitales generales del sector privado,101 a 250 personas,EJE VIAL,2 PONIENTE (GABRIEL MANCERA),CALLE,RODRÍGUEZ SARO,AVENIDA,UNIVERSIDAD,CALLE,RODRÍGUEZ SARO,1802.0,,,,,,COLONIA,DEL VALLE,,,,3100.0,9,Ciudad de México,14,Benito Juárez,1,Benito Juárez                                                                                                 ,0948,8,,INFO@HOSPITALSANJOSE.COM.MX,WWW.HOSPITALSANJOSE.COM.MX,Fijo,19.3640901,-99.1696581,2010-07
6318694,09014622111000031001003239S0,HOSPITAL SAN JOSE,SANATORIO SAN JOSE SA DE CV,622111,Hospitales generales del sector privado,6 a 10 personas,EJE VIAL,2 PONIENTE (GABRIEL MANCERA),CALLE,JOSÉ MARÍA OLLOQUI,CALLE,RODRÍGUEZ SARO,CALLE,LÓPEZ COTILLA,1815.0,,,,301.0,,COLONIA,DEL VALLE,"TIANGUIS, BAZAR O PULGA",SAN JOSE,SN,3100.0,9,Ciudad de México,14,Benito Juárez,1,Benito Juárez                                                                                                 ,0948,7,,INFO@HOSPITALSANJOSE.COM.MX,WWW.HOSPITALSANJOSE.COM.MX,Fijo,19.36365145,-99.16997025,2010-07
960174,09014622311000253001000000U6,HOSPITAL SAN PATRICIO,HOSPITAL DE ESPECIALIDADES SA DE CV,622311,Hospitales del sector privado de otras especialidades médicas,11 a 30 personas,EJE VIAL,1 PONIENTE AVENIDA CUAUHTEMOC,CALLE,LUZ SAVIÑON,CALLE,PEDRO ROMERO DE TERREROS,CALLE,ANAXAGORAS,705.0,,,,,,COLONIA,NARVARTE PONIENTE,,,,3020.0,9,Ciudad de México,14,Benito Juárez,1,Benito Juárez                                                                                                 ,0261,24,,DRRAULBAYOMELEAN@HOTMAIL.COM,WWW.MEDICOSORTOPEDISTAS.COM,Fijo,19.39265427,-99.1563943,2010-07
956585,09015622311000614000000000U6,HOSPITAL SANATORIOS UNIDOS,SANATORIOS UNIDOS SC DE RL DE CV,622311,Hospitales del sector privado de otras especialidades médicas,51 a 100 personas,CALLE,TEHUANTEPEC,EJE VIAL,3 PONIENTE (MEDELLÍN),CALLE,TORREÓN,CALLE,QUINTANA ROO,139.0,,1,PLANTA BAJA,,,COLONIA,ROMA SUR,,,,6760.0,9,Ciudad de México,15,Cuauhtémoc,1,Cuauhtémoc                                                                                                    ,1464,8,,SANATORIOSUNIDOS@HOTMAIL.COM,WWW.SANATORIOSUNIDOS.COM,Fijo,19.40496725,-99.1625559,2010-07
6257846,09014622111000175000000000U5,HOSPITAL SANTA COLETA,HOSPITAL SANTA COLETA SA DE CV,622111,Hospitales generales del sector privado,101 a 250 personas,CALLE,SATURNINO HERRÁN,CALLE,SALOME PIÑA,CALLE,MATEO HERRERA,CALLE,SAGREDO,59.0,,,,,,COLONIA,SAN JOSE INSURGENTES,,,,3900.0,9,Ciudad de México,14,Benito Juárez,1,Benito Juárez                                                                                                 ,090A,16,,CONTAHSC@GMAIL.COM,WWW.HOSPITALSANTACOLETA.COM.MX,Fijo,19.36769415,-99.18642711,2010-07
6309411,09006621111001366002000000U6,HOSPITAL SANTA ROSA,CLINICA MEDICA SANTA ROSA SA,622111,Hospitales generales del sector privado,101 a 250 personas,PERIFERICO,CALLE 7,CALLE,PROFESORA MARÍA EUGENIA BADILLO,CALLE,RETORNO DE LA PROFESORA PERLA MENDOZA BAZ,CALLE,ADOLFO LÓPEZ MATEOS,104.0,,,,0.0,SN,COLONIA,AGRICOLA PANTITLAN,,,,8100.0,9,Ciudad de México,6,Iztacalco,1,Iztacalco                                                                                                     ,0109,40,,C.DELANGEL@HSR.COM.MX,WWW.HOSPITALSANTAROSA.COM.MX,Fijo,19.40422096,-99.05788504,2010-07
655416,09005622111000122001000000U5,HOSPITAL SANTIAGO APOSTOL,,622111,Hospitales generales del sector privado,0 a 5 personas,AVENIDA,CUAUTEPEC,CALLE,RAMON NOVARRO,CALLE,JOAQUIN PARDAVE,CALLE,AMANDA DEL LLANO,32.0,,,,0.0,,COLONIA,JORGE NEGRETE ,,,,7280.0,9,Ciudad de México,5,Gustavo A. Madero,1,Gustavo A. Madero                                                                                             ,0313,17,,HOSPITALSANTIAGOAPOSTOL@LIVE.CON.MX,,Fijo,19.52663459,-99.14224142,2010-07
6313169,09003622311000127000000000U5,HOSPITAL SHRINERS PARA NIÑOS,HOSPITAL SHRINERS PARA NIÑOS AC,622311,Hospitales del sector privado de otras especialidades médicas,251 y más personas,AVENIDA,AVENIDA DEL IMÁN,OTRO(ESPECIFIQUE),NINGUNO,AVENIDA,ESTADIO AZTECA,AVENIDA,ESTADIO AZTECA,257.0,,,,,,COLONIA,PEDREGAL DE SANTA URSULA,,,,4600.0,9,Ciudad de México,3,Coyoacán,1,Coyoacán                                                                                                      ,1656,21,,DANIELA.REYES@SHRINENET.ORG,WWW.SHRINERSCHILDRENS.ORG,Fijo,19.30165572,-99.1562481,2010-07
6360771,09015622111000357000007707S6,HOSPITAL STAR MEDICA CENTRO,STAR MEDICA SA DE CV,622111,Hospitales generales del sector privado,251 y más personas,EJE VIAL,2-A SUR (SAN LUIS POTOSÍ),CALLE,TONALÁ,CALLE,JALAPA,EJE VIAL,2 SUR (AVENIDA QUERÉTARO),143.0,,,,,,COLONIA,ROMA,,,,6700.0,9,Ciudad de México,15,Cuauhtémoc,1,Cuauhtémoc                                                                                                    ,1214,7,,,WWW.STARMEDICA.COM,Fijo,19.41380991,-99.16128097,2010-07
6312968,09014622311000306000007707S2,HOSPITAL STAR MEDICA HIP,STAR MEDICA SA DE CV,622111,Hospitales generales del sector privado,251 y más personas,VIADUCTO,RÍO BECERRA,CALLE,NUEVA YORK,CALLE,FILADELFIA,CALLE,PENNSYLVANIA,97.0,,,,,,COLONIA,NAPOLES,,,,3810.0,9,Ciudad de México,14,Benito Juárez,1,Benito Juárez                                                                                                 ,0191,13,,,,Fijo,19.39621616,-99.17970976,2010-07
11723650,09016622311000341000000000U4,HOSPITAL VERTIZ,HOSPITAL VERTIZ SA DE CV,622311,Hospitales del sector privado de otras especialidades médicas,0 a 5 personas,CALLE,Lago Garda,AVENIDA,General Mariano Escobedo,CALLE,Lago Iseo,CALLE,Felipe Carrillo Puerto,76.0,,,,,,COLONIA,ANAHUAC,,,,11320.0,9,Ciudad de México,16,Miguel Hidalgo,1,Miguel Hidalgo                                                                                                ,0177,12,,,,Fijo,19.44932014,-99.18182351,2025-04
979716,09014622112000097000000000U9,HOSPITAL XOCO,SECRETARIA DE SALUD DEL GOBIERNO DEL DISTRITO FEDERAL ,622112,Hospitales generales del sector público,101 a 250 personas,EJE VIAL,1 PONIENTE AVENIDA MEXICO COYOACAN,CALLE,BRUNO TRAVEN,CALLE,CARRILLO PUERTO,EJE VIAL,1 PONIENTE (AVENIDA MEXICO-COYOACAN),0.0,SN,,,350.0,,COLONIA,DEL VALLE SUR,,,,3100.0,9,Ciudad de México,14,Benito Juárez,1,Benito Juárez                                                                                                 ,0971,5,5556889131.0,,,Fijo,19.3603409,-99.16308908,2010-07
10216443,09017622111000161000000000S8,HOSPITALITO,,622111,Hospitales generales del sector privado,0 a 5 personas,CALLE,HERREROS,CALLE,FERROCARRIL INTEROCEANICO,CALLE,TAPICERIA,CALLE,HORTELANOS,65.0,,,,,,COLONIA,MORELOS,,,,15270.0,9,Ciudad de México,17,Venustiano Carranza,1,Venustiano Carranza                                                                                           ,0371,2,,,,Fijo,19.43978646,-99.11592327,2024-11
10565429,09017622111000156000000000U8,HOSPITALITO GUSTAVO GUERRERO,ASOCIACION CIVIL AC,622111,Hospitales generales del sector privado,101 a 250 personas,CALLE,HERREROS,CALLE,FERROCARRIL INTEROCEANICO,CALLE,TAPICERIA,CALLE,HORTELANOS,68.0,,,,,,COLONIA,MORELOS,,,,15270.0,9,Ciudad de México,17,Venustiano Carranza,1,Venustiano Carranza                                                                                           ,0371,2,,,,Fijo,19.43977739,-99.11583809,2024-11
6306347,09017622111000096000061581M6,HOSPITALITO GUSTAVO GUERRERO CASA DE LA PROVIDENCIA,HOSPITALITO GUSTAVO GUERRERO AC,622111,Hospitales generales del sector privado,51 a 100 personas,CALLE,HERREROS,CALLE,FERROCARRIL INTEROCEÁNICO,CALLE,TAPICERÍA,CALLE,HORTELANOS,68.0,,,,,,COLONIA,MORELOS,,,,15270.0,9,Ciudad de México,17,Venustiano Carranza,1,Venustiano Carranza                                                                                           ,0371,2,,HILARIO.HERNANDEZ@HOSPITALITO.COM.MX,HOSPITALITO.COM.MX,Fijo,19.43977794,-99.11583113,2010-07
825977,09007622311000202000000000U7,HOSPITAMEX,HOSPITAMEX S DE RL DE CV,622311,Hospitales del sector privado de otras especialidades médicas,31 a 50 personas,CALLE,PLAN DE AYALA,CALLE,FILOMENO MATA,CALLE,PLAN DE SAN LUIS,CALLE,VENUSTIANO CARRANZA,782.0,MZ 68,,,,,COLONIA,ZU SANTA MARIA AZTAHUACAN,,,,9570.0,9,Ciudad de México,7,Iztapalapa,1,Iztapalapa                                                                                                    ,1513,17,,HOSPITAMEX@GMAIL.COM,WWW.HOSPITAMEX.COM,Fijo,19.35311027,-99.03294254,2010-07
965252,09014622212000017000000000U5,HP UMF HOSPITAL PSIQUIATRICO CON UNIDAD DE MEDICINA FAMILIAR NO 10,INSTITUTO MEXICANO DEL SEGURO SOCIAL ,622212,Hospitales psiquiátricos y para el tratamiento por adicción del sector público,251 y más personas,CALZADA,CALZADA DE TLALPAN,CALLE,ROMERO,CALLE,NIÑOS HEROES DE CHAPULTEPEC,CALLE,HILARIO PEREZ DE LEON,931.0,,,,0.0,,CONDOMINIO,NIÑOS HEROES DE CHAPULTEPEC,,,,3440.0,9,Ciudad de México,14,Benito Juárez,1,Benito Juárez                                                                                                 ,0492,10,,,WWW.IMSS.COM.MX,Fijo,19.38625398,-99.13943814,2010-07
1013498,09015622112000176000000000U8,I S S S TE,GOBIERNO ,622112,Hospitales generales del sector público,101 a 250 personas,EJE VIAL,1 PONIENTE GUERRERO,CALLE,VIOLETA,CALLE,MINA,CALLE,HEROES,65.0,,,,0.0,SN,COLONIA,GUERRER0,,,,6300.0,9,Ciudad de México,15,Cuauhtémoc,1,Cuauhtémoc                                                                                                    ,0610,3,,CLIGUERRERO@ISSSTE.GOB.MX,WWW.GOB.MX_ISSSTE.COM,Fijo,19.44062125,-99.14841072,2010-07
877249,09015622112000277000000000U4,IMSS UNIDAD DE MEDICINA FAMILIAR 2,INSTITUTO MEXICANO DEL SEGURO SOCIAL ,622112,Hospitales generales del sector público,251 y más personas,CALLE,SOR JUANA INES DE LA CRUZ,CALLE,JAIME TORRES BODET,CALLE,NARANJO,EJE VIAL,1 NORTE (JOSE ANTONIO ALZATE),82.0,,,,,,COLONIA,SANTA MARIA LA RIVERA,,,,6400.0,9,Ciudad de México,15,Cuauhtémoc,1,Cuauhtémoc                                                                                                    ,0555,19,,,,Fijo,19.44541656,-99.15902202,2010-07
11086573,09010622312000027000000000U0,INSTITUTO DE DIAGNOSTICO Y REFERENCIA EPIDMEOLOGICO,DIRECCION GENERAL DE EPIDEMIOLOGIA ,622312,Hospitales del sector público de otras especialidades médicas,251 y más personas,CALLE,FRANCISCO DE P MIRANDA,OTRO(ESPECIFIQUE),MANZANA O EDIFICACION CONTIGUA,CIRCUITO,2,OTRO(ESPECIFIQUE),MANZANA O EDIFICACION CONTIGUA,177.0,,,,,,COLONIA,MERCED GOMEZ,,,,1600.0,9,Ciudad de México,10,Álvaro Obregón,1,Álvaro Obregón                                                                                                ,0760,1,,,,Fijo,19.36671373,-99.2012032,2024-11
9456902,09014622311000412000003231S8,INSTITUTO DE OFTALMOLOGIACONDE DE VALENCIANA,FUNDACION DE ASISTENCIA PRIVADA CONDE DE VALENCIANA,622311,Hospitales del sector privado de otras especialidades médicas,6 a 10 personas,CIRCUITO,INTERIOR (AVENIDA RÍO CHURUBUSCO),AVENIDA,UNIVERSIDAD,CALLE,SAN FELIPE,CALLE,REAL MAYORAZGO,601.0,,,,,,COLONIA,XOCO,"TIANGUIS, BAZAR O PULGA",SAN ANGEL INN,SN,3330.0,9,Ciudad de México,14,Benito Juárez,1,Benito Juárez                                                                                                 ,0967,3,,SUBCONTADOR@CONDECENTRO.ORG,,Fijo,19.35876952,-99.16732089,2023-11
6256997,09015622311000717001003231M7,INSTITUTO DE OFTAMOLOGIA CONDE DE VALENCIANA,FUNDACION DE ASISTENCIA PRIVADA CONDE DE VALENCIANA,622311,Hospitales del sector privado de otras especialidades médicas,251 y más personas,CALLE,CHIMALPOPOCA,CALLE,SIMÓN BOLÍVAR,EJE VIAL,CENTRAL (LÁZARO CÁRDENAS),AVENIDA,FRAY SERVANDO TERESA DE MIER,14.0,,,,,,COLONIA,OBRERA,,,,6800.0,9,Ciudad de México,15,Cuauhtémoc,1,Cuauhtémoc                                                                                                    ,1040,19,,SUBCONTADOR@CONDECENTRO.ORG,WWW.INSTITUTODEOFTALMOLOGIA.ORG,Fijo,19.42234675,-99.14207081,2010-07
8488538,09014622311000364000000000U1,INSTITUTO GEN,INSTITUTO GEN AC,622311,Hospitales del sector privado de otras especialidades médicas,6 a 10 personas,CALLE,AMORES,EJE VIAL,8 SUR (JOSE MARIA RICO),CALLE,PARROQUIA,EJE VIAL,2 PONIENTE (GABRIEL MANCERA),1618.0,,,,,,COLONIA,DEL VALLE SUR,,,,3100.0,9,Ciudad de México,14,Benito Juárez,1,Benito Juárez                                                                                                 ,0810,5,5591308633.0,INSTITUTOGENAC@GMAIL.COM,WWW.INSTITUTOGEN.ORG,Fijo,19.36869813,-99.17006985,2019-11
823588,09007622112000267000000000U2,INSTITUTO MEXICANO DEL SEGURO SOCIAL IMSS UMF 160,INSTITUTO MEXICANO DEL SEGURO SOCIAL ,622112,Hospitales generales del sector público,251 y más personas,AVENIDA,TLAHUAC,CALLE,AGUJAS,PERIFERICO,CANAL DE GARAY,CALLE,MORELOS,4620.0,,,,0.0,,COLONIA,EL VERGEL,,,,9880.0,9,Ciudad de México,7,Iztapalapa,1,Iztapalapa                                                                                                    ,1960,4,,,WWW.IMSS.GOB.MX,Fijo,19.31974262,-99.08231304,2010-07
995534,09010622112000034000000000U0,INSTITUTO MEXICANO DEL SEGURO SOCIAL NO 161,IMSS 421231I45 ,622112,Hospitales generales del sector público,101 a 250 personas,AVENIDA,TOLUCA,CALLE,TRANSMISIONES,AVENIDA,ROMULO OFARRIL,AVENIDA,ROMULO OFARRIL,190.0,,,,0.0,,COLONIA,OLIVAR DE LOS PADRES,,,,1770.0,9,Ciudad de México,10,Álvaro Obregón,1,Álvaro Obregón                                                                                                ,1186,3,,,WWW.IMSS.COM.MX,Fijo,19.34092211,-99.2083007,2010-07
859390,09012622112000177000000000U3,INSTITUTO NACIONAL DE CANCEROLOGIA,SECRETARIA DE SALUD ,622112,Hospitales generales del sector público,251 y más personas,AVENIDA,SAN FERNANDO,CALZADA,CALZADA DE TLALPAN,CALLE,CASINO CASAHONDA,AVENIDA,SAN FERNANDO,22.0,,,,,,COLONIA,BELISARIO DOMINGUEZ SECCION XVI,,,,14080.0,9,Ciudad de México,12,Tlalpan,1,Tlalpan                                                                                                       ,0426,7,,,WWW.INCAN.SALUD.GOB.MX,Fijo,19.28907889,-99.16057363,2010-07
916286,09012931610000597000000000U1,INSTITUTO NACIONAL DE CANCEROLOGIA,INSTITUTO NACIONAL DE CANCEROLOGIA ,622312,Hospitales del sector público de otras especialidades médicas,251 y más personas,AVENIDA,SAN FERNANDO,CALLE,NIÑO JESUS,CALZADA,VIADUCTO TLALPAN,CALZADA,VIADUCTO TLALPAN,22.0,,,,0.0,,COLONIA,NIÑO DE JESUS,,,,14080.0,9,Ciudad de México,12,Tlalpan,1,Tlalpan                                                                                                       ,0962,8,5556280400.0,,,Fijo,19.28788626,-99.15904931,2014-12
859319,09012622112000127000000000U8,INSTITUTO NACIONAL DE CARDIOLOGIA,SECRETARIA DE SALUD MEXICO ,622112,Hospitales generales del sector público,251 y más personas,CALLE,JUAN BADIANO,CALLE,VASCO DE QUIROGA,CONTINUACION,BOULEVARD ADOLFO RUIZ CORTINES,CONTINUACION,BOULEVARD ADOLFO RUIZ CORTINES,1.0,,,,,,COLONIA,SECC 16,,,,14080.0,9,Ciudad de México,12,Tlalpan,1,Tlalpan                                                                                                       ,0426,25,5555730436.0,DIRECCION.GENERAL@CARDIOLOGIA.ORG.MX,WWW.CARDIOLOGIA.ORG.MX,Fijo,19.29127562,-99.1535632,2010-07
859392,09012622112000187000000000U2,INSTITUTO NACIONAL DE ENFERMEDADES RESPIRATORIAS ISMAEL COSIO VILLEGAS,INSTITUTO NACIONAL DE ENFERMEDADES RESPIRATORIAS ISMAEL COSIO VILLEGAS ,622112,Hospitales generales del sector público,251 y más personas,CALZADA,CALZADA DE TLALPAN,CALZADA,CALZADA DE TLALPAN,AVENIDA,SAN FERNANDO,CALLE,CASINO CASAHONDA,0.0,SN,,,,,COLONIA,BELISARIO DOMINGUEZ SECCION XVI,,,,14080.0,9,Ciudad de México,12,Tlalpan,1,Tlalpan                                                                                                       ,0426,7,,CONTACTO@INER.GOB.MX,,Fijo,19.29197532,-99.15957123,2010-07
856513,09012621114000017010000000U8,INSTITUTO NACIONAL DE NEUROLOGIA Y NEUROCIRUGIA MANUEL VELAZCO SUAREZ,SECRETARÍA DE SALUD ,622112,Hospitales generales del sector público,0 a 5 personas,AVENIDA,INSURGENTES SUR,CALLE,TRABAJO,CALLE,LA FAMA,OTRO(ESPECIFIQUE),ES UNA MANZANA ATIPICA,3843.0,,,,0.0,,COLONIA,FAMA,,,,14269.0,9,Ciudad de México,12,Tlalpan,1,Tlalpan                                                                                                       ,0680,2,,,,Fijo,19.29132872,-99.1748897,2010-07
859360,09012622112000147000000000U6,INSTITUTO NACIONAL DE NUTRICION SALVADOR ZUBIRAN,INSTITUTO NACIONAL DE CIENCIAS MEDICAS Y NUTRICION SALVADOR ZUBIRAN ,622112,Hospitales generales del sector público,251 y más personas,CALLE,VASCO DE QUIROGA,CALLE,M. DE LA CRUZ,AVENIDA,SAN FERNANDO,CALZADA,VIADUCTO TLALPAN,15.0,,,,0.0,,COLONIA,BELISARIO DOMINGUEZ,,,,14080.0,9,Ciudad de México,12,Tlalpan,1,Tlalpan                                                                                                       ,0426,17,,,,Fijo,19.28852616,-99.15676222,2010-07
769049,09016622112000077000000000U6,INSTITUTO NACIONAL DE PERINATOLOGIA ISIDRO ESPINOSA DE LOS REYES,INSTITUTO DE PERINATOLOGIA SECRETARIA DE SALUD GOBIERNO FEDERAL ,622112,Hospitales generales del sector público,251 y más personas,CALLE,MONTES URALES NORTE,CALLE,PRADO SUR,CALLE,VOSGOS,CALLE,ACUEDUCTO RIO HONDO,800.0,,,,,,COLONIA,LOMAS DE CHAPULTEPEC IV SECCION,,,,11000.0,9,Ciudad de México,16,Miguel Hidalgo,1,Miguel Hidalgo                                                                                                ,100A,1,,DIRGRAL@INPER.GOB.MX,WWW.INPER.MX,Fijo,19.42326197,-99.20536925,2010-07
960803,09014622112000077000063176S1,INSTITUTOVMEXICANO DEL SEGURO SOCIAL CLINICA 28,IMSS ,622112,Hospitales generales del sector público,251 y más personas,CALLE,SAN BORJA,CALLE,LOPEZ COTILLA,EJE VIAL,2 PONIENTE (GABRIEL MANCERA),EJE VIAL,6 SUR (ANGEL URRAZA),0.0,SN,,,,,COLONIA,DEL VALLE CENTRO,,,,3100.0,9,Ciudad de México,14,Benito Juárez,1,Benito Juárez                                                                                                 ,0401,18,,VICTORHERNANDEZC@IMSS.GOG.MX,,Fijo,19.38421383,-99.16488116,2010-07
6490846,09015622311000281011016304S4,INTER HOSP,INTER HOSP SA,622111,Hospitales generales del sector privado,251 y más personas,CALLE,TUXPAN,CALLE,QUINTANA ROO,EJE VIAL,3 SUR (AVENIDA BAJA CALIFORNIA),CALLE,ANÁHUAC,25.0,,25,PLANTA BAJA,,,COLONIA,ROMA SUR,,,,6760.0,9,Ciudad de México,15,Cuauhtémoc,1,Cuauhtémoc                                                                                                    ,145A,25,,ARANGEL@DALINDE.COM,WWW.DELINDE.COM,Fijo,19.40548214,-99.16759854,2016-01
6304150,09015622311000707000016304M8,INTER HOSP,INTER HOSP SA,622111,Hospitales generales del sector privado,31 a 50 personas,CALLE,TUXPAN,EJE VIAL,3 SUR (AVENIDA BAJA CALIFORNIA),CALLE,QUINTANA ROO,CALLE,ANÁHUAC,22.0,,22,PISO 4,,,COLONIA,ROMA SUR,,,,6760.0,9,Ciudad de México,15,Cuauhtémoc,1,Cuauhtémoc                                                                                                    ,145A,25,,ARANGEL@DALINDE.COM,WWW.DALINDE.COM,Fijo,19.40553796,-99.16761208,2011-03
9414930,09015622111000513000016304S4,INTER HOSP,INTER HOSP SA,622111,Hospitales generales del sector privado,11 a 30 personas,CALLE,TUXPAN,EJE VIAL,3 SUR (AVENIDA BAJA CALIFORNIA),CALLE,QUINTANA ROO,CALLE,ANÁHUAC,28.0,,28,PLANTA BAJA,,,COLONIA,ROMA SUR,,,,6760.0,9,Ciudad de México,15,Cuauhtémoc,1,Cuauhtémoc                                                                                                    ,145A,25,,ARANGEL@DALINDE.COM,WWW.DALINDE.COM,Fijo,19.40571607,-99.16765528,2023-11
9414931,09015622111000527000016304S4,INTER HOSP,INTER HOSP SA,622111,Hospitales generales del sector privado,251 y más personas,CALLE,QUINTANAROO,AVENIDA,INSURGENTES,EJE VIAL,3 SUR (AVENIDA BAJA CALIFORNIA),CALLE,ANÁHUAC,92.0,,92,PLANTA BAJA,,,COLONIA,ROMA SUR,,,,6760.0,9,Ciudad de México,15,Cuauhtémoc,1,Cuauhtémoc                                                                                                    ,145A,25,,ARANGEL@DALINDE.COM,WWW.DALINDE.COM,Fijo,19.4054819,-99.16759848,2023-11
9442741,09015622111000532000016304S4,INTER HOSP,INTER HOSP SA,622111,Hospitales generales del sector privado,31 a 50 personas,CALLE,TUXPAN,AVENIDA,BAJA CALIFORNIA,CALLE,QUINTANAROO,CALLE,ANAHUAC,22.0,,44,PLANTA BAJA,,,COLONIA,ROMA SUR,,,,6760.0,9,Ciudad de México,15,Cuauhtémoc,1,Cuauhtémoc                                                                                                    ,1356,17,,ARANGEL@DALINDE.COM,WWW.DALINDE.COM,Fijo,19.40711693,-99.16725279,2023-11
952575,09014622112000127000000000U4,ISSSTE 20 DE NOVIEMBRE,CENTRO MEDICO NACIONAL 20 DE NOVIEMBRE ,622112,Hospitales generales del sector público,251 y más personas,EJE VIAL,7 SUR FELIX CUEVAS,CALLE,DOCTOR ROBERTO GAYOL,EJE VIAL,3 PONIENTE (AVENIDA COYOACAN),CALLE,SAN LORENZO,540.0,,,,,,COLONIA,BENITO JUAREZ,,,,3200.0,9,Ciudad de México,14,Benito Juárez,1,Benito Juárez                                                                                                 ,0736,2,5552005003.0,INFO.CMN20N@ISSSTE.GOB.MX,WWW.GOB.MX.ISSSTE,Fijo,19.37218018,-99.17133881,2010-07
11652153,09014622112000172000000000U0,LAVANDERIA IMSS,INSTITUTO MEXICANO DEL SEGURO SOCIAL ,622112,Hospitales generales del sector público,6 a 10 personas,CALLE,CUMBRES DE ACULTZINGO,AVENIDA,UNIVERSIDAD,EJE VIAL,CENTRAL (LAZARO CARDENAS),AVENIDA,UNIVERSIDAD,0.0,SN,,,,,COLONIA,NARVARTE PONIENTE,,,,3020.0,9,Ciudad de México,14,Benito Juárez,1,Benito Juárez                                                                                                 ,0100,3,,,,Fijo,19.39243213,-99.14869819,2024-11
996479,09010622211000023001000000U3,LIRA Y SERAFIN,LIRA Y SERAFIN AC,622211,Hospitales psiquiátricos y para el tratamiento por adicción del sector privado,11 a 30 personas,CALLE,IZTACCIHUATL,CALLE,MORAS,CALLE,MANZANO,CALLE,NARANJO,180.0,,,,0.0,,COLONIA,FLORIDA,,,,1030.0,9,Ciudad de México,10,Álvaro Obregón,1,Álvaro Obregón                                                                                                ,1006,1,,LIRAYSERAFIN@GMAIL.COM,,Fijo,19.35994979,-99.17619434,2010-07
9431926,09014511210000283000000000U1,MACROTECH HEALTH,MACROTECH HEALTH SA DE CV,622111,Hospitales generales del sector privado,31 a 50 personas,CALLE,MIGUEL LAURENT,AVENIDA,UNIVERSIDAD,CALLE,HERIBERTO FRIAS,CALLE,SAN LORENZO,749.0,,,,0.0,,COLONIA,DEL VALLE SUR,,,,3100.0,9,Ciudad de México,14,Benito Juárez,1,Benito Juárez                                                                                                 ,0755,10,5554537556.0,SROMERO@MACROTECH.COM.DO,WWW.MACROTECH.COM.DO,Fijo,19.3746597,-99.16303828,2023-11
794347,09005622111000203000000000U3,MATERNIDAD SANTA CATALINA DE SENA,MATERNIDAD SANTA CATALINA DE SENA SA DE CV,622111,Hospitales generales del sector privado,6 a 10 personas,CALLE,NORTE 88,CALLE,ORIENTE 91,CALLE,ORIENTE 87,CALLE,NORTE 86-B,4538.0,,,,,,COLONIA,NUEVA TENOCHTITLAN,,,,7890.0,9,Ciudad de México,5,Gustavo A. Madero,1,Gustavo A. Madero                                                                                             ,2220,15,,SALVADORDINGO1952@HOTMAIL.COM,,Fijo,19.45632142,-99.10192094,2010-07
742357,09002622311000022000000000U0,MATERNIDAD Y SANATORIO NUESTRA SEÑORA DEL CARMEN,,622311,Hospitales del sector privado de otras especialidades médicas,11 a 30 personas,CALLE,21,CALLE,CENTRAL SUR,CALLE,16,CALLE,23,145.0,,,,0.0,,COLONIA,PRO HOGAR,,,,2600.0,9,Ciudad de México,2,Azcapotzalco,1,Azcapotzalco                                                                                                  ,0400,7,,SANATORIO_CARMEN@HOTMAIL.COM,,Fijo,19.4760139,-99.15129451,2010-07
7958835,09017622111000131000000000U1,MED POINT,KUREX ESPECIALIDADES SA DE CV,622111,Hospitales generales del sector privado,11 a 30 personas,CALLE,ASISTENCIA PUBLICA,CALLE,EDUCACION PUBLICA,CALLE,SALUBRIDAD,CALLE,TRABAJO Y PREVISION SOCIAL,552.0,,,,0.0,,COLONIA,FEDERAL,,,,15700.0,9,Ciudad de México,17,Venustiano Carranza,1,Venustiano Carranza                                                                                           ,1011,22,,MEDPOINT@HOTMAIL.COM,,Fijo,19.42286187,-99.09053908,2019-11
667964,09002622111000063000000000U8,MEDICA AZCAPOTZALCO,,622111,Hospitales generales del sector privado,11 a 30 personas,EJE VIAL,3 NORTE MANUEL ACUÑA,AVENIDA,CENTENARIO,AVENIDA,AZCAPOTZALCO,CALLE,INDUSTRIA,10.0,,,,,,COLONIA,INDUSTRIA,,,,2070.0,9,Ciudad de México,2,Azcapotzalco,1,Azcapotzalco                                                                                                  ,0472,4,,LULUMEDICA@HOTMAIL.COM,,Fijo,19.47844805,-99.18747458,2010-07
788933,09005622311000332000000000U6,MEDICA CENTER FEM,MEDICA CENTER FEM SA DE CV,622311,Hospitales del sector privado de otras especialidades médicas,11 a 30 personas,CALLE,VENTURINA,CALLE,TESORO,AVENIDA,JOYAS,CALLE,TURMALINA,28.0,,,,0.0,,COLONIA,ESTRELLA,,,,7810.0,9,Ciudad de México,5,Gustavo A. Madero,1,Gustavo A. Madero                                                                                             ,1788,3,,MAYA@MEDICACENTERFEM.COM,WWW.MEDICACENTERFEM.COM.MX,Fijo,19.47399488,-99.11445629,2010-07
6316999,09012622311000184002000000U7,MEDICA COAPA ESPECIALIDADES,MEDICA COAPA ESPECIALIDADES SA DE CV,622311,Hospitales del sector privado de otras especialidades médicas,51 a 100 personas,CALZADA,ACOXPA,CALLE,HACIENDA COACALCO,CALLE,LA ACEQUIA,AVENIDA,PROLONGACIÓN DIVISIÓN DEL NORTE,593.0,,,,,,COLONIA,PRADOS COAPA,,,,14350.0,9,Ciudad de México,12,Tlalpan,1,Tlalpan                                                                                                       ,0708,28,,DANIELGO_154@HOTMAIL.COM,WWW.MEDICACOAPA.COM.MX,Fijo,19.29449022,-99.13024443,2010-07
10333566,09012622311000223000000000S3,MEDICA RISO,,622311,Hospitales del sector privado de otras especialidades médicas,11 a 30 personas,AVENIDA,DIVISION DEL NORTE,CALLE,RANCHO VERGEL,CALLE,RANCHO JIGUINGO,CALLE,RANCHO IROLO,42.0,,,,,,COLONIA,NUEVA ORIENTAL COAPA,,,,14300.0,9,Ciudad de México,12,Tlalpan,1,Tlalpan                                                                                                       ,0233,18,,,WWW.MEDICARISO.COM,Fijo,19.30236324,-99.13149999,2024-11
6258062,09012622111000077000000000U7,MEDICA SUR,MEDICA SUR,622111,Hospitales generales del sector privado,251 y más personas,CALLE,PUENTE DE PIEDRA,CALLE,XONTEPEC,CALLE,CUAUHTÉMOC,CALLE,MOCTEZUMA,150.0,,,,0.0,SN,COLONIA,TORIELLO GUERRA,"HOSPITAL, CENTRO MEDICO O CLINICA",MEDICA SUR  ,SN,14050.0,9,Ciudad de México,12,Tlalpan,1,Tlalpan                                                                                                       ,0182,2,,JCPINEDAS@MEDICASUR.ORG.MX,WWW.MEDICASUR.COM.MX,Fijo,19.29594914,-99.16161848,2010-07
10457641,09014531114001525000000000U4,MEDICAL SANTA MARGARITA,ELA MEXICO SA DE CV,622111,Hospitales generales del sector privado,51 a 100 personas,CALLE,SANTA MARGARITA,AVENIDA,INSURGENTES SUR,AVENIDA,SAN FRANCISCO,EJE VIAL,5 SUR (AVENIDA COLONIA DEL VALLE),108.0,,,,,,COLONIA,INSURGENTES SAN BORJA,,,,3100.0,9,Ciudad de México,14,Benito Juárez,1,Benito Juárez                                                                                                 ,0223,20,,,,Fijo,19.38547373,-99.17452394,2024-11
6258223,09012621113001835010000000U4,MEDICINA INTEGRAL ESPECIALIZADA,MEDICINA INTEGRAL ESPECIALIZADA SC,622111,Hospitales generales del sector privado,101 a 250 personas,CALZADA,ARENAL,CALLE,AVENIDA EMILIANO ZAPATA,CERRADA,XOCHIMALTZIN,OTRO(ESPECIFIQUE),EMILIANO ZAPATA,557.0,,,,,,COLONIA,ARENAL TEPEPAN,,,,14610.0,9,Ciudad de México,12,Tlalpan,1,Tlalpan                                                                                                       ,0977,1,,CPLASCENCIA@MIE.COM.MX,,Fijo,19.28273512,-99.14633396,2010-07
9461785,09014622311000392000000000U2,NOVA WELLNESS CENTER,NOVA WELLNESS CENTER SA DE CV,622311,Hospitales del sector privado de otras especialidades médicas,0 a 5 personas,CALLE,SANTA MARGARITA,AVENIDA,CALIFORNIA,EJE VIAL,6 SUR (ANGEL URRAZA),CALLE,SACRAMENTO,303.0,,,,,,COLONIA,INSURGENTES SAN BORJA,,,,3100.0,9,Ciudad de México,14,Benito Juárez,1,Benito Juárez                                                                                                 ,0581,2,,NOVAWELLNESSCENTER966@GMAIL.COM,,Fijo,19.38383051,-99.1733897,2023-11
6317076,09015519121000021012003775S3,NUEVO SANATORIO DURANGO,NUEVO SANATORIO DURANGO SA DE CV,622111,Hospitales generales del sector privado,0 a 5 personas,CALLE,DURANGO,CALLE,COZUMEL,AVENIDA,SONORA,CALLE,COLIMA,290.0,,,,,,COLONIA,ROMA NORTE,,,,6700.0,9,Ciudad de México,15,Cuauhtémoc,1,Cuauhtémoc                                                                                                    ,1182,15,,LUISLOPEZ@SANATORIODURANGO.COM,WWW.SANATORIODURANGO.COM,Fijo,19.4186121,-99.1716057,2010-07
6305124,09015622311000523002003775S9,NUEVO SANATORIO DURANGO,NUEVO SANATORIO DURANGO SA DE CV,622111,Hospitales generales del sector privado,0 a 5 personas,AVENIDA,SONORA,CALLE,COLIMA,CALLE,DURANGO,CALLE,GUADALAJARA,79.0,,,,,,COLONIA,ROMA NORTE,,,,6700.0,9,Ciudad de México,15,Cuauhtémoc,1,Cuauhtémoc                                                                                                    ,1182,13,,LUISLOPEZ@SANATORIODURANDO.COM,WWW.SANATORIODURANGO.COM,Fijo,19.41788468,-99.17171046,2010-07
6304690,09015622311000727010003775M6,NUEVO SANATORIO DURANGO,NUEVO SANATORIO DURANGO SA DE CV,622111,Hospitales generales del sector privado,251 y más personas,CALLE,DURANGO,AVENIDA,SONORA,CALLE,COZUMEL,CALLE,COLIMA,296.0,,EDIFICIO COMERCIAL Y DE SERVICIOS SIN NOMBRE,PLANTA BAJA,,,COLONIA,ROMA,EDIFICIO COMERCIAL Y DE SERVICIOS,EDIFICIO COMERCIAL Y DE SERVICIOS SIN NOMBRE,SN,6700.0,9,Ciudad de México,15,Cuauhtémoc,1,Cuauhtémoc                                                                                                    ,1182,15,,EDUARDOSIMANEK@SANATORIODURANGO.COM,WWW.SANATORIODURANGO.COM,Fijo,19.41858905,-99.1717093,2010-07
6318946,09008622111000011002003503S4,OPERADORA DE HOSPITAL ANGELES SUCURSAL PEDREGAL,OPERADORA DE HOSPITALES ANGELES SA DE CV,622111,Hospitales generales del sector privado,251 y más personas,AVENIDA,CAMINO A SANTA TERESA,AVENIDA,CAMINO A SANTA TERESA,CALLE,CERRADA LOS ÁNGELES,PERIFERICO,BOULEVARD ADOLFO RUÍZ CORTINES,1055.0,,EDIFICIO SIN NOMBRE,PISO 14,,,COLONIA,HEROES DE PADIERNA,,,,10700.0,9,Ciudad de México,8,La Magdalena Contreras,1,La Magdalena Contreras                                                                                        ,0283,31,,FISCALGASS@SALUDANGELES.MX,WWW.HOSPITALANGELES.COM,Fijo,19.31112683,-99.22148107,2010-07
6323048,09012622111000082001003503M7,OPERADORA DE HOSPITALES ANGELES,OPERADORA DE HOSPITALES ANGELES SA DE CV,622111,Hospitales generales del sector privado,101 a 250 personas,CALLE,BOULEVARD PICACHO AJUSCO,CALLE,PICO DE TURQUINO,CALLE,NINGUNO,CALLE,BOULEVARD PICACHO AJUSCO,154.0,,,,,,COLONIA,JARDINES DE LA MONTAÑA,EDIFICIO COMERCIAL Y DE SERVICIOS,EDIFICIO COMERCIAL Y DE SERVICIOS SIN NOMBRE,SN,14210.0,9,Ciudad de México,12,Tlalpan,1,Tlalpan                                                                                                       ,1960,11,,FISCALGASS@SALUDANGELES.MX,WWW.HOSPITALANGELES.COM,Fijo,19.29899176,-99.20974864,2014-12
10505296,09014622111000414000000000U8,PRUEBAS DIAGNOSTICAS MEDICAS DEL VALLE,,622111,Hospitales generales del sector privado,31 a 50 personas,AVENIDA,MAGDALENA,CALLE,CONCEPCION BEISTEGUI,AVENIDA,EUGENIA,AVENIDA,SAN FRANCISCO,430.0,,,,,,COLONIA,DEL VALLE,,,,3100.0,9,Ciudad de México,14,Benito Juárez,1,Benito Juárez                                                                                                 ,0399,19,,CLINICACIME@CLINICACIME.COM,WWW.CLINICACIME.COM.MX,Fijo,19.38970192,-99.17242565,2024-11
8392036,09014622311000354000000000U2,REINA MADRE,HOSPITALES FAMILIARES SAPI DE CV,622311,Hospitales del sector privado de otras especialidades médicas,51 a 100 personas,CIRCUITO,INTERIOR AVENIDA PATRIOTISMO,CALLE,RUBENS,CALLE,HOLBEIN,CALLE,HOLBEIN,671.0,,,,0.0,,COLONIA,SAN JUAN,,,,3730.0,9,Ciudad de México,14,Benito Juárez,1,Benito Juárez                                                                                                 ,0562,3,,,WWW.REINAMADRE.MX,Fijo,19.37959292,-99.18518851,2019-11
9406918,09003622311000194000058579S5,REINA MADRE COYOACAN,HOSPITALES FAMILIARES SA DE CV,622311,Hospitales del sector privado de otras especialidades médicas,11 a 30 personas,AVENIDA,MIGUEL ÁNGEL DE QUEVEDO,CALLE,VIRGINIA,CALLE,SEGUNDA CERRADA MIGUEL ÁNGEL DE QUEVEDO,OTRO(ESPECIFIQUE),NINGUNO,1144.0,,,,,,COLONIA,PARQUE SAN ANDRES,CENTRO Y PLAZA COMERCIAL,PUNTO MAQ,3,4040.0,9,Ciudad de México,3,Coyoacán,1,Coyoacán                                                                                                      ,0164,5,,JORGE.BAUTISTA@REINAMADRE.MX,WWW.REINA.MX,Fijo,19.3424836,-99.14658354,2023-11
9404786,09015622311000833000058579S2,REINA MADRE JUAREZ,HOSPITALES FAMILIARES SA DE CV,622311,Hospitales del sector privado de otras especialidades médicas,11 a 30 personas,CALLE,LIVERPOOL,CALLE,GÉNOVA,CALLE,NIZA,CALLE,LONDRES,109.0,,,,,,COLONIA,JUAREZ,,,,6600.0,9,Ciudad de México,15,Cuauhtémoc,1,Cuauhtémoc                                                                                                    ,095A,2,,VICTOR.BOLIO@REINAMADRE.MX,WWW.REINAMADRE.MX,Fijo,19.42508316,-99.16258902,2023-11
11780763,09006622311000091000058579S6,REINA MADRE LA VIGA,HOSPITALES FAMILIARES SA DE CV,622311,Hospitales del sector privado de otras especialidades médicas,0 a 5 personas,CALZADA,Calzada de la Viga,CALLE,Benito Juárez,CALLE,Miguel Hidalgo,CALLE,Abasolo,1174.0,,,,,,COLONIA,EL TRIUNFO,,LA VIGA,P10,8300.0,9,Ciudad de México,6,Iztacalco,1,Iztacalco                                                                                                     ,0255,14,5531443794.0,VICTOR.BOLIO@REINAMADRE.MX,,Fijo,19.40167312,-99.12492436,2025-04
9406724,09005622311000406000058579S8,REINA MADRE LINDA VISTA,HOSPITALES FAMILIARES SA DE CV,622311,Hospitales del sector privado de otras especialidades médicas,11 a 30 personas,CALLE,MATANZAS,CALZADA,TICOMÁN,CALLE,MOYOBAMBA,CALLE,MOLLENDO,1013.0,,,,,,COLONIA,GUSTAVO A  MADERO,,,,7360.0,9,Ciudad de México,5,Gustavo A. Madero,1,Gustavo A. Madero                                                                                             ,0633,8,,JORGE.BAUTISTA@REINAMADRE.MX,WWW.REINAMADRE.MX,Fijo,19.50015491,-99.12505054,2023-11
9452037,09014622311000406000058579S0,REINA MADRE PATRIOTISMO,HOSPITALES FAMILIARES SA DE CV,622311,Hospitales del sector privado de otras especialidades médicas,11 a 30 personas,CIRCUITO,INTERIOR (AVENIDA PATRIOTISMO),CALLE,RUBENS,CALLE,HOLBEIN,CERRADA,POUSSIN,671.0,PB,PB,PLANTA BAJA,,,COLONIA,SAN PEDRO DE LOS PINOS,,,,3800.0,9,Ciudad de México,14,Benito Juárez,1,Benito Juárez                                                                                                 ,0562,3,,JORGE.BAUTISTA@REINAMADRE.MX,WWW.REINAMADRE.MX,Fijo,19.38065933,-99.18475647,2023-11
9452038,09015622311000843000058579S1,REINA MADRE TLALTELOLCO,HOSPITALES FAMILIARES SA DE CV,622311,Hospitales del sector privado de otras especialidades médicas,11 a 30 personas,AVENIDA,RICARDO FLORES MAGÓN,CALLE,LERDO,CALLE,GENERAL RÉGULES,CALLE,MERCADO,210.0,,,,,,COLONIA,GUERRERO,,,,6300.0,9,Ciudad de México,15,Cuauhtémoc,1,Cuauhtémoc                                                                                                    ,0521,13,,VICTOR.BOLIO@REINAMADRE.MX,WWW.REINAMADRE.MX,Fijo,19.45042964,-99.13976118,2023-11
827410,09007621111005102001000000U9,S M CH MEDICINA Y HOSPITALIZACION CHAVEZ,,622311,Hospitales del sector privado de otras especialidades médicas,11 a 30 personas,CALLE,PLAN DE AYALA,AVENIDA,SANTA CRUZ MEYEHUALCO,CALLE,IGNACIO ZARAGOZA,CALLE,INSURGENTES,0.0,SN,,,,,COLONIA,ZONA URBANA EJIDAL AMPLIACION SANTA MARIA AZTAHUACAN,,,,9500.0,9,Ciudad de México,7,Iztapalapa,1,Iztapalapa                                                                                                    ,1706,54,5526089161.0,,,Fijo,19.34768163,-99.0338239,2010-07
10774536,09015622311000881000000000U1,SALUD FZMANIA,,622311,Hospitales del sector privado de otras especialidades médicas,0 a 5 personas,AVENIDA,ALVARO OBREGON,EJE VIAL,3 PONIENTE (SALAMANCA),CALLE,VALLADOLID,AVENIDA,OAXACA,273.0,,,,,,COLONIA,LA ROMA,,,,6700.0,9,Ciudad de México,15,Cuauhtémoc,1,Cuauhtémoc                                                                                                    ,1093,4,,AVZTEDRO@GMAIL.COM,,Fijo,19.41670604,-99.16829507,2024-11
875953,09014622111000081000000000U5,SAN ANTONIO SANATORIO,,622311,Hospitales del sector privado de otras especialidades médicas,0 a 5 personas,AVENIDA,UNO,CALLE,11 DE ABRIL,CALLE,TRES,CIRCUITO,INTERIOR (AVENIDA REVOLUCION),18.0,,,,,,COLONIA,8 DEAGOSTO,,,,3820.0,9,Ciudad de México,14,Benito Juárez,1,Benito Juárez                                                                                                 ,0187,7,,SANATORIOSANANTONIO@HOTMAIL.COM,WWW.SANATORIO.COM,Fijo,19.39546208,-99.1844085,2012-06
6315203,09016622111000213000003670S9,SANATORIO ADVENTISTA ESCANDON,ASOCIACION CIVIL FILANTROPICA Y EDUCATIVA AC,622111,Hospitales generales del sector privado,6 a 10 personas,CALLE,AGRICULTURA,CALLE,JOSÉ MARTÍ,CALLE,12 DE OCTUBRE,CALLE,MINERÍA,79.0,,,,,,COLONIA,NARVARTE,,,,11800.0,9,Ciudad de México,16,Miguel Hidalgo,1,Miguel Hidalgo                                                                                                ,1207,15,,DGUILLEN@UMC.ORG.MX,,Fijo,19.40139961,-99.17751031,2010-07
1011466,09015622111000132001000000U3,SANATORIO ALTAMIRANO,SANATORIO ALTAMIRANO  SC,622111,Hospitales generales del sector privado,6 a 10 personas,CALLE,IGNACIO MANUEL ALTAMIRANO,CALLE,JOAQUIN GARCIA ICAZBALCETA,AVENIDA,RIBERA DE SAN COSME,CALLE,JOSE ROSAS MORENO,18.0,,,,,,COLONIA,SAN RAFAEL,,,,6470.0,9,Ciudad de México,15,Cuauhtémoc,1,Cuauhtémoc                                                                                                    ,0682,14,,SANATORIOALTAMIRANO@OUTLOOK.COM,,Fijo,19.44125203,-99.16166921,2010-07
1009581,09003622111000042000000000U0,SANATORIO DE LOS ANGELES,,622111,Hospitales generales del sector privado,11 a 30 personas,CALLE,SAN BENITO,CALLE,SAN JORGE,AVENIDA,SANTA URSULA,CALLE,SAN GABRIEL,645.0,268,,,0.0,,COLONIA,PEDREGAL DE SANTA URSULA,,,,4600.0,9,Ciudad de México,3,Coyoacán,1,Coyoacán                                                                                                      ,1001,10,,GARG.1.9@HOTMAIL.ES,,Fijo,19.30811426,-99.15309076,2010-07
970499,09003622111000053001000000U7,SANATORIO DE MARIA AUXILIADORA,SANATORIO DE MARIA AUXILIADORA SA DE CV,622111,Hospitales generales del sector privado,11 a 30 personas,CALLE,KRAMER,CALZADA,CANDELARIA,PRIVADA,JARDIN,AVENIDA,MIGUEL ANGEL DE QUEVEDO,110.0,,SANATORIO DE MARIA AUXILIADORA,PLANTA BAJA,0.0,,COLONIA,ATLANTIDA,"HOSPITAL, CENTRO MEDICO O CLINICA",SANATORIO DE MARIA AUXILIADORA,110,4370.0,9,Ciudad de México,3,Coyoacán,1,Coyoacán                                                                                                      ,0304,2,,SMA_RECEPCION@YAHOO.COM.MX,,Fijo,19.33933758,-99.14573094,2010-07
1035528,09010622311000082000000000U7,SANATORIO DE MATERNIDAD JALALPA,SANATORIO DE MATERNIDAD JALALPA SC,622311,Hospitales del sector privado de otras especialidades médicas,6 a 10 personas,CALLE,GUSTAVO DIAZ ORDAZ,CALLE,CUAUHTEMOC,CALLE,ALVAREZ,CALLE,JALALPA,102.0,,,,0.0,,COLONIA,AMPLIACION JALALPA,,,,1296.0,9,Ciudad de México,10,Álvaro Obregón,1,Álvaro Obregón                                                                                                ,0440,4,5552598166.0,MIGUELANGEL037@HOTMAIL.COM,,Fijo,19.37777461,-99.23193111,2010-07
1060199,09003622311000103000000000U6,SANATORIO DEL CARIBE,SANATORIO DEL CARIBE SC,622311,Hospitales del sector privado de otras especialidades médicas,11 a 30 personas,CALLE,MIXTECAS,CALLE,REY TOPILTZIN,CALLE,REY MECONETZIN,CALLE,TOTONACAS,181.0,,,,0.0,,COLONIA,AJUSCO,,,,4300.0,9,Ciudad de México,3,Coyoacán,1,Coyoacán                                                                                                      ,0643,4,,SANATORIOCARIBE@YAHOO.COM.MX,,Fijo,19.32233138,-99.15827989,2010-07
6307222,09007621111005265001000000U4,SANATORIO LOS REYES,SANATORIO LOS REYES SA DE CV,622111,Hospitales generales del sector privado,51 a 100 personas,CALLE,MORELOS,CALLE,BENITO JUÁREZ,CALLE,MORELOS,CALLE,FRANCISCO I. MADERO,22.0,,,,,,COLONIA,PUEBLO LOS REYES CULHUACAN,,,,9840.0,9,Ciudad de México,7,Iztapalapa,1,Iztapalapa                                                                                                    ,1369,2,,IRIS.SIERRA@SANATORIOLOSREYES.COM,,Fijo,19.34600174,-99.10839851,2010-07
637693,09017622311000063001000000U2,SANATORIO LUZ DEL CARMEN,SANATORIO LUZ DEL CARMEN SA DE CV,622311,Hospitales del sector privado de otras especialidades médicas,6 a 10 personas,EJE VIAL,2 NORTE CANAL DEL NORTE,AVENIDA,CIRCUNVALACION,CALLE,ALFARERIA,CALLE,CENTRAL DE TALABARTEROS,127.0,,,,,,COLONIA,EMILIO CARRANZA,,,,15230.0,9,Ciudad de México,17,Venustiano Carranza,1,Venustiano Carranza                                                                                           ,0155,12,5531149590.0,,,Fijo,19.45167935,-99.1237428,2010-07
787307,09006622311000052001000000U8,SANATORIO MATERNIDAD MARIA SARA,,622311,Hospitales del sector privado de otras especialidades médicas,6 a 10 personas,CALLE,ORIENTE 100,CALLE,SUR 111-B,CALLE,SUR 113,CALLE,ORIENTE 100-A,2432.0,,,,0.0,,COLONIA,GABRIEL RAMOS MILLAN,,,,8900.0,9,Ciudad de México,6,Iztacalco,1,Iztacalco                                                                                                     ,0429,6,,,,Fijo,19.39629648,-99.10867079,2010-07
971800,09013622111000043001000000U7,SANATORIO MEDICO SANTA MARIA TEPEPAN,,622111,Hospitales generales del sector privado,11 a 30 personas,CALLE,CAMINO A LA PIEDRA DEL COMAL,CALLE,PROLONGACION 5 DE MAYO,CALLE,CUAUHTEMOC,CALLE,SAN PEDRO DE LAS JOYAS,514.0,,,,,,PUEBLO,SANTA MARIA TEPEPAN,,,,16020.0,9,Ciudad de México,13,Xochimilco,1,Xochimilco                                                                                                    ,0067,25,5543033972.0,SANTORIOSANTAMARIATEPEPAN@HOTMAIL.COM,WWW.SANATORIOSANTAMARIATEPEPAN.COM.MX,Fijo,19.2686232,-99.13960234,2010-07
884137,09014622111000214000000000U2,SANATORIO MOISES LIRA,ATENCION MEDICA LIRA Y SERAFIN AC,622111,Hospitales generales del sector privado,11 a 30 personas,CALLE,BOSTON,CALLE,CINCINNATI,CALLE,CLEVELAND,CALLE,PORFIRIO DIAZ,98.0,,SANATORIO LIRA,PLANTA BAJA,,,COLONIA,NOCHE BUENA,"HOSPITAL, CENTRO MEDICO O CLINICA",SANATORIO LIRA,98,3720.0,9,Ciudad de México,14,Benito Juárez,1,Benito Juárez                                                                                                 ,0577,13,5553581774.0,,,Fijo,19.38000665,-99.18009614,2010-07
9401776,09010622311000136000056538S1,SANATORIO OFTALMOLOGICO MERIDA,SANATORIO OFTALMOLOGICO MERIDA SA DE CV,622311,Hospitales del sector privado de otras especialidades médicas,31 a 50 personas,AVENIDA,CAMINO AL DESIERTO DE LOS LEONES,AVENIDA,INSURGENTES SUR,AVENIDA,REVOLUCIÓN,CALLE,CRACOVIA,32.0,,32,PISO 4,,,LOCALIDAD,SANATORIO OFTAMOLOGICO MERIDA,,,,1000.0,9,Ciudad de México,10,Álvaro Obregón,1,Álvaro Obregón                                                                                                ,1129,11,,JESUS.PAREDES@SANATORIOMERIDA.COM.MX,WWW.SANATORIOMERIDA.COM.MX,Fijo,19.34964101,-99.18823892,2023-11
6496313,09015622311000665001056538M8,SANATORIO OFTALMOLOGICO MERIDA,SANATORIO OFTALMOLOGICO MERIDA SA DE CV,622311,Hospitales del sector privado de otras especialidades médicas,51 a 100 personas,CALLE,CHIHUAHUA,CALLE,MÉRIDA,CALLE,CÓRDOBA,AVENIDA,ÁLVARO OBREGÓN,71.0,,,,,,COLONIA,ROMA NORTE,,,,6700.0,9,Ciudad de México,15,Cuauhtémoc,1,Cuauhtémoc                                                                                                    ,1110,24,,JESUS.PAREDES@SANATORIOMERIDA.COM.MX,WWW.SANATORIOMERIDA.COM.MX,Fijo,19.41793636,-99.15750553,2016-01
10042039,09010622111000194000000000S4,SANATORIO OFTAMOLOGICO MERIDA,SANATORIO OFTAMOLOGICO MERIDA SA DE CV,622111,Hospitales generales del sector privado,31 a 50 personas,AVENIDA,CAMINO AL DESIERTO DE LOS LEONES,AVENIDA,REVOLUCION,AVENIDA,INSURGENTES SUR,CALLE,CRACOVIA,32.0,,,,,,COLONIA,SAN ANGEL,,,,1000.0,9,Ciudad de México,10,Álvaro Obregón,1,Álvaro Obregón                                                                                                ,1129,11,5555845255.0,RAFA.SANCHEZ@SANATORIOMERIDA.COM,WWWSANATORIOMERIDA.COM.MX,Fijo,19.3496214,-99.18829485,2024-11
6313701,09011622211000015000000000U7,SANATORIO PSIQIUATRICO DEL CARMEN,SANATORIO PSIQIUATRICO DEL CARMEN SA,622211,Hospitales psiquiátricos y para el tratamiento por adicción del sector privado,51 a 100 personas,AVENIDA,TLÁHUAC,CALLE,MANUEL M. FLORES,CALLE,MANUEL M. LÓPEZ,PRIVADA,MANUEL M. LÓPEZ,6050.0,,,,,,COLONIA,SANTA ANA PONIENTE,,,,13300.0,9,Ciudad de México,11,Tláhuac,1,Tláhuac                                                                                                       ,1145,1,,SPC.ADM.3@GMAIL.COM,WWW.SANATORIOPSIQUIATRICODELCARMEN.COM.MX,Fijo,19.30009143,-99.04608817,2010-07
9275437,09014622111000361000000000U6,SANATORIO SAN FRANCISCO,SANATORIO SAN FRANCISCO AC,622111,Hospitales generales del sector privado,51 a 100 personas,CALLE,SAGREDO,CALLE,JOSÉ DEL CASTILLO,CALLE,LOS JUÁREZ,AVENIDA,REVOLUCIÓN,7.0,,,,,,COLONIA,SAN JOSE INSURGENTES,,,,3900.0,9,Ciudad de México,14,Benito Juárez,1,Benito Juárez                                                                                                 ,0897,21,,RECEPCION_CFDISSF@YAHOO.COM.MX,,Fijo,19.37156813,-99.18710887,2020-11
863274,09015622111000193000000000U5,SANATORIO SAN HIPOLITO,SANATORIO Y MATERNIDAD SA DE CV,622311,Hospitales del sector privado de otras especialidades médicas,11 a 30 personas,CALLE,GUANAJUATO,CALLE,CORDOBA,CALLE,ORIZABA,CALLE,ZACATECAS,94.0,,,,0.0,,COLONIA,ROMA NORTE,,,,6700.0,9,Ciudad de México,15,Cuauhtémoc,1,Cuauhtémoc                                                                                                    ,1110,7,,SANHIPOLITO94@GMAIL.COM,,Fijo,19.41685084,-99.1588262,2010-07
839354,09007622311000232000000000U4,SANATORIO SAN LORENZO,SANATORIO SAN LORENZO SA DE CV,622311,Hospitales del sector privado de otras especialidades médicas,0 a 5 personas,CALLE,SAN ANTONIO,CALLE,FRANCISCO ALVAREZ DEL CASTILLO,CALLE,FELIPE ANGELES,CALLE,VILLA DEL MAR,36.0,MANZANA 771 LOTE 7,,,0.0,,COLONIA,BARRIO SAN ANTONIO,,,,9900.0,9,Ciudad de México,7,Iztapalapa,1,Iztapalapa                                                                                                    ,2140,20,5558453101.0,SANATORIOSANLORENZO@HOTMAIL.COM,,Fijo,19.30561385,-99.07474298,2010-07
788706,09005622311000273001000000U2,SANATORIO SANTA INES,SANATORIO SANTA INES SC,622311,Hospitales del sector privado de otras especialidades médicas,11 a 30 personas,EJE VIAL,4 NORTE AVENIDA TALISMAN,CALLE,DIAMANTE,CALLE,CORAL,CALLE,MALINTZIN,66.0,,,,,,COLONIA,ESTRELLA,,,,7810.0,9,Ciudad de México,5,Gustavo A. Madero,1,Gustavo A. Madero                                                                                             ,1612,8,,GEMSIATMON@OUTLOOK.COM,WWW.GEMS.COM.MX,Fijo,19.47738607,-99.11722492,2010-07
646201,09005622311000293011000000U0,SANATORIO SANTA ROSA,,622112,Hospitales generales del sector público,51 a 100 personas,AVENIDA,3 A,CALLE,6-A,CALLE,8-A,AVENIDA,JOSEFA ORTIZ DE DOMINGUEZ,60.0,,,,0.0,,COLONIA,SANTA ROSA,,,,7620.0,9,Ciudad de México,5,Gustavo A. Madero,1,Gustavo A. Madero                                                                                             ,0436,30,5553920320.0,,,Fijo,19.52042486,-99.16576258,2010-07
6317035,09015622111000235002000000U4,SANATORIO SANTA TERESA ZACATECAS,SANATORIO SANTA TERESA ZACATECAS SA DE CV,622111,Hospitales generales del sector privado,51 a 100 personas,CALLE,ZACATECAS,CALLE,JALAPA,CALLE,ORIZABA,EJE VIAL,2 SUR (AVENIDA QUERÉTARO),124.0,,,,,,COLONIA,ROMA NORTE,,,,6700.0,9,Ciudad de México,15,Cuauhtémoc,1,Cuauhtémoc                                                                                                    ,1214,19,,AZUCENAPIPA@HOTMAIL.COM,,Fijo,19.41569308,-99.15984307,2010-07
6304920,09015622111000266002000000U9,SANATORIO TRINIDAD,SANATORIO TRINIDAD SA DE CV,622111,Hospitales generales del sector privado,101 a 250 personas,CALLE,MANZANILLO,CALLE,MANZANILLO,CALLE,MINATITLÁN,CALLE,TEPIC,94.0,,SANATORIO TRINIDAD,PLANTA BAJA,0.0,SN,COLONIA,ROMA SUR,,,,6760.0,9,Ciudad de México,15,Cuauhtémoc,1,Cuauhtémoc                                                                                                    ,1356,14,,INFORMACIONSANATORIOTRINIDAD@GMAIL.COM,WWW.SINPAGINA.COM,Fijo,19.40755202,-99.1649012,2010-07
797255,09005621111004722010000000U9,SANATORIO Y MATERNIDAD ELIHER,SANATORIO Y MATERNIDAD ELIHER SA DE CV,622311,Hospitales del sector privado de otras especialidades médicas,6 a 10 personas,EJE VIAL,2 ORIENTE HONORABLE CONGRESO DE LA UNION,AVENIDA,JOYAS,CALLE,TESORO,CALLE,ESPINELA,6206.0,,,,,,COLONIA,TRES ESTRELLAS,,,,7820.0,9,Ciudad de México,5,Gustavo A. Madero,1,Gustavo A. Madero                                                                                             ,1843,14,,SANATORIOELIHER@YAHOO.COM,WWW.ELIHER.COM,Fijo,19.47148296,-99.10903196,2010-07
818704,09007622111000082000000000U7,SANATORIO Y MATERNIDAD LOS ANGELES IZTAPALAPA,VICTOR GARCIA GARCIA SA DE CV,622111,Hospitales generales del sector privado,0 a 5 personas,CALLE,JAIME NUNO,CALLE,PETUNIA,CALLE,CERRADA SERASI,CALLE,CAMINO VIEJO REAL A SAN FRANCISCO,7.0,,,,0.0,,COLONIA,LOS ANGELES,,,,9830.0,9,Ciudad de México,7,Iztapalapa,1,Iztapalapa                                                                                                    ,2808,26,,,,Fijo,19.34094909,-99.0669184,2010-07
645573,09007622111000042000000000U1,SANATORIO Y MATERNIDAD SANTA MARIA,SANATORIO Y MATERNIDAD SANTA MARIA SA DE CV,622111,Hospitales generales del sector privado,11 a 30 personas,EJE VIAL,5 SUR SANTA MARIA LA PURISIMA,CALLE,HISTORIADORES,CALLE,REAL DEL MONTE,AVENIDA,APATLACO,206.0,,,,,,COLONIA,APATLACO,,,,9430.0,9,Ciudad de México,7,Iztapalapa,1,Iztapalapa                                                                                                    ,0337,9,5556337158.0,,,Fijo,19.37978752,-99.11598239,2010-07
6325819,09015622111000276001000000U8,SANATORIO Y SERVICIOS MEDICOS OBREGON,SANATORIO Y SERVICIOS MEDICOS OBREGON SA DE CV,622111,Hospitales generales del sector privado,251 y más personas,AVENIDA,ÁLVARO OBREGÓN,CALLE,ORIZABA,CALLE,JALAPA,CALLE,TABASCO,123.0,,,,,,COLONIA,ROMA NORTE,,,,6700.0,9,Ciudad de México,15,Cuauhtémoc,1,Cuauhtémoc                                                                                                    ,1002,19,,J-ISELA@HOTMAIL.COM,,Fijo,19.41825128,-99.1604481,2010-07
11787152,09007622312000037000000000U5,SERVICIO INTEGRAL DE UNIDAD DE EXPANSION HOSPITALARIA TLAHUAC,INSTITUTO MEXICANO DE SEGURO SOCIAL ,622312,Hospitales del sector público de otras especialidades médicas,251 y más personas,AVENIDA,PROVIDENCIA,CALLE,AVENIDA CUATRO,AVENIDA,TLAHUAC,AVENIDA,ZACATLAN,1660.0,,,,,,COLONIA,LOS OLIVOS,,,,13210.0,9,Ciudad de México,7,Iztapalapa,1,Iztapalapa                                                                                                    ,2121,1,,,,Fijo,19.30690991,-99.05792084,2025-04
8126625,09007622112000294000000000U6,SERVICIO MEDICO CENTRO FEMENIL CEFERESO,SUBSECRETARIA DE SALUD DE LA CIUDAD DE MEXICO ,622112,Hospitales generales del sector público,31 a 50 personas,PRIVADA,NINGUNO,EJE VIAL,8 SUR (CALZADA ERMITA IZTAPALAPA),EJE VIAL,8 SUR (CALZADA ERMITA IZTAPALAPA),PRIVADA,NINGUNO,0.0,SN,CTRO FEMENIL DE REINCERSION STA MARTHA ACATITLA,PLANTA BAJA,,,COLONIA,SANTA MARTHA ACATITLA,,CENTRO FEMENIL DE REINCERSION SOCIAL SANTA MARTHA ACATITLA,SN,9560.0,9,Ciudad de México,7,Iztapalapa,1,Iztapalapa                                                                                                    ,1123,1,,,,Fijo,19.35594968,-99.01099584,2019-11
9166464,09015621112000207000000000U2,SERVICIOS DE SALUD PUBLICA DEL DISTRITO FEDERAL,SERVICIOS DE SALUD PUBLICA DEL DISTRITO FEDERAL ,622112,Hospitales generales del sector público,31 a 50 personas,CALLE,XOCONGO,CALLE,ALFREDO CHAVERO,CALLE,LORENZO BOTURINI,CALLE,AGUSTIN DELGADO,65.0,,,,,,COLONIA,TRANSITO,,,,6820.0,9,Ciudad de México,15,Cuauhtémoc,1,Cuauhtémoc                                                                                                    ,1163,11,,,,Fijo,19.41733786,-99.13196128,2019-11
9407893,09005622311000373000000000U0,SERVICIOS MEDICOS ESPECIALIZADOS EN UROLOGIA,SERVICIOS MEDICOS ESPECIALIZADOS EN UROLOGIA SA DE CV,622311,Hospitales del sector privado de otras especialidades médicas,6 a 10 personas,CALLE,RIOBAMBA,EJE VIAL,5 NORTE (MONTEVIDEO),CALLE,RICARTE,CALLE,LATACUNGA,642.0,,,,,,COLONIA,LINDAVISTA,,,,7300.0,9,Ciudad de México,5,Gustavo A. Madero,1,Gustavo A. Madero                                                                                             ,1114,13,5519659653.0,UROCAREDALINDE@GMAIL.COM,WWW.HUMANCARECLINIC.COM,Fijo,19.48711896,-99.13009624,2023-11
836499,09007622111000152000000000U8,SERVICIOS MEDICOS LA ESPERANZA,SERVICIOS MEDICOS LA ESPERANZA SA DE CV,622111,Hospitales generales del sector privado,11 a 30 personas,PERIFERICO,CANAL DE GARAY,CALLE,AVILA CAMACHO,CALLE,LERDO DE TEJADA,CALLE,MARGARITA AGUILLON,0.0,SN,,,,,COLONIA,LA ESPERANZA,,,,9910.0,9,Ciudad de México,7,Iztapalapa,1,Iztapalapa                                                                                                    ,3914,26,5558457020.0,,,Fijo,19.31234586,-99.08041901,2010-07
847576,09015622111000153001000000U9,SERVICIOS MEDICOS RAMOS MENDEZ,SERVICIOS MEDICOS RAMOS MENDEZ SC,622111,Hospitales generales del sector privado,0 a 5 personas,CALLE,TAMPICO,CALLE,PUEBLA,CALLE,SINALOA,CALLE,ACAPULCO,30.0,,,,,,COLONIA,ROMA NORTE,,,,6700.0,9,Ciudad de México,15,Cuauhtémoc,1,Cuauhtémoc                                                                                                    ,1089,7,,SMRM9503@YAHOO.COM.MX,,Fijo,19.41943084,-99.1750857,2010-07
902194,09014621111004432010068763M7,SERVICURA,CLIN HER SA DE CV,622111,Hospitales generales del sector privado,11 a 30 personas,EJE VIAL,4 SUR RAFAEL DONDE,AVENIDA,COYOACAN,VIADUCTO,PRESIDENTE MIGUEL ALEMAN,CALLE,PATRICIO SANZ,730.0,,,,0.0,,COLONIA,DEL VALLE NORTE,,,,3103.0,9,Ciudad de México,14,Benito Juárez,1,Benito Juárez                                                                                                 ,0045,7,5543360827.0,INFO@SERVICURA.MX,WWW.SERVICURA.MX,Fijo,19.39999363,-99.16789343,2014-12
754043,09007622111000282001000000U3,SOPHIE SERVICIO INTEGRAL DE SALUD,SOPHIE SERVICIO INTEGRAL DE SALUD SA DE CV,622111,Hospitales generales del sector privado,6 a 10 personas,CALLE,JOSE MARIA PARRAS,CALLE,JOSE MARIA CHAVEZ,CALLE,FRANCISCO GARCIA SALINAS,AVENIDA,TEXCOCO,56.0,,,,,,COLONIA,JUAN ESCUTIA,,,,9100.0,9,Ciudad de México,7,Iztapalapa,1,Iztapalapa                                                                                                    ,0040,18,,,,Fijo,19.39453146,-99.04545298,2010-07
6430354,09005622112000265001000000U0,SUBDIRECCION DE SERVICIOS MEDICOS INTEGRALES DE LA PBI,SECRETARIA DE SEGURIDAD PUBLICA DEL DISTRITO FEDERAL ,622112,Hospitales generales del sector público,51 a 100 personas,EJE VIAL,CENTRAL LAZARO CARDENAS,CALLE,NORTE 11-A,EJE VIAL,4 NORTE (PONIENTE 128),CALLE,NORTE 11-A,96.0,,,,,,COLONIA,NUEVA VALLEJO,,,,7750.0,9,Ciudad de México,5,Gustavo A. Madero,1,Gustavo A. Madero                                                                                             ,1237,29,,,,Fijo,19.48646044,-99.14403276,2010-07
11544853,09004622111000062000000000U6,TECNOLOGIA ENDOSCOPICA DE PUNTA,SOLUCION ENDOSCOPICA DE VANGUARDIA SA DE CV,622111,Hospitales generales del sector privado,6 a 10 personas,AVENIDA,JUAN SALVADOR GRAS,CALLE,AVENIDA CARLOS GRAFF FERNANDEZ,CALLE,SEGUNDA VASCO DE QUIROGA,CALLE,SEGUNDA VASCO DE QUIROGA,15.0,,CORNER 15,PISO 1,1.0,2,COLONIA,SANTA FE,EDIFICIO COMERCIAL Y DE SERVICIOS,CORNER 15,1A1B,5300.0,9,Ciudad de México,4,Cuajimalpa de Morelos,1,Cuajimalpa de Morelos                                                                                         ,0369,4,,CONTACTO@TEP.MX,,Fijo,19.3607184,-99.28037872,2024-11
6314798,09010622111000077000003260M1,THE AMERICAN BRITISHCOWDRAY MEDICAL CENTER,THE AMERICAN BRITISH COWDRAY MEDICAL CENTER SA DE CV,622111,Hospitales generales del sector privado,251 y más personas,CALLE,BONDOJITO,CALLE,PITA,CALLE,SUR 138,CALLE,ARTIFICIOS,40.0,,,,0.0,SN,COLONIA,LAS AMERICAS,,,,,9,Ciudad de México,10,Álvaro Obregón,1,Álvaro Obregón                                                                                                ,0031,19,,RMFERNANDEZT@ABC.HOSPITAL.COM,,Fijo,19.39928838,-99.20434141,2010-07
1052163,09010622112000097000000000U7,UMAE HOSP GINECO OBSTETRICIA 4 LUIS CASTELAZO AYALA,EL GOBIERNO ,622112,Hospitales generales del sector público,251 y más personas,EJE VIAL,10 SUR RIO MAGDALENA,CALLE,RAMON CORONA,CALLE,MELCHOR OCAMPO,CALLE,CUAUHTEMOC,289.0,,,,,SN,COLONIA,TIZAPAN SAN ANGEL,,,,1090.0,9,Ciudad de México,10,Álvaro Obregón,1,Álvaro Obregón                                                                                                ,1241,5,,EDGAR.ORTIZF@IMSS.GOB.MX,,Fijo,19.33658811,-99.19978939,2010-07
8947701,09002624412000246000000000U9,UMAE HOSPITAL DE ESPECIALIDADES DEL CENTRO MEDICO LA RAZA UNIDAD MEDICO DE ALTA ESPECIALIDAD DR. ANTONIO FRAGA MOURET,INSTITUTO MEXICANO DEL SEGURO SOCIAL ,622312,Hospitales del sector público de otras especialidades médicas,251 y más personas,CALLE,SERIS,AVENIDA,ANTONIO VALERIANO,CIRCUITO,INTERIOR (PASEO DE LAS JACARANDAS),EJE VIAL,1 PONIENTE (CALZADA VALLEJO),,SN,,,,ESP,COLONIA,LA RAZA,,,,2990.0,9,Ciudad de México,2,Azcapotzalco,1,Azcapotzalco                                                                                                  ,0788,28,,,,Fijo,19.4665813,-99.14580594,2019-11
846506,09002622312000025001000000U1,UMAE HOSPITAL DE GINECO OBSTETRICIA NO 3 DEL CENTRO MEDICO NACIONAL LA RAZA DR VICTOR MANUEL ESPINOSA DE LOS REYES SANCHEZ,INSTITUTO MEXICANO DEL SEGURO SOCIAL ,622312,Hospitales del sector público de otras especialidades médicas,251 y más personas,AVENIDA,ANTONIO VALERIANO,EJE VIAL,1 PONIENTE (CALZADA VALLEJO),CALLE,SERIS,CIRCUITO,INTERIOR (PASEO DE LAS JACARANDAS),0.0,SN,,,,GO3,COLONIA,LA RAZA,,,,2990.0,9,Ciudad de México,2,Azcapotzalco,1,Azcapotzalco                                                                                                  ,0788,28,5583663797.0,ALEJANDRO.RAMIREZC@IMSS.GOB.MX,,Fijo,19.46715597,-99.14400684,2010-07
846505,09002622312000035000000000U0,UMAE HOSPITAL DE INFECTOLOGIA DEL CENTRO MEDICO NACIONAL LA RAZA DR. DANIEL MENDEZ HERNANDEZ,INSTITUTO MEXICANO DEL SEGURO SOCIAL ,622312,Hospitales del sector público de otras especialidades médicas,251 y más personas,CIRCUITO,INTERIOR PASEO DE LAS JACARANDAS,EJE VIAL,1 PONIENTE (CALZADA VALLEJO),CALLE,SERIS,AVENIDA,ANTONIO VALERIANO,0.0,SN,,,0.0,INF,COLONIA,LA RAZA,,,,2990.0,9,Ciudad de México,2,Azcapotzalco,1,Azcapotzalco                                                                                                  ,0788,28,,,WWW.IMSS.GOB.MX,Fijo,19.46466467,-99.14493948,2010-07
1060143,09015622112000367000063176S3,UMAE HOSPITAL DE ONCOLOGIA IMSS,IMSS ,622112,Hospitales generales del sector público,251 y más personas,EJE VIAL,3 SUR DOCTOR IGNACIO MORONES PRIETO,CALLE,DOCTOR MIGUEL FRANCISCO JIMENEZ,EJE VIAL,1 PONIENTE (AVENIDA CUAUHTEMOC),CALLE,DOCTOR MARQUEZ,,SN,,,,,COLONIA,DOCTORES,,,,6720.0,9,Ciudad de México,15,Cuauhtémoc,1,Cuauhtémoc                                                                                                    ,1229,1,,OMAR.MARTINEZ@IMSS.GOB.MX,,Fijo,19.40675242,-99.15268629,2010-07
846504,09002622112000117000000000U0,UMAE HOSPITAL GENERAL DEL CENTRO MEDICO LA RAZA DR. GAUDENCIO GONZALEZ GARZA,INSTITUTO MEXICANO DEL SEGURO SOCIAL ,622112,Hospitales generales del sector público,251 y más personas,CIRCUITO,INTERIOR PASEO DE LAS JACARANDAS,EJE VIAL,1 PONIENTE (CALZADA VALLEJO),CALLE,SERIS,AVENIDA,ANTONIO VALERIANO,0.0,SN,,,0.0,0,COLONIA,LA RAZA,,,,2990.0,9,Ciudad de México,2,Azcapotzalco,1,Azcapotzalco                                                                                                  ,0788,28,,,WWW.IMSS.GOB.MX,Fijo,19.46482283,-99.14443764,2010-07
10047743,09005622112000327000000000U8,UNIDAD DE ATENCION MEDICA TEMPORAL COVID LA PASTORA,SECRETARIA DE SALUD DE LA CIUDAD DE MEXICO ,622112,Hospitales generales del sector público,251 y más personas,AVENIDA,FERROCARRIL DE VERACRUZ,CALLE,TLAXOCONCAHUATL,CALLE,MOCTEZUMA,CALLE,CHIMALPOPOCA,0.0,SN,,,,,COLONIA,LA PASTORA,,,,7290.0,9,Ciudad de México,5,Gustavo A. Madero,1,Gustavo A. Madero                                                                                             ,0332,22,,SUBDIRECCION.ADM.UTCLP@GMAIL.COM,,Fijo,19.52391414,-99.14019888,2024-11
9010484,09005622311000343000000000U3,UNIDAD DE MASTOLOGIA DE ALTA ESPECIALIDAD LINDAVISTA,ROCIO CASTELAZO RICO SA DE CV,622311,Hospitales del sector privado de otras especialidades médicas,11 a 30 personas,CALLE,RIOBAMBA,CALLE,BUENAVISTA,EJE VIAL,5 NORTE (MONTEVIDEO),CALLE,PERNAMBUCO,747.0,,,,,,COLONIA,LINDAVISTA,,,,7300.0,9,Ciudad de México,5,Gustavo A. Madero,1,Gustavo A. Madero                                                                                             ,0968,13,,UMAELFACTURACION@GMAIL.COM,,Fijo,19.48981909,-99.12770697,2019-11
782888,09005622112000126000000000U4,UNIDAD DE MEDICINA FAMILIAR 11 PERALVILLO,INSTITUTO DEL SEGURO SOCIAL GOBIERNO FEDERAL ,622112,Hospitales generales del sector público,251 y más personas,CALLE,CARUSO,CALLE,LEON CAVALLO,CALLE,SCHUMANN,CALLE,TETRAZZINI,302.0,,,,,,COLONIA,VALLEJO,,,,7870.0,9,Ciudad de México,5,Gustavo A. Madero,1,Gustavo A. Madero                                                                                             ,1754,18,,,WWW.IMSS.GOB,Fijo,19.46846322,-99.12986728,2010-07
811251,09007622112000187000000000U2,UNIDAD DE MEDICINA FAMILIAR 31,UNIDAD DE MEDICINA FAMILIAR 31 ,622112,Hospitales generales del sector público,251 y más personas,EJE VIAL,8 SUR CALZADA ERMITA IZTAPALAPA,PRIVADA,PRIMERO DE MAYO,CALLE,FUNDICION,CALLE,CAMINO REAL A SAN LORENZO,1771.0,,,,0.0,,COLONIA,8VA AMPLIACION SAN MIGUEL,,,,9837.0,9,Ciudad de México,7,Iztapalapa,1,Iztapalapa                                                                                                    ,497A,7,,,,Fijo,19.35179745,-99.07711616,2010-07
905896,09003622112000011001000000U3,UNIDAD DE MEDICINA FAMILIAR INTEGRACION LATINOAMERICANA,UNIDAD DE MEDICINA FAMILIA INTREGRACION LATINOAMERICANA ,622112,Hospitales generales del sector público,11 a 30 personas,OTRO(ESPECIFIQUE),MANZANA O EDIFICACION CONTIGUA,OTRO(ESPECIFIQUE),MANZANA O EDIFICACION CONTIGUA,OTRO(ESPECIFIQUE),MANZANA O EDIFICACION CONTIGUA,OTRO(ESPECIFIQUE),MANZANA O EDIFICACION CONTIGUA,2014.0,,MEXICO EDIFICIO,PLANTA BAJA,,,CONDOMINIO,MEXICO,EDIFICIO COMERCIAL Y DE SERVICIOS,MEXICO EDIFICIO,,4350.0,9,Ciudad de México,3,Coyoacán,1,Coyoacán                                                                                                      ,0412,3,5555549013.0,,,Fijo,19.3374436,-99.17862527,2010-07
1051031,09008622112000077000063176S3,UNIDAD DE MEDICINA FAMILIAR N. 22,IMSS ,622112,Hospitales generales del sector público,251 y más personas,CALLE,RIO CHICO,CALLE,SAN RAMON,AVENIDA,PINOS,CALLE,RIO CHICO,0.0,SN,,,0.0,SN,COLONIA,SAN JERONIMO LIDICE,,,,10200.0,9,Ciudad de México,8,La Magdalena Contreras,1,La Magdalena Contreras                                                                                        ,0086,7,,ISABEL.LIMA@IMSS.GOB.MX,WWW.IMSS.COM.MX,Fijo,19.33123731,-99.21789327,2010-07
780522,09005622112000157000063176S9,UNIDAD DE MEDICINA FAMILIAR NO 41,IMSS ,622112,Hospitales generales del sector público,251 y más personas,CALLE,RIOBAMBA,CALLE,LICENCIADO JOSE URBANO FONSECA,EJE VIAL,4 NORTE (AVENIDA FORTUNA),AVENIDA,INSTITUTO POLITECNICO NACIONAL,,SN,,,,,COLONIA,CALPULTITLAN,,,,7370.0,9,Ciudad de México,5,Gustavo A. Madero,1,Gustavo A. Madero                                                                                             ,1256,10,5557473500.0,,WWW.IMSS.COM.MX,Fijo,19.48315455,-99.13149381,2010-07
811114,09007622112000146000000000U8,UNIDAD DE MEDICINA FAMILIAR NUMERO 43,INSTITUTO MEXICANO DEL SEGURO SOCIAL ,622112,Hospitales generales del sector público,251 y más personas,EJE VIAL,8 SUR CALZADA ERMITA IZTAPALAPA,CALLE,FRANCISCO SARABIA,CALLE,SAN LORENZO,CALLE,CAMINO REAL A SAN LORENZO,1515.0,,,,,,COLONIA,EL MANTO,,,,9830.0,9,Ciudad de México,7,Iztapalapa,1,Iztapalapa                                                                                                    ,255A,30,,MONICA.LOPEZV@IMSS.GOB.MX,,Fijo,19.3554643,-99.08509612,2010-07
979185,09004622112000057000000000U4,UNIDAD DE MEDICINA FAMILIAR UMF 42,INSTITUTO MEXICANO DEL SEGURO SOCIAL ,622112,Hospitales generales del sector público,101 a 250 personas,CALLE,JESUS DEL MONTE,CALLE,ADOLFO LOPEZ MATEOS,CALLE,MONTE ALTO,CALLE,SEGUNDA CERRADA ADOLFO LOPEZ MATEOS,,SN,,,,,COLONIA,ADOLFO LOPEZ MATEOS,,,,5280.0,9,Ciudad de México,4,Cuajimalpa de Morelos,1,Cuajimalpa de Morelos                                                                                         ,0301,36,,,,Fijo,19.36543798,-99.29276503,2010-07
726537,09007622112000257000000000U3,UNIDAD DE MEDICINA FAMILIAR UNIDAD MEDICA DE ATENCION AMBULATORIA NO 162,INSTITUTO MEXICANO DEL SEGURO SOCIAL ,622112,Hospitales generales del sector público,251 y más personas,PRIVADA,NINGUNO,AVENIDA,ZACATLAN,AVENIDA,PROVIDENCIA,AVENIDA,4,5662.0,,,,,,COLONIA,LOS OLIVOS,,,,13210.0,9,Ciudad de México,7,Iztapalapa,1,Iztapalapa                                                                                                    ,2121,1,,,,Fijo,19.30653267,-99.05946604,2014-12
8126626,09007622112000304000000000U3,UNIDAD MEDICA CEVARESO SANTA MARTHA ACATITLA,SECRETARIA DE SALUD DE LA CIUDAD DE MEXICO ,622112,Hospitales generales del sector público,31 a 50 personas,AVENIDA,MORELOS,OTRO(ESPECIFIQUE),MANZANA O EDIFICACION CONTIGUA,AVENIDA,ZACATEPEC,PRIVADA,NINGUNO,0.0,SN,,,,,COLONIA,SANTA MARTHA ACATITLA,,,,9560.0,9,Ciudad de México,7,Iztapalapa,1,Iztapalapa                                                                                                    ,1123,1,,ARTURO.SALUD@HOTMAIL.COM,,Fijo,19.35685899,-99.01528153,2019-11
1060132,09015622112000357000063176S4,UNIDAD MEDICA DE ALTA ESPECIALIDAD HOSPITAL DE PEDIATRIA CENTRO MEDICO SIGL,IMSS ,622112,Hospitales generales del sector público,251 y más personas,EJE VIAL,3 SUR DOCTOR IGNACIO MORONES PRIETO,CALLE,DOCTOR MIGUEL FRANCISCO JIMENEZ,EJE VIAL,1 PONIENTE (AVENIDA CUAUHTEMOC),CALLE,DOCTOR MARQUEZ,0.0,SN,,,0.0,,COLONIA,DOCTORES,,,,6720.0,9,Ciudad de México,15,Cuauhtémoc,1,Cuauhtémoc                                                                                                    ,1229,1,,,,Fijo,19.406703,-99.15334652,2010-07
780528,09005622312000037010000000U9,UNIDAD MEDICA DE ALTA ESPECIALIDAD HOSPITAL DE TRAUMATOLOGIA DR VICTORIO DE LA FUENTE NARVAEZ,INSTITUTO MEXICANO DEL SEGURO SOCIAL ,622112,Hospitales generales del sector público,251 y más personas,EJE VIAL,4 NORTE AVENIDA FORTUNA,AVENIDA,INSTITUTO POLITECNICO NACIONAL,AVENIDA,HOSPITAL JUAREZ (NORTE 1-C),CALLE,LICENCIADO JOSE URBANO FONSECA,0.0,SN,,,0.0,,COLONIA,MAGDALENA DE LAS SALINAS,,,,7760.0,9,Ciudad de México,5,Gustavo A. Madero,1,Gustavo A. Madero                                                                                             ,1256,2,,,WWW.IMSS.GOB.MX,Fijo,19.4851625,-99.13681535,2010-07
11323238,09012622112000263000000000U1,UNIDAD MEDICA DE ATENCION PREHOSPITALARIA TLALPAN,CAPUFE ,622112,Hospitales generales del sector público,11 a 30 personas,CARRETERA,LOCALIDAD 800,OTRO(ESPECIFIQUE),NINGUNO,OTRO(ESPECIFIQUE),NINGUNO,OTRO(ESPECIFIQUE),NINGUNO,,DOMICILIO CONOCIDO,,,,,PUEBLO,SAN MIGUEL TOPILEJO,,,,14500.0,9,Ciudad de México,12,Tlalpan,130,Kilómetro 36.5 (El Crucero)                                                                                   ,1250,800,,,,Fijo,19.15452105,-99.16295015,2024-11
912539,09012622112000242001000000U5,UNIDAD MEDICA DE LA COMUNIDAD DE TRATAMIENTO ESPECIALIZADO PARA ADOLESCENTES,SECRETARIA DE SALUD DE LA CIUDAD DE MEXICO ,622112,Hospitales generales del sector público,11 a 30 personas,AVENIDA,SAN FERNANDO,CALLE,BENITO JUAREZ,CALLE,FUENTES BROTANTES,CALLE,IGNACIO ALLENDE,1.0,,,,,,COLONIA,TLALPAN CENTRO,,,,14000.0,9,Ciudad de México,12,Tlalpan,1,Tlalpan                                                                                                       ,038A,7,,,,Fijo,19.29233224,-99.1678832,2014-12
9009947,09007622112000285000000000U4,UNIDAD MEDICA DEL RECLUSORIO PREVENTIDO VARONIL ORIENTE,SECRETARIA DE SALUD DE LA CIUDAD DE MEXICO ,622112,Hospitales generales del sector público,51 a 100 personas,CALLE,AVENIDA REFORMA,CALLE,REFORMA,AVENIDA,REFORMA,CALLE,RIO NILO,100.0,,,,0.0,,COLONIA,LOMAS DE SAN LORENZO,,,,9780.0,9,Ciudad de México,7,Iztapalapa,1,Iztapalapa                                                                                                    ,1994,1,,UM.RPVO@GMAIL.COM,,Fijo,19.32110343,-99.0688066,2019-11
11657300,09006621112000097000000000U6,UNIDAD MEDICA FAMILIAR 21 IMSS,INSTITUTO MEXICANO DEL SEGURO SOCIAL ,622112,Hospitales generales del sector público,251 y más personas,EJE VIAL,4 SUR PRESIDENTE PLUTARCO ELIAS CALLES,CALLE,CORREGIDORA,CALLE,PRIMERO DE MAYO,CALLE,ALVARO OBREGON,0.0,SN,,,,,COLONIA,SANTA ANITA,,,,8300.0,9,Ciudad de México,6,Iztacalco,1,Iztacalco                                                                                                     ,026A,7,,,,Fijo,19.3983593,-99.11733681,2024-11
773565,09007622112000072001000000U6,UNIDAD MEDICA LA COLMENA,GOBIERNO  ,622112,Hospitales generales del sector público,6 a 10 personas,CALLE,SALVADOR CARRANCO,CALLE,CORONEL EVODIO A.,AVENIDA,SENTIMIENTOS DE LA NACION,ANDADOR,BOMBERO LONGINO MAYA,,SN,,,,,UNIDAD HABITACIONAL,LA COLMENA,,,,9170.0,9,Ciudad de México,7,Iztapalapa,1,Iztapalapa                                                                                                    ,369A,8,,,,Fijo,19.37094911,-98.99879834,2010-07
9136152,09014622111000301000000000U7,UNIDAD MEDICA SAGRADO CORAZON,,622111,Hospitales generales del sector privado,0 a 5 personas,CALZADA,CALZADA DE TLALPAN,EJE VIAL,5 SUR (PRIMERO DE MAYO),CALLE,DON JUAN,CALLE,LUISA,1008.0,,,,0.0,,COLONIA,NATIVITAS,,,,3500.0,9,Ciudad de México,14,Benito Juárez,1,Benito Juárez                                                                                                 ,0524,22,5518258738.0,,,Fijo,19.38183453,-99.13957761,2019-11
781770,09005622311000081011000000U9,UNIDAD MEDICA SAN JUAN,,622111,Hospitales generales del sector privado,0 a 5 personas,CALLE,BUEN TONO,AVENIDA,LA FORTUNA,CALLE,RICARTE,CALLE,LA CAROLINA,386.0,,,,0.0,,COLONIA,TEPEYAC INSURGENTES,,,,7020.0,9,Ciudad de México,5,Gustavo A. Madero,1,Gustavo A. Madero                                                                                             ,142A,4,,RISLASP@GMAIL.COM,,Fijo,19.48184659,-99.12356558,2010-07
9859494,09006622111000061000000000U3,UNIDAD MEDICA SANTA TERESA,,622111,Hospitales generales del sector privado,0 a 5 personas,CALLE,SUR 24,CALLE,ORIENTE 245,CALLE,ORIENTE 245-A,CALLE,SUR 26,107.0,,,,,,COLONIA,AGRICOLA ORIENTAL,,,,8500.0,9,Ciudad de México,6,Iztacalco,1,Iztacalco                                                                                                     ,0522,8,5523325831.0,,,Fijo,19.38795302,-99.07216982,2024-11
1031200,09015622112000256000000000U8,UNIDAD MEDICO QUIRURGICA JUAREZ DEL CENTRO,UNIDAD MEDICO QUIRURGICA JUAREZ DEL CENTRO ,622112,Hospitales generales del sector público,251 y más personas,CALLE,JESUS MARIA,AVENIDA,FRAY SERVANDO TERESA DE MIER,AVENIDA,SAN PABLO,CALLE,ESCUELA MEDICO MILITAR,0.0,SN,,,,,COLONIA,CENTRO,,,,6010.0,9,Ciudad de México,15,Cuauhtémoc,1,Cuauhtémoc                                                                                                    ,0979,1,,DIRECCION.HJC@SALUD.GOB.MX,WWW.HJC.SALUD.GOB.MX,Fijo,19.42477797,-99.12906093,2014-12
11699416,09005622111000342000000000U9,UNIDADES MEDICAS DE LA MUJER,,622111,Hospitales generales del sector privado,6 a 10 personas,CIRCUITO,INTERIOR AVENIDA RIO CONSULADO,CALLE,JUAN SEBASTIAN BACH,CALLE,PUCCINI,CALLE,MENDELSSOHN,1448.0,,,,,,COLONIA,VALLEJO,,,,7870.0,9,Ciudad de México,5,Gustavo A. Madero,1,Gustavo A. Madero                                                                                             ,174A,13,5544443353.0,ADMII.UMM@GMAIL.COM,,Fijo,19.46521359,-99.13563034,2024-11
740683,09005622111000244000000000U7,UR CREA MEDICINA REPRODUCTIVA,,622111,Hospitales generales del sector privado,11 a 30 personas,CALLE,MANAGUA,AVENIDA,INSTITUTO POLITECNICO NACIONAL,CALLE,BUENAVISTA,CALLE,MANIZALES,730.0,,,,0.0,,COLONIA,LINDAVISTA,,,,7300.0,9,Ciudad de México,5,Gustavo A. Madero,1,Gustavo A. Madero                                                                                             ,0953,19,5557521234.0,,,Fijo,19.49227569,-99.13209716,2010-07
6258329,09015622311000604001000000U7,URO CLINIC,URO CLINIC SA DE CV,622311,Hospitales del sector privado de otras especialidades médicas,11 a 30 personas,CALLE,COLIMA,CALLE,GUADALAJARA,AVENIDA,SONORA,CALLE,PARQUE ESPAÑA,408.0,,,,0.0,,COLONIA,ROMA NORTE,,,,6700.0,9,Ciudad de México,15,Cuauhtémoc,1,Cuauhtémoc                                                                                                    ,1182,14,,UROCLINIC@PRODIGY.NET.MX,,Fijo,19.41715063,-99.17158171,2010-07
